name,monthly_income,monthly_card_spending,current_card,card_benefit_usage_rate,residence,age_group,occupation,age,gender,expense_ratio_food,expense_ratio_transport,expense_ratio_shopping,expense_ratio_subscription,expense_ratio_others
1,1958496,1275000,토스카드,42.0,서울 송파구,30,마케팅,33,남,36.0,32.0,1.0,6.0,25.0
2,1937406,916000,우리 Young카드,50.0,서울 송파구,30,마케팅,35,여,19.0,0.0,30.0,20.0,31.0
3,2694409,659000,씨티 Premier카드,51.0,서울 관악구,30,생산직,34,여,5.0,25.0,4.0,26.0,40.0
4,1913063,2140000,우리 Young카드,44.0,세종,30,컨설턴트,34,여,65.0,11.0,12.0,5.0,7.0
5,2806317,900000,토스카드,75.0,광주 서구,20,마케팅,20,남,20.0,28.0,12.0,15.0,25.0
6,2214439,1186000,롯데 DC카드,42.0,서울 관악구,20,영업,29,남,4.0,23.0,24.0,43.0,6.0
7,2292797,787000,이마트 KB카드,66.0,부산 해운대구,20,연구원,21,남,17.0,17.0,10.0,40.0,16.0
8,2360813,952000,NH 농협카드,49.0,경기 성남시,30,연구원,39,여,25.0,46.0,7.0,1.0,21.0
9,2886423,783000,NH 농협카드,60.0,대전 유성구,30,서비스직,37,여,28.0,3.0,26.0,32.0,11.0
10,2641579,1199000,현대 ZERO카드,74.0,경기 고양시,20,컨설턴트,22,여,36.0,28.0,2.0,10.0,24.0
11,3234538,1344000,이마트 KB카드,64.0,경기 고양시,30,개발자,35,남,7.0,11.0,41.0,5.0,36.0
12,2782394,1288000,이마트 KB카드,72.0,서울 성동구,30,프리랜서,33,여,41.0,3.0,2.0,15.0,39.0
13,2393955,717000,하나 Simple카드,57.0,부산 해운대구,30,연구원,39,여,3.0,17.0,2.0,31.0,47.0
14,3379542,1517000,KB 혜담카드,68.0,서울 송파구,30,영업,35,남,11.0,13.0,12.0,47.0,17.0
15,2763485,1913000,씨티 Premier카드,76.0,서울 노원구,30,서비스직,32,남,45.0,22.0,3.0,25.0,5.0
16,3001562,929000,현대 ZERO카드,51.0,경기 성남시,30,연구원,32,남,1.0,5.0,37.0,40.0,17.0
17,2112678,576000,KB 혜담카드,63.0,대전 유성구,20,마케팅,28,남,33.0,4.0,31.0,3.0,29.0
18,2271390,1351000,롯데 DC카드,44.0,서울 서초구,30,생산직,31,여,3.0,19.0,28.0,14.0,36.0
19,1905444,1132000,롯데 DC카드,76.0,부산 해운대구,20,연구원,25,남,13.0,2.0,15.0,35.0,35.0
20,2483845,2089000,이마트 KB카드,55.0,대전 유성구,20,공무원,27,남,4.0,11.0,9.0,44.0,32.0
21,2905302,1097000,롯데 DC카드,66.0,서울 동작구,20,개발자,28,여,50.0,1.0,33.0,3.0,13.0
22,3819771,2182000,하나 Simple카드,47.0,대전 유성구,30,컨설턴트,37,남,8.0,14.0,26.0,13.0,39.0
23,1621717,1427000,이마트 KB카드,72.0,울산 남구,20,디자이너,29,남,16.0,10.0,34.0,29.0,11.0
24,3902442,2615000,NH 농협카드,85.0,서울 강동구,30,공무원,30,남,43.0,21.0,16.0,4.0,16.0
25,2777289,852000,우리 Young카드,43.0,서울 성동구,30,기획,30,남,7.0,15.0,71.0,2.0,5.0
26,2550366,1039000,우리 Young카드,68.0,광주 서구,20,기획,20,여,5.0,15.0,8.0,11.0,61.0
27,1796892,1527000,씨티 Premier카드,43.0,서울 용산구,20,컨설턴트,26,남,12.0,19.0,34.0,12.0,23.0
28,2320989,1498000,네이버페이 현대,43.0,경기 고양시,20,연구원,22,여,29.0,6.0,1.0,27.0,37.0
29,2406861,1124000,카카오뱅크 체크,59.0,울산 남구,20,연구원,28,여,23.0,28.0,3.0,22.0,24.0
30,1960776,1602000,KB 혜담카드,52.0,세종,30,대학생,39,남,45.0,24.0,4.0,26.0,1.0
31,2804133,1122000,하나 Simple카드,58.0,인천 남동구,30,생산직,31,여,17.0,0.0,41.0,10.0,32.0
32,2922967,518000,우리 Young카드,72.0,경기 고양시,20,간호사,28,남,26.0,25.0,7.0,32.0,10.0
33,2162676,1339000,롯데 DC카드,69.0,서울 강남구,20,회계,28,남,13.0,39.0,8.0,22.0,18.0
34,2930084,1192000,씨티 Premier카드,68.0,서울 노원구,20,회계,28,여,9.0,40.0,30.0,16.0,5.0
35,2405153,1649000,IBK 두드림카드,47.0,경기 성남시,30,데이터분석가,36,여,4.0,8.0,37.0,34.0,17.0
36,2924792,1102000,네이버페이 현대,46.0,서울 노원구,30,프리랜서,34,여,10.0,44.0,13.0,2.0,31.0
37,1447001,1519000,우리 Young카드,52.0,경기 고양시,30,디자이너,32,남,7.0,12.0,42.0,33.0,6.0
38,4693144,1727000,삼성 taptap카드,73.0,울산 남구,30,디자이너,32,남,19.0,1.0,61.0,16.0,3.0
39,2997729,2155000,신한 Deep카드,82.0,경기 성남시,20,데이터분석가,29,여,4.0,43.0,47.0,5.0,1.0
40,2107687,1526000,하나 Simple카드,71.0,서울 관악구,20,회계,27,남,1.0,3.0,54.0,0.0,42.0
41,1263955,514000,하나 Simple카드,63.0,서울 관악구,20,간호사,26,남,19.0,5.0,25.0,0.0,51.0
42,3201619,681000,이마트 KB카드,42.0,서울 성동구,30,데이터분석가,34,남,21.0,2.0,52.0,16.0,9.0
43,1989252,1369000,카카오뱅크 체크,62.0,인천 남동구,30,디자이너,31,남,2.0,5.0,49.0,38.0,6.0
44,2472426,833000,이마트 KB카드,83.0,서울 강동구,20,대학생,24,여,27.0,12.0,10.0,24.0,27.0
45,2455782,1664000,NH 농협카드,79.0,경기 수원시,20,회계,23,남,35.0,61.0,0.0,3.0,1.0
46,2029298,1135000,하나 Simple카드,58.0,광주 서구,30,프리랜서,37,여,14.0,28.0,13.0,27.0,18.0
47,2810483,912000,하나 Simple카드,77.0,대전 유성구,20,연구원,22,남,1.0,12.0,37.0,10.0,40.0
48,2902787,1375000,롯데 DC카드,48.0,울산 남구,30,대학생,36,여,16.0,21.0,45.0,7.0,11.0
49,2987911,1425000,삼성 taptap카드,84.0,대구 수성구,30,공무원,35,여,42.0,19.0,2.0,13.0,24.0
50,3006200,944000,이마트 KB카드,48.0,경기 수원시,30,기획,30,남,38.0,21.0,6.0,10.0,25.0
51,1542237,1573000,롯데 DC카드,80.0,인천 남동구,20,디자이너,26,여,20.0,2.0,4.0,63.0,11.0
52,2738936,570000,씨티 Premier카드,51.0,세종,20,연구원,29,여,6.0,3.0,16.0,0.0,75.0
53,2114814,838000,롯데 DC카드,85.0,서울 동작구,20,디자이너,21,여,31.0,21.0,29.0,9.0,10.0
54,1555109,1444000,NH 농협카드,68.0,인천 남동구,20,회계,24,여,24.0,3.0,15.0,2.0,56.0
55,2926019,1077000,토스카드,73.0,부산 해운대구,20,연구원,25,여,9.0,41.0,23.0,25.0,2.0
56,3299703,1705000,토스카드,53.0,대구 수성구,20,서비스직,25,여,17.0,25.0,16.0,29.0,13.0
57,2229375,1223000,SSG 랜더스카드,73.0,서울 강남구,20,회계,29,남,9.0,10.0,51.0,6.0,24.0
58,3329560,1792000,현대 ZERO카드,80.0,서울 관악구,20,데이터분석가,23,남,9.0,19.0,1.0,51.0,20.0
59,2295657,703000,삼성 taptap카드,58.0,서울 강동구,20,영업,22,남,10.0,8.0,10.0,69.0,3.0
60,2059772,2082000,롯데 DC카드,50.0,서울 용산구,20,마케팅,28,남,35.0,8.0,8.0,42.0,7.0
61,2558679,505000,네이버페이 현대,59.0,서울 마포구,30,마케팅,33,남,34.0,1.0,26.0,25.0,14.0
62,3068541,1214000,NH 농협카드,69.0,서울 동작구,20,서비스직,25,남,16.0,56.0,15.0,4.0,9.0
63,1859928,984000,IBK 두드림카드,60.0,서울 송파구,20,영업,28,여,4.0,1.0,29.0,52.0,14.0
64,3514688,1023000,SSG 랜더스카드,76.0,서울 관악구,30,영업,31,남,21.0,8.0,2.0,26.0,43.0
65,1970418,1479000,KB 혜담카드,62.0,대전 유성구,20,생산직,23,남,62.0,11.0,10.0,12.0,5.0
66,2019846,1035000,현대 ZERO카드,84.0,경기 고양시,20,대학생,22,여,24.0,17.0,16.0,16.0,27.0
67,2765124,1199000,신한 Deep카드,70.0,서울 마포구,20,영업,26,남,0.0,31.0,15.0,47.0,7.0
68,2059981,1977000,SSG 랜더스카드,78.0,울산 남구,20,데이터분석가,29,여,54.0,12.0,13.0,8.0,13.0
69,2047602,1979000,NH 농협카드,70.0,광주 서구,20,컨설턴트,27,남,13.0,6.0,10.0,38.0,33.0
70,2816402,1068000,토스카드,60.0,부산 해운대구,20,회계,24,여,12.0,46.0,9.0,22.0,11.0
71,3298698,1343000,네이버페이 현대,48.0,서울 강동구,30,데이터분석가,31,여,41.0,6.0,39.0,5.0,9.0
72,3451282,1691000,네이버페이 현대,67.0,세종,30,간호사,34,남,8.0,14.0,37.0,15.0,26.0
73,1922615,1138000,우리 Young카드,62.0,서울 동작구,20,대학생,29,남,21.0,7.0,14.0,10.0,48.0
74,1994695,1430000,카카오뱅크 체크,75.0,서울 서초구,20,프리랜서,24,여,8.0,3.0,83.0,4.0,2.0
75,2539957,1740000,토스카드,65.0,서울 성동구,30,간호사,33,여,25.0,21.0,6.0,2.0,46.0
76,2410465,1193000,씨티 Premier카드,76.0,서울 송파구,20,생산직,26,여,1.0,15.0,56.0,28.0,0.0
77,1756067,617000,씨티 Premier카드,59.0,경기 고양시,20,프리랜서,23,여,21.0,0.0,3.0,17.0,59.0
78,2611518,1368000,네이버페이 현대,48.0,서울 동작구,20,간호사,24,남,19.0,11.0,39.0,26.0,5.0
79,2292756,1006000,신한 Deep카드,47.0,서울 노원구,20,컨설턴트,28,남,52.0,13.0,18.0,4.0,13.0
80,1799004,1310000,하나 Simple카드,73.0,서울 동작구,30,컨설턴트,32,남,13.0,46.0,15.0,21.0,5.0
81,1785536,1538000,네이버페이 현대,50.0,인천 남동구,20,생산직,28,여,15.0,22.0,9.0,46.0,8.0
82,1997935,810000,SSG 랜더스카드,42.0,대구 수성구,20,영업,28,여,21.0,70.0,1.0,1.0,7.0
83,2948999,1346000,하나 Simple카드,79.0,인천 남동구,30,생산직,32,남,17.0,9.0,0.0,42.0,32.0
84,3194639,797000,삼성 taptap카드,71.0,울산 남구,20,회계,28,남,30.0,63.0,3.0,2.0,2.0
85,3166719,1771000,신한 Deep카드,43.0,세종,30,연구원,36,남,4.0,12.0,62.0,7.0,15.0
86,1829614,1202000,씨티 Premier카드,47.0,서울 강남구,20,프리랜서,26,남,43.0,41.0,9.0,4.0,3.0
87,2610315,932000,롯데 DC카드,50.0,대구 수성구,30,데이터분석가,31,여,3.0,55.0,14.0,20.0,8.0
88,2073956,2081000,토스카드,52.0,서울 관악구,20,생산직,27,여,9.0,7.0,24.0,22.0,38.0
89,2662379,1773000,SSG 랜더스카드,61.0,대구 수성구,30,영업,33,여,27.0,3.0,40.0,16.0,14.0
90,2540283,1233000,토스카드,70.0,대구 수성구,20,데이터분석가,25,남,12.0,1.0,33.0,32.0,22.0
91,3846461,575000,네이버페이 현대,85.0,울산 남구,30,영업,39,남,17.0,46.0,31.0,0.0,6.0
92,2237856,1624000,네이버페이 현대,45.0,서울 노원구,20,회계,28,여,16.0,36.0,10.0,12.0,26.0
93,3319480,954000,IBK 두드림카드,64.0,대구 수성구,30,기획,33,여,1.0,23.0,6.0,53.0,17.0
94,2954011,846000,SSG 랜더스카드,55.0,대구 수성구,30,기획,34,여,10.0,44.0,4.0,12.0,30.0
95,1896280,994000,하나 Simple카드,44.0,서울 송파구,20,데이터분석가,28,여,60.0,15.0,9.0,6.0,10.0
96,4546898,1140000,우리 Young카드,65.0,경기 성남시,30,공무원,34,남,10.0,23.0,11.0,42.0,14.0
97,2663497,1298000,우리 Young카드,49.0,경기 고양시,30,데이터분석가,30,여,55.0,11.0,5.0,25.0,4.0
98,1832437,865000,씨티 Premier카드,85.0,세종,20,공무원,27,남,2.0,31.0,51.0,14.0,2.0
99,3076456,1473000,카카오뱅크 체크,70.0,서울 성동구,20,기획,22,남,6.0,44.0,32.0,16.0,2.0
100,3288888,1854000,현대 ZERO카드,68.0,경기 고양시,20,연구원,27,남,11.0,15.0,26.0,12.0,36.0
101,2233487,1000000,신한 Deep카드,79.0,서울 강남구,20,영업,21,남,6.0,12.0,24.0,5.0,53.0
102,2248174,1369000,이마트 KB카드,55.0,서울 관악구,30,공무원,30,여,33.0,8.0,14.0,4.0,41.0
103,2879337,1236000,카카오뱅크 체크,57.0,부산 해운대구,30,간호사,36,남,13.0,52.0,11.0,12.0,12.0
104,2607365,1628000,NH 농협카드,59.0,경기 고양시,20,프리랜서,24,여,4.0,1.0,30.0,5.0,60.0
105,3138928,2105000,NH 농협카드,43.0,인천 남동구,30,생산직,39,여,22.0,11.0,27.0,12.0,28.0
106,2535243,1211000,우리 Young카드,48.0,부산 해운대구,20,서비스직,26,남,2.0,33.0,38.0,19.0,8.0
107,2300861,1756000,삼성 taptap카드,71.0,서울 관악구,20,공무원,21,남,6.0,21.0,6.0,2.0,65.0
108,3249005,1110000,하나 Simple카드,81.0,서울 용산구,30,연구원,31,여,15.0,34.0,18.0,29.0,4.0
109,2781014,1245000,네이버페이 현대,69.0,경기 고양시,30,서비스직,30,남,2.0,30.0,26.0,16.0,26.0
110,3721643,1743000,우리 Young카드,71.0,부산 해운대구,30,서비스직,39,남,8.0,38.0,17.0,25.0,12.0
111,2798356,1647000,씨티 Premier카드,72.0,서울 성동구,30,대학생,36,남,29.0,3.0,59.0,1.0,8.0
112,3301716,901000,토스카드,67.0,세종,30,공무원,39,남,12.0,19.0,32.0,8.0,29.0
113,2193218,1267000,카카오뱅크 체크,48.0,대전 유성구,20,데이터분석가,21,여,26.0,5.0,9.0,32.0,28.0
114,2222073,1116000,토스카드,62.0,서울 마포구,20,마케팅,26,여,74.0,5.0,12.0,1.0,8.0
115,2311306,1555000,NH 농협카드,82.0,서울 강동구,30,프리랜서,33,여,32.0,0.0,39.0,13.0,16.0
116,2922427,715000,네이버페이 현대,64.0,서울 마포구,20,마케팅,24,여,12.0,58.0,6.0,14.0,10.0
117,1883536,843000,SSG 랜더스카드,58.0,서울 강동구,20,공무원,29,여,10.0,7.0,5.0,5.0,73.0
118,2481837,1950000,카카오뱅크 체크,68.0,서울 성동구,30,데이터분석가,34,남,1.0,48.0,27.0,20.0,4.0
119,3560496,831000,씨티 Premier카드,61.0,서울 송파구,30,연구원,36,여,10.0,22.0,18.0,46.0,4.0
120,2738923,1424000,SSG 랜더스카드,62.0,서울 마포구,20,마케팅,28,여,23.0,11.0,20.0,34.0,12.0
121,1057443,780000,카카오뱅크 체크,52.0,경기 고양시,20,생산직,26,여,13.0,28.0,20.0,6.0,33.0
122,1967370,1516000,현대 ZERO카드,53.0,인천 남동구,20,데이터분석가,26,여,26.0,26.0,13.0,25.0,10.0
123,1344005,655000,IBK 두드림카드,62.0,서울 노원구,20,대학생,27,남,30.0,0.0,54.0,4.0,12.0
124,2334516,1712000,신한 Deep카드,65.0,경기 고양시,30,데이터분석가,33,남,12.0,14.0,8.0,50.0,16.0
125,1000000,1297000,카카오뱅크 체크,59.0,서울 동작구,20,대학생,28,남,21.0,16.0,18.0,34.0,11.0
126,2181505,1455000,NH 농협카드,40.0,서울 강동구,20,서비스직,27,남,9.0,2.0,20.0,7.0,62.0
127,1679029,1321000,토스카드,62.0,인천 남동구,20,컨설턴트,25,여,46.0,19.0,18.0,10.0,7.0
128,2529952,1415000,카카오뱅크 체크,61.0,울산 남구,30,영업,37,여,4.0,3.0,15.0,18.0,60.0
129,1437439,1380000,현대 ZERO카드,83.0,서울 관악구,20,간호사,25,남,5.0,61.0,9.0,23.0,2.0
130,2541455,1606000,NH 농협카드,78.0,광주 서구,30,기획,32,여,5.0,42.0,21.0,32.0,0.0
131,2042541,2030000,삼성 taptap카드,62.0,세종,20,데이터분석가,27,남,7.0,34.0,39.0,7.0,13.0
132,4051367,742000,하나 Simple카드,63.0,서울 마포구,30,디자이너,33,남,5.0,5.0,5.0,83.0,2.0
133,2955678,912000,하나 Simple카드,77.0,대전 유성구,20,연구원,22,남,1.0,12.0,37.0,10.0,40.0
134,2642672,1035000,현대 ZERO카드,84.0,경기 고양시,20,대학생,22,남,24.0,17.0,16.0,16.0,27.0
135,2336693,1600000,씨티 Premier카드,77.0,광주 서구,30,기획,32,여,7.0,44.0,7.0,7.0,35.0
136,4389766,1177000,하나 Simple카드,73.0,광주 서구,30,데이터분석가,36,남,7.0,21.0,3.0,27.0,42.0
137,1473482,1144000,씨티 Premier카드,82.0,부산 해운대구,20,마케팅,29,여,46.0,21.0,11.0,17.0,5.0
138,1798220,1229000,이마트 KB카드,66.0,서울 동작구,30,회계,34,여,11.0,13.0,32.0,44.0,0.0
139,2941351,1443000,이마트 KB카드,80.0,부산 해운대구,30,마케팅,30,남,14.0,4.0,23.0,41.0,18.0
140,3377019,2175000,이마트 KB카드,76.0,인천 남동구,20,프리랜서,23,여,40.0,21.0,4.0,30.0,5.0
141,2398830,814000,이마트 KB카드,45.0,서울 용산구,30,데이터분석가,34,여,4.0,11.0,11.0,59.0,15.0
142,2871728,1867000,신한 Deep카드,73.0,서울 마포구,30,대학생,30,남,49.0,6.0,4.0,19.0,22.0
143,1990662,1612000,NH 농협카드,80.0,서울 마포구,30,기획,39,남,11.0,12.0,69.0,5.0,3.0
144,2722964,1220000,신한 Deep카드,65.0,경기 고양시,20,생산직,21,남,24.0,22.0,6.0,43.0,5.0
145,3667223,1658000,신한 Deep카드,77.0,인천 남동구,30,마케팅,32,남,24.0,2.0,1.0,4.0,69.0
146,3552352,948000,KB 혜담카드,77.0,부산 해운대구,30,공무원,34,남,36.0,5.0,3.0,4.0,52.0
147,1935389,1739000,카카오뱅크 체크,65.0,서울 마포구,20,마케팅,24,여,9.0,18.0,47.0,12.0,14.0
148,2146646,2252000,현대 ZERO카드,69.0,대전 유성구,30,마케팅,35,여,47.0,9.0,10.0,12.0,22.0
149,1603438,971000,KB 혜담카드,85.0,서울 성동구,20,연구원,24,남,30.0,16.0,13.0,13.0,28.0
150,2291936,806000,KB 혜담카드,61.0,서울 송파구,20,간호사,28,남,7.0,51.0,13.0,23.0,6.0
151,1709796,1983000,씨티 Premier카드,45.0,경기 수원시,20,디자이너,29,여,47.0,7.0,26.0,15.0,5.0
152,2175808,1218000,신한 Deep카드,81.0,서울 성동구,30,생산직,31,남,3.0,60.0,3.0,0.0,34.0
153,2038154,2081000,토스카드,52.0,서울 관악구,20,생산직,27,남,9.0,7.0,24.0,22.0,38.0
154,2657590,1108000,KB 혜담카드,63.0,대전 유성구,30,연구원,32,남,8.0,8.0,58.0,11.0,15.0
155,1981010,1659000,씨티 Premier카드,66.0,서울 서초구,20,생산직,27,여,6.0,48.0,42.0,4.0,0.0
156,3326511,1519000,네이버페이 현대,68.0,경기 수원시,30,간호사,32,남,13.0,20.0,34.0,11.0,22.0
157,2289523,909000,토스카드,45.0,서울 동작구,20,개발자,25,여,5.0,2.0,71.0,19.0,3.0
158,2105921,1868000,네이버페이 현대,78.0,서울 관악구,20,개발자,26,여,10.0,3.0,2.0,10.0,75.0
159,3128109,776000,하나 Simple카드,83.0,서울 마포구,30,마케팅,34,남,8.0,0.0,37.0,16.0,39.0
160,1754236,993000,SSG 랜더스카드,71.0,서울 강남구,20,대학생,25,여,19.0,28.0,4.0,47.0,2.0
161,2302639,902000,SSG 랜더스카드,55.0,서울 관악구,20,개발자,29,남,11.0,15.0,8.0,66.0,0.0
162,2575301,2112000,현대 ZERO카드,72.0,부산 해운대구,30,생산직,30,여,11.0,46.0,21.0,11.0,11.0
163,1498476,2129000,씨티 Premier카드,61.0,경기 고양시,20,기획,24,여,36.0,24.0,3.0,25.0,12.0
164,2747846,838000,롯데 DC카드,85.0,서울 동작구,20,디자이너,21,여,31.0,21.0,29.0,9.0,10.0
165,2382996,661000,네이버페이 현대,74.0,서울 서초구,30,공무원,32,남,3.0,30.0,12.0,32.0,23.0
166,2295154,1625000,카카오뱅크 체크,50.0,서울 강동구,20,대학생,26,여,7.0,19.0,22.0,5.0,47.0
167,3815088,1383000,IBK 두드림카드,41.0,서울 성동구,30,컨설턴트,31,남,21.0,9.0,8.0,2.0,60.0
168,3647973,811000,삼성 taptap카드,76.0,대구 수성구,30,연구원,30,남,45.0,15.0,16.0,18.0,6.0
169,3024033,2324000,우리 Young카드,76.0,서울 서초구,30,회계,34,남,6.0,1.0,33.0,41.0,19.0
170,2318750,2310000,현대 ZERO카드,47.0,서울 노원구,30,디자이너,30,여,8.0,56.0,12.0,14.0,10.0
171,2723755,501000,이마트 KB카드,45.0,세종,20,기획,28,여,23.0,26.0,42.0,5.0,4.0
172,3472286,1884000,NH 농협카드,50.0,광주 서구,30,영업,31,남,15.0,12.0,8.0,3.0,62.0
173,1940817,2162000,우리 Young카드,55.0,인천 남동구,20,간호사,26,여,3.0,3.0,18.0,53.0,23.0
174,1852553,1882000,삼성 taptap카드,80.0,서울 서초구,20,서비스직,24,남,3.0,2.0,36.0,52.0,7.0
175,1463822,2077000,KB 혜담카드,69.0,서울 용산구,30,연구원,37,여,56.0,18.0,1.0,1.0,24.0
176,2327015,1158000,토스카드,69.0,경기 성남시,20,컨설턴트,24,남,7.0,21.0,6.0,3.0,63.0
177,2208651,2166000,네이버페이 현대,49.0,서울 동작구,20,컨설턴트,28,여,20.0,0.0,51.0,10.0,19.0
178,2818095,1232000,신한 Deep카드,50.0,세종,20,회계,22,남,22.0,20.0,1.0,5.0,52.0
179,2679527,1467000,토스카드,54.0,서울 마포구,30,영업,33,여,26.0,14.0,23.0,32.0,5.0
180,3933960,1195000,토스카드,55.0,울산 남구,30,영업,31,남,61.0,6.0,4.0,10.0,19.0
181,2511845,1178000,롯데 DC카드,50.0,대전 유성구,30,개발자,32,남,13.0,7.0,10.0,29.0,41.0
182,3796705,1890000,삼성 taptap카드,75.0,서울 성동구,30,마케팅,33,남,2.0,35.0,11.0,10.0,42.0
183,1985541,603000,IBK 두드림카드,81.0,서울 마포구,20,공무원,24,여,18.0,11.0,27.0,21.0,23.0
184,2638798,1708000,KB 혜담카드,43.0,서울 용산구,20,서비스직,26,여,57.0,9.0,16.0,16.0,2.0
185,1520620,975000,이마트 KB카드,50.0,인천 남동구,20,마케팅,28,남,3.0,71.0,0.0,21.0,5.0
186,2617567,1539000,SSG 랜더스카드,64.0,울산 남구,30,기획,30,여,47.0,7.0,3.0,18.0,25.0
187,1507656,1471000,IBK 두드림카드,68.0,서울 용산구,30,영업,33,여,5.0,29.0,6.0,21.0,39.0
188,2116431,2124000,SSG 랜더스카드,84.0,서울 송파구,20,서비스직,23,여,21.0,3.0,21.0,37.0,18.0
189,2720176,1078000,SSG 랜더스카드,85.0,세종,30,공무원,31,여,27.0,22.0,11.0,4.0,36.0
190,1989515,1912000,IBK 두드림카드,69.0,경기 고양시,20,공무원,24,남,51.0,9.0,1.0,34.0,5.0
191,2264693,550000,현대 ZERO카드,62.0,서울 용산구,30,개발자,31,남,8.0,13.0,28.0,15.0,36.0
192,2923059,1111000,씨티 Premier카드,74.0,서울 관악구,30,데이터분석가,35,여,3.0,41.0,11.0,30.0,15.0
193,2448268,1216000,네이버페이 현대,78.0,서울 성동구,30,디자이너,30,여,18.0,54.0,1.0,17.0,10.0
194,2005214,750000,네이버페이 현대,56.0,서울 노원구,20,마케팅,23,여,16.0,30.0,14.0,21.0,19.0
195,2270947,1271000,현대 ZERO카드,71.0,부산 해운대구,20,공무원,28,남,42.0,16.0,4.0,33.0,5.0
196,3568334,1642000,우리 Young카드,80.0,서울 성동구,20,프리랜서,27,남,8.0,1.0,65.0,14.0,12.0
197,3076751,1073000,신한 Deep카드,82.0,울산 남구,30,영업,39,여,33.0,40.0,8.0,13.0,6.0
198,3081286,821000,하나 Simple카드,58.0,대전 유성구,30,디자이너,35,여,44.0,1.0,31.0,16.0,8.0
199,2467773,1031000,KB 혜담카드,82.0,대구 수성구,20,영업,29,여,3.0,37.0,16.0,7.0,37.0
200,2583242,1096000,SSG 랜더스카드,73.0,서울 노원구,30,디자이너,38,여,4.0,51.0,15.0,3.0,27.0
201,1051958,1008000,KB 혜담카드,61.0,경기 성남시,20,기획,28,여,13.0,3.0,24.0,21.0,39.0
202,2524713,1533000,신한 Deep카드,55.0,대전 유성구,30,영업,39,남,15.0,1.0,20.0,32.0,32.0
203,2009712,781000,SSG 랜더스카드,56.0,경기 수원시,20,간호사,23,남,4.0,79.0,5.0,7.0,5.0
204,1312553,1473000,롯데 DC카드,62.0,서울 강남구,20,데이터분석가,24,여,15.0,2.0,24.0,45.0,14.0
205,1671292,1758000,삼성 taptap카드,57.0,울산 남구,20,생산직,27,여,17.0,2.0,14.0,30.0,37.0
206,1259581,1421000,NH 농협카드,81.0,대전 유성구,20,회계,22,남,9.0,9.0,40.0,32.0,10.0
207,2973173,952000,NH 농협카드,49.0,경기 성남시,30,연구원,39,남,25.0,46.0,7.0,1.0,21.0
208,2909382,938000,SSG 랜더스카드,74.0,경기 고양시,30,디자이너,31,여,4.0,36.0,9.0,6.0,45.0
209,3774742,988000,우리 Young카드,41.0,광주 서구,30,프리랜서,37,남,22.0,27.0,37.0,5.0,9.0
210,2457392,1192000,하나 Simple카드,79.0,서울 동작구,20,대학생,23,남,28.0,16.0,20.0,33.0,3.0
211,1768301,632000,롯데 DC카드,52.0,경기 고양시,20,프리랜서,28,여,8.0,20.0,36.0,32.0,4.0
212,1283967,1532000,하나 Simple카드,46.0,서울 노원구,20,영업,26,여,50.0,24.0,1.0,8.0,17.0
213,1371565,1971000,SSG 랜더스카드,53.0,서울 강남구,20,기획,23,여,23.0,4.0,20.0,12.0,41.0
214,1615508,1138000,우리 Young카드,62.0,서울 동작구,20,대학생,29,남,21.0,7.0,14.0,10.0,48.0
215,1805570,1304000,우리 Young카드,58.0,서울 성동구,20,회계,29,여,42.0,14.0,15.0,22.0,7.0
216,2170125,1775000,IBK 두드림카드,60.0,서울 강남구,20,서비스직,28,남,11.0,56.0,22.0,2.0,9.0
217,2290085,1326000,현대 ZERO카드,56.0,대구 수성구,30,연구원,36,남,22.0,22.0,25.0,21.0,10.0
218,2419487,1701000,NH 농협카드,56.0,서울 마포구,20,컨설턴트,28,여,15.0,35.0,8.0,6.0,36.0
219,2133863,1373000,롯데 DC카드,78.0,서울 성동구,20,서비스직,23,여,11.0,3.0,5.0,20.0,61.0
220,2255272,1310000,IBK 두드림카드,62.0,서울 서초구,20,데이터분석가,29,여,37.0,41.0,9.0,5.0,8.0
221,2820125,1058000,카카오뱅크 체크,59.0,서울 송파구,20,간호사,26,여,24.0,12.0,13.0,12.0,39.0
222,1909884,1815000,토스카드,63.0,서울 강동구,30,데이터분석가,39,여,12.0,44.0,10.0,30.0,4.0
223,3293093,1884000,KB 혜담카드,43.0,서울 성동구,30,간호사,31,남,30.0,11.0,14.0,23.0,22.0
224,2243013,635000,네이버페이 현대,53.0,서울 관악구,20,연구원,27,남,25.0,17.0,8.0,25.0,25.0
225,2083256,1921000,삼성 taptap카드,81.0,서울 마포구,20,디자이너,28,남,45.0,14.0,19.0,3.0,19.0
226,3619679,1359000,토스카드,40.0,경기 성남시,30,서비스직,32,남,3.0,5.0,29.0,35.0,28.0
227,2939507,950000,롯데 DC카드,58.0,서울 노원구,30,기획,30,여,5.0,4.0,57.0,14.0,20.0
228,1776754,1359000,씨티 Premier카드,67.0,서울 마포구,20,컨설턴트,27,남,38.0,3.0,24.0,18.0,17.0
229,2158919,1695000,롯데 DC카드,54.0,인천 남동구,20,컨설턴트,20,여,21.0,53.0,18.0,0.0,8.0
230,2390605,1741000,삼성 taptap카드,68.0,경기 고양시,20,개발자,27,여,23.0,13.0,4.0,10.0,50.0
231,2113496,1233000,이마트 KB카드,53.0,서울 관악구,20,영업,23,여,3.0,28.0,34.0,4.0,31.0
232,2792510,2254000,IBK 두드림카드,71.0,경기 고양시,30,생산직,30,여,1.0,44.0,6.0,25.0,24.0
233,2390596,1114000,네이버페이 현대,62.0,서울 강동구,20,회계,28,여,17.0,6.0,68.0,8.0,1.0
234,3166280,1534000,NH 농협카드,56.0,서울 용산구,20,대학생,25,남,26.0,7.0,57.0,7.0,3.0
235,1484860,1226000,현대 ZERO카드,79.0,서울 노원구,20,컨설턴트,21,남,37.0,48.0,0.0,9.0,6.0
236,2188782,868000,현대 ZERO카드,51.0,서울 마포구,20,대학생,26,여,20.0,4.0,23.0,2.0,51.0
237,2364048,1890000,IBK 두드림카드,59.0,경기 고양시,30,프리랜서,35,남,23.0,38.0,21.0,12.0,6.0
238,2552053,1871000,KB 혜담카드,74.0,서울 성동구,20,기획,23,남,22.0,65.0,3.0,7.0,3.0
239,1441414,1107000,네이버페이 현대,44.0,울산 남구,20,생산직,28,여,11.0,23.0,7.0,4.0,55.0
240,2423156,1355000,하나 Simple카드,60.0,경기 성남시,20,연구원,25,남,24.0,10.0,19.0,5.0,42.0
241,1934975,998000,씨티 Premier카드,45.0,경기 성남시,20,디자이너,20,여,5.0,15.0,31.0,21.0,28.0
242,1882919,1953000,하나 Simple카드,62.0,대구 수성구,20,대학생,26,여,0.0,7.0,29.0,28.0,36.0
243,1526750,729000,IBK 두드림카드,57.0,서울 관악구,20,간호사,29,여,4.0,16.0,5.0,33.0,42.0
244,2017462,1449000,SSG 랜더스카드,59.0,세종,20,공무원,27,남,28.0,6.0,17.0,23.0,26.0
245,2792250,1122000,롯데 DC카드,51.0,서울 성동구,20,공무원,28,남,49.0,25.0,8.0,0.0,18.0
246,2487405,1000000,삼성 taptap카드,60.0,인천 남동구,30,기획,30,여,40.0,21.0,11.0,24.0,4.0
247,2563840,1059000,하나 Simple카드,48.0,서울 동작구,20,대학생,26,남,27.0,25.0,5.0,18.0,25.0
248,3332320,1481000,현대 ZERO카드,59.0,경기 수원시,30,영업,38,여,3.0,10.0,57.0,14.0,16.0
249,2631877,1962000,현대 ZERO카드,63.0,세종,30,기획,36,여,25.0,19.0,8.0,44.0,4.0
250,2220600,2586000,삼성 taptap카드,56.0,서울 노원구,30,회계,30,여,26.0,17.0,41.0,4.0,12.0
251,3327076,1453000,토스카드,51.0,경기 고양시,30,데이터분석가,34,남,13.0,25.0,45.0,12.0,5.0
252,2618992,1245000,네이버페이 현대,69.0,경기 고양시,30,서비스직,30,남,2.0,30.0,26.0,16.0,26.0
253,1997788,1154000,씨티 Premier카드,45.0,서울 강동구,20,마케팅,29,여,37.0,26.0,1.0,35.0,1.0
254,1490053,1977000,SSG 랜더스카드,78.0,울산 남구,20,데이터분석가,29,남,54.0,12.0,13.0,8.0,13.0
255,3648380,1591000,이마트 KB카드,61.0,서울 서초구,30,대학생,30,남,21.0,48.0,26.0,5.0,0.0
256,2056998,1544000,롯데 DC카드,70.0,서울 강남구,20,대학생,21,여,8.0,9.0,29.0,40.0,14.0
257,2591049,1443000,신한 Deep카드,83.0,세종,30,회계,33,여,18.0,15.0,20.0,42.0,5.0
258,1982019,1467000,토스카드,54.0,서울 마포구,30,영업,33,여,26.0,14.0,23.0,32.0,5.0
259,2717973,959000,우리 Young카드,84.0,경기 수원시,30,공무원,33,여,17.0,18.0,12.0,19.0,34.0
260,2466641,1298000,우리 Young카드,49.0,경기 고양시,30,데이터분석가,30,남,55.0,11.0,5.0,25.0,4.0
261,2429145,1147000,이마트 KB카드,52.0,경기 성남시,30,디자이너,39,여,10.0,18.0,22.0,33.0,17.0
262,2938913,1913000,씨티 Premier카드,76.0,서울 노원구,30,서비스직,32,여,45.0,22.0,3.0,25.0,5.0
263,3553531,1085000,씨티 Premier카드,66.0,서울 관악구,30,연구원,34,남,10.0,18.0,14.0,1.0,57.0
264,2488984,1930000,NH 농협카드,60.0,서울 강동구,30,마케팅,32,여,46.0,0.0,18.0,3.0,33.0
265,1365934,699000,삼성 taptap카드,48.0,서울 성동구,20,연구원,29,여,1.0,20.0,20.0,23.0,36.0
266,3996405,912000,토스카드,61.0,서울 강남구,30,데이터분석가,38,여,30.0,45.0,12.0,6.0,7.0
267,3122929,1393000,우리 Young카드,49.0,서울 노원구,20,컨설턴트,28,여,9.0,8.0,17.0,44.0,22.0
268,2611337,1546000,네이버페이 현대,67.0,서울 마포구,20,간호사,27,여,29.0,14.0,29.0,6.0,22.0
269,2472757,954000,씨티 Premier카드,66.0,서울 서초구,30,서비스직,31,남,30.0,24.0,31.0,14.0,1.0
270,2193203,926000,카카오뱅크 체크,65.0,서울 마포구,20,마케팅,28,남,9.0,12.0,20.0,52.0,7.0
271,1978289,2136000,우리 Young카드,56.0,경기 성남시,20,연구원,24,여,1.0,39.0,10.0,18.0,32.0
272,2881927,2244000,네이버페이 현대,81.0,경기 고양시,20,컨설턴트,29,여,51.0,27.0,4.0,17.0,1.0
273,2631251,1359000,현대 ZERO카드,40.0,광주 서구,30,대학생,31,여,11.0,5.0,10.0,46.0,28.0
274,1857918,1478000,삼성 taptap카드,55.0,인천 남동구,20,마케팅,25,여,21.0,7.0,3.0,32.0,37.0
275,2014622,1373000,롯데 DC카드,78.0,서울 성동구,20,서비스직,23,여,11.0,3.0,5.0,20.0,61.0
276,3060594,1057000,우리 Young카드,79.0,부산 해운대구,30,디자이너,38,여,16.0,1.0,11.0,9.0,63.0
277,3300048,1147000,삼성 taptap카드,77.0,경기 성남시,30,생산직,35,여,2.0,6.0,31.0,30.0,31.0
278,3264165,753000,신한 Deep카드,79.0,서울 강남구,30,개발자,34,여,13.0,35.0,12.0,31.0,9.0
279,2878516,611000,이마트 KB카드,81.0,경기 수원시,30,회계,34,여,15.0,7.0,22.0,27.0,29.0
280,2373687,802000,롯데 DC카드,48.0,서울 용산구,30,공무원,34,여,53.0,8.0,6.0,32.0,1.0
281,1000000,699000,네이버페이 현대,79.0,울산 남구,30,데이터분석가,30,여,33.0,25.0,2.0,11.0,29.0
282,2398580,1597000,이마트 KB카드,65.0,서울 강남구,20,생산직,27,남,8.0,9.0,13.0,43.0,27.0
283,2998719,981000,토스카드,41.0,서울 마포구,30,디자이너,32,남,21.0,20.0,45.0,10.0,4.0
284,2319991,1126000,KB 혜담카드,80.0,울산 남구,20,프리랜서,23,남,6.0,7.0,23.0,56.0,8.0
285,2276948,1922000,현대 ZERO카드,42.0,울산 남구,20,프리랜서,27,여,29.0,9.0,15.0,8.0,39.0
286,1586868,1186000,롯데 DC카드,42.0,서울 관악구,20,영업,29,남,4.0,23.0,24.0,43.0,6.0
287,3390185,1081000,SSG 랜더스카드,63.0,세종,30,데이터분석가,30,남,11.0,11.0,2.0,75.0,1.0
288,2816108,1270000,토스카드,75.0,서울 마포구,30,회계,35,여,5.0,29.0,2.0,56.0,8.0
289,3477637,1890000,삼성 taptap카드,75.0,서울 성동구,30,마케팅,33,남,2.0,35.0,11.0,10.0,42.0
290,2723288,1001000,IBK 두드림카드,48.0,인천 남동구,20,공무원,24,여,14.0,5.0,33.0,38.0,10.0
291,2552025,1607000,NH 농협카드,50.0,서울 관악구,20,디자이너,29,남,3.0,16.0,28.0,24.0,29.0
292,2044985,902000,토스카드,48.0,서울 마포구,20,마케팅,27,남,29.0,15.0,15.0,15.0,26.0
293,2464581,1398000,롯데 DC카드,59.0,인천 남동구,30,컨설턴트,30,여,19.0,40.0,10.0,6.0,25.0
294,3063787,1884000,KB 혜담카드,43.0,서울 성동구,30,간호사,31,남,30.0,11.0,14.0,23.0,22.0
295,3075389,2173000,이마트 KB카드,79.0,서울 용산구,30,공무원,31,남,30.0,7.0,45.0,15.0,3.0
296,2749108,1335000,하나 Simple카드,45.0,서울 노원구,20,기획,28,여,16.0,48.0,7.0,26.0,3.0
297,2571834,1203000,IBK 두드림카드,50.0,광주 서구,20,연구원,22,여,23.0,3.0,12.0,12.0,50.0
298,3288671,1241000,하나 Simple카드,52.0,광주 서구,20,간호사,28,남,17.0,0.0,38.0,14.0,31.0
299,3603234,1146000,네이버페이 현대,67.0,부산 해운대구,30,연구원,34,여,2.0,17.0,19.0,22.0,40.0
300,3055754,811000,토스카드,47.0,서울 송파구,30,공무원,30,남,7.0,24.0,40.0,27.0,2.0
301,1000000,1517000,KB 혜담카드,68.0,서울 송파구,30,영업,35,남,11.0,13.0,12.0,47.0,17.0
302,3118416,1791000,삼성 taptap카드,50.0,대구 수성구,30,디자이너,33,여,20.0,18.0,35.0,4.0,23.0
303,2229811,731000,하나 Simple카드,73.0,대전 유성구,30,대학생,30,여,28.0,18.0,8.0,26.0,20.0
304,1849258,954000,하나 Simple카드,76.0,서울 강동구,20,회계,29,여,12.0,0.0,53.0,27.0,8.0
305,2050777,957000,하나 Simple카드,60.0,서울 강동구,20,연구원,21,여,25.0,2.0,12.0,0.0,61.0
306,2026678,1156000,카카오뱅크 체크,57.0,세종,20,디자이너,25,여,2.0,2.0,74.0,2.0,20.0
307,2556134,1153000,신한 Deep카드,70.0,세종,20,개발자,28,여,15.0,17.0,11.0,42.0,15.0
308,1908394,1253000,씨티 Premier카드,48.0,경기 고양시,30,개발자,36,남,9.0,28.0,0.0,48.0,15.0
309,1711139,1138000,KB 혜담카드,55.0,서울 용산구,20,공무원,29,여,43.0,3.0,41.0,10.0,3.0
310,3240210,2284000,토스카드,64.0,서울 마포구,30,컨설턴트,32,남,38.0,25.0,11.0,15.0,11.0
311,2561472,944000,신한 Deep카드,82.0,서울 강남구,20,서비스직,27,남,41.0,26.0,1.0,10.0,22.0
312,2570770,1573000,롯데 DC카드,80.0,인천 남동구,20,디자이너,26,남,20.0,2.0,4.0,63.0,11.0
313,2449074,1757000,롯데 DC카드,76.0,인천 남동구,30,프리랜서,35,남,11.0,37.0,28.0,11.0,13.0
314,1760867,1602000,NH 농협카드,50.0,경기 고양시,20,서비스직,28,여,66.0,3.0,8.0,1.0,22.0
315,1996682,1242000,현대 ZERO카드,50.0,서울 동작구,20,회계,25,여,4.0,18.0,62.0,11.0,5.0
316,2369936,1381000,토스카드,57.0,서울 서초구,20,디자이너,20,여,20.0,47.0,9.0,9.0,15.0
317,2992738,1665000,NH 농협카드,67.0,부산 해운대구,20,생산직,27,남,9.0,29.0,34.0,20.0,8.0
318,1566793,1891000,카카오뱅크 체크,50.0,서울 성동구,30,데이터분석가,30,남,25.0,15.0,30.0,17.0,13.0
319,2845489,650000,KB 혜담카드,72.0,서울 송파구,30,개발자,32,남,35.0,6.0,9.0,2.0,48.0
320,1583660,887000,현대 ZERO카드,60.0,서울 강남구,20,생산직,23,남,5.0,34.0,19.0,32.0,10.0
321,1673878,1219000,씨티 Premier카드,62.0,경기 고양시,30,연구원,30,여,48.0,6.0,17.0,2.0,27.0
322,2733478,1545000,삼성 taptap카드,50.0,경기 수원시,20,기획,22,여,5.0,29.0,46.0,8.0,12.0
323,2522312,545000,IBK 두드림카드,68.0,서울 노원구,20,컨설턴트,29,여,11.0,2.0,11.0,67.0,9.0
324,2474716,1567000,SSG 랜더스카드,45.0,서울 동작구,20,기획,24,남,5.0,17.0,69.0,4.0,5.0
325,2710512,1668000,이마트 KB카드,51.0,서울 관악구,20,생산직,20,여,9.0,5.0,32.0,37.0,17.0
326,2010140,1060000,NH 농협카드,72.0,대구 수성구,20,서비스직,28,여,33.0,20.0,14.0,27.0,6.0
327,2283681,1088000,삼성 taptap카드,53.0,세종,30,영업,34,여,44.0,34.0,6.0,12.0,4.0
328,3342865,962000,신한 Deep카드,83.0,세종,20,회계,29,여,48.0,15.0,16.0,1.0,20.0
329,2827400,858000,삼성 taptap카드,76.0,서울 노원구,30,생산직,34,남,18.0,35.0,12.0,21.0,14.0
330,2617566,1238000,카카오뱅크 체크,77.0,서울 마포구,20,데이터분석가,27,남,9.0,1.0,74.0,3.0,13.0
331,3004467,1693000,IBK 두드림카드,48.0,서울 송파구,30,영업,37,남,2.0,36.0,6.0,7.0,49.0
332,1575870,931000,우리 Young카드,61.0,서울 강동구,30,간호사,32,여,28.0,35.0,21.0,0.0,16.0
333,1568759,2186000,현대 ZERO카드,42.0,서울 강동구,30,디자이너,30,남,34.0,1.0,40.0,19.0,6.0
334,1960507,1048000,삼성 taptap카드,72.0,경기 성남시,20,컨설턴트,29,남,13.0,2.0,46.0,9.0,30.0
335,2778050,1700000,카카오뱅크 체크,55.0,서울 송파구,20,대학생,27,남,11.0,34.0,28.0,22.0,5.0
336,2644145,1460000,롯데 DC카드,51.0,서울 성동구,20,개발자,27,남,5.0,35.0,16.0,16.0,28.0
337,2707038,1192000,하나 Simple카드,73.0,서울 마포구,20,서비스직,24,여,32.0,1.0,37.0,8.0,22.0
338,2006476,1674000,하나 Simple카드,49.0,서울 강동구,30,영업,31,여,18.0,30.0,10.0,3.0,39.0
339,3057936,946000,삼성 taptap카드,84.0,서울 강남구,20,디자이너,25,남,5.0,31.0,8.0,52.0,4.0
340,2324574,795000,KB 혜담카드,51.0,서울 용산구,30,공무원,33,남,25.0,13.0,51.0,10.0,1.0
341,3148977,642000,삼성 taptap카드,65.0,서울 동작구,30,컨설턴트,35,남,12.0,10.0,17.0,24.0,37.0
342,2244823,1686000,KB 혜담카드,66.0,서울 성동구,20,컨설턴트,24,남,25.0,33.0,13.0,13.0,16.0
343,2163063,823000,토스카드,50.0,서울 관악구,20,기획,26,남,7.0,2.0,24.0,22.0,45.0
344,2919296,851000,이마트 KB카드,49.0,세종,20,프리랜서,26,남,14.0,15.0,29.0,34.0,8.0
345,1897444,1660000,이마트 KB카드,43.0,경기 수원시,20,간호사,28,남,31.0,20.0,39.0,0.0,10.0
346,1575197,1090000,토스카드,52.0,서울 성동구,20,영업,26,여,11.0,7.0,31.0,10.0,41.0
347,2509997,991000,NH 농협카드,79.0,인천 남동구,30,디자이너,34,여,55.0,1.0,3.0,39.0,2.0
348,2720121,1409000,하나 Simple카드,53.0,서울 관악구,30,디자이너,31,남,7.0,18.0,9.0,6.0,60.0
349,5364168,1211000,롯데 DC카드,49.0,서울 송파구,30,간호사,33,남,12.0,41.0,4.0,15.0,28.0
350,2588253,1185000,IBK 두드림카드,64.0,부산 해운대구,20,디자이너,26,여,15.0,34.0,5.0,41.0,5.0
351,2295329,1053000,하나 Simple카드,48.0,서울 용산구,30,디자이너,32,여,6.0,0.0,10.0,61.0,23.0
352,1971944,848000,NH 농협카드,84.0,서울 관악구,30,연구원,37,여,11.0,3.0,7.0,43.0,36.0
353,1559855,1953000,씨티 Premier카드,71.0,세종,30,생산직,31,여,46.0,26.0,9.0,15.0,4.0
354,1737390,1386000,IBK 두드림카드,58.0,세종,20,프리랜서,29,남,32.0,12.0,34.0,16.0,6.0
355,2307470,1865000,우리 Young카드,72.0,서울 관악구,20,개발자,29,남,2.0,16.0,4.0,30.0,48.0
356,2963664,782000,카카오뱅크 체크,52.0,서울 동작구,20,간호사,27,여,11.0,17.0,25.0,33.0,14.0
357,3785182,1157000,카카오뱅크 체크,84.0,서울 동작구,30,데이터분석가,30,남,30.0,3.0,10.0,20.0,37.0
358,2614547,1094000,SSG 랜더스카드,81.0,서울 마포구,30,연구원,32,여,40.0,3.0,27.0,7.0,23.0
359,2338416,1785000,롯데 DC카드,84.0,부산 해운대구,30,연구원,31,여,2.0,51.0,39.0,6.0,2.0
360,2634406,1142000,신한 Deep카드,53.0,서울 서초구,30,개발자,34,여,26.0,36.0,34.0,3.0,1.0
361,1990681,863000,신한 Deep카드,76.0,울산 남구,20,대학생,28,남,68.0,2.0,26.0,4.0,0.0
362,3109181,2382000,이마트 KB카드,41.0,서울 성동구,20,회계,25,여,4.0,13.0,12.0,22.0,49.0
363,2155404,820000,IBK 두드림카드,43.0,울산 남구,20,공무원,29,남,15.0,14.0,23.0,4.0,44.0
364,2206831,1393000,우리 Young카드,49.0,서울 노원구,20,컨설턴트,28,여,9.0,8.0,17.0,44.0,22.0
365,1142088,635000,네이버페이 현대,53.0,서울 관악구,20,연구원,27,여,25.0,17.0,8.0,25.0,25.0
366,2863195,1337000,하나 Simple카드,66.0,서울 동작구,30,개발자,37,남,32.0,9.0,19.0,11.0,29.0
367,2668242,1851000,롯데 DC카드,84.0,광주 서구,20,영업,21,여,1.0,22.0,58.0,16.0,3.0
368,1966138,765000,네이버페이 현대,74.0,대전 유성구,30,영업,32,여,61.0,3.0,7.0,0.0,29.0
369,2474495,648000,현대 ZERO카드,65.0,대전 유성구,30,디자이너,33,남,17.0,19.0,10.0,4.0,50.0
370,2646355,1642000,우리 Young카드,80.0,서울 성동구,20,프리랜서,27,남,8.0,1.0,65.0,14.0,12.0
371,1511671,901000,IBK 두드림카드,63.0,서울 강동구,20,생산직,28,남,28.0,1.0,25.0,23.0,23.0
372,3740460,1000000,현대 ZERO카드,82.0,서울 송파구,30,개발자,33,남,34.0,10.0,39.0,16.0,1.0
373,2627499,2150000,SSG 랜더스카드,48.0,서울 송파구,30,대학생,33,남,20.0,13.0,32.0,14.0,21.0
374,2055715,1049000,씨티 Premier카드,55.0,서울 관악구,20,연구원,29,여,27.0,13.0,24.0,18.0,18.0
375,1688060,1263000,이마트 KB카드,59.0,서울 성동구,20,개발자,25,남,14.0,52.0,14.0,11.0,9.0
376,3264632,938000,삼성 taptap카드,44.0,서울 용산구,30,대학생,36,남,4.0,38.0,3.0,23.0,32.0
377,3479935,1133000,NH 농협카드,62.0,대전 유성구,20,연구원,24,여,13.0,58.0,15.0,13.0,1.0
378,2640748,1462000,KB 혜담카드,78.0,서울 서초구,20,연구원,28,남,8.0,58.0,16.0,11.0,7.0
379,2067857,2036000,토스카드,48.0,서울 서초구,30,생산직,31,여,20.0,18.0,28.0,12.0,22.0
380,3794934,1863000,이마트 KB카드,82.0,울산 남구,30,컨설턴트,30,남,28.0,18.0,2.0,30.0,22.0
381,2778324,650000,우리 Young카드,63.0,서울 마포구,30,생산직,35,남,28.0,8.0,38.0,22.0,4.0
382,2937242,699000,삼성 taptap카드,81.0,부산 해운대구,20,개발자,26,여,27.0,13.0,5.0,43.0,12.0
383,2903338,1690000,신한 Deep카드,69.0,부산 해운대구,30,회계,30,여,17.0,13.0,45.0,17.0,8.0
384,1747960,1543000,삼성 taptap카드,48.0,경기 성남시,20,개발자,29,여,12.0,35.0,4.0,13.0,36.0
385,2972192,1407000,네이버페이 현대,69.0,경기 고양시,30,대학생,30,여,35.0,8.0,3.0,50.0,4.0
386,3106160,1139000,롯데 DC카드,45.0,울산 남구,30,데이터분석가,38,남,18.0,8.0,25.0,37.0,12.0
387,1738122,858000,하나 Simple카드,62.0,서울 동작구,20,개발자,27,남,5.0,16.0,51.0,22.0,6.0
388,1933205,734000,하나 Simple카드,53.0,대전 유성구,20,대학생,29,여,31.0,33.0,1.0,18.0,17.0
389,1546881,832000,우리 Young카드,59.0,경기 수원시,30,디자이너,39,여,7.0,35.0,39.0,8.0,11.0
390,2205813,1891000,우리 Young카드,48.0,서울 동작구,20,서비스직,23,여,8.0,49.0,4.0,38.0,1.0
391,4547482,1251000,현대 ZERO카드,59.0,서울 송파구,30,회계,30,남,6.0,44.0,0.0,35.0,15.0
392,2652466,768000,토스카드,44.0,서울 동작구,20,마케팅,22,남,48.0,7.0,0.0,2.0,43.0
393,3595208,1980000,카카오뱅크 체크,61.0,서울 강동구,30,프리랜서,33,여,9.0,8.0,19.0,51.0,13.0
394,3617677,1859000,SSG 랜더스카드,56.0,서울 동작구,30,데이터분석가,33,남,7.0,2.0,9.0,65.0,17.0
395,2763739,1980000,하나 Simple카드,49.0,울산 남구,20,회계,22,여,1.0,11.0,62.0,9.0,17.0
396,3487039,1099000,KB 혜담카드,47.0,경기 수원시,30,생산직,30,여,9.0,11.0,37.0,30.0,13.0
397,3264084,1185000,토스카드,51.0,대구 수성구,30,프리랜서,34,남,48.0,15.0,3.0,26.0,8.0
398,2156386,1597000,이마트 KB카드,65.0,서울 강남구,20,생산직,27,여,8.0,9.0,13.0,43.0,27.0
399,2766328,1623000,우리 Young카드,63.0,세종,20,회계,29,여,15.0,14.0,6.0,61.0,4.0
400,4017688,1690000,이마트 KB카드,43.0,광주 서구,30,기획,35,남,3.0,1.0,21.0,52.0,23.0
401,2010017,1818000,이마트 KB카드,82.0,서울 송파구,20,대학생,29,여,41.0,0.0,46.0,6.0,7.0
402,1889215,1373000,롯데 DC카드,78.0,서울 성동구,20,서비스직,23,여,11.0,3.0,5.0,20.0,61.0
403,2569428,1452000,SSG 랜더스카드,65.0,서울 마포구,30,공무원,30,여,4.0,3.0,58.0,12.0,23.0
404,2665749,1806000,이마트 KB카드,42.0,서울 마포구,20,개발자,29,남,5.0,8.0,59.0,25.0,3.0
405,2649045,1315000,IBK 두드림카드,81.0,경기 고양시,20,공무원,28,여,41.0,4.0,6.0,38.0,11.0
406,2003082,2387000,롯데 DC카드,78.0,광주 서구,30,대학생,31,남,75.0,10.0,1.0,8.0,6.0
407,3205803,1942000,롯데 DC카드,70.0,서울 강동구,20,개발자,29,남,10.0,17.0,40.0,33.0,0.0
408,2179417,1950000,카카오뱅크 체크,68.0,서울 성동구,30,데이터분석가,34,여,1.0,48.0,27.0,20.0,4.0
409,2117467,1903000,롯데 DC카드,62.0,대전 유성구,20,서비스직,24,남,11.0,21.0,15.0,17.0,36.0
410,2368141,1689000,네이버페이 현대,48.0,대전 유성구,30,연구원,30,남,38.0,25.0,2.0,21.0,14.0
411,3849164,650000,우리 Young카드,63.0,서울 마포구,30,생산직,35,여,28.0,8.0,38.0,22.0,4.0
412,2621035,1064000,신한 Deep카드,65.0,부산 해운대구,30,대학생,33,여,5.0,3.0,22.0,12.0,58.0
413,2074512,1361000,하나 Simple카드,57.0,서울 송파구,30,대학생,39,여,6.0,5.0,28.0,46.0,15.0
414,2681961,2314000,롯데 DC카드,69.0,경기 수원시,20,생산직,29,여,25.0,11.0,47.0,14.0,3.0
415,3538395,1415000,네이버페이 현대,46.0,서울 마포구,30,공무원,30,남,36.0,7.0,4.0,46.0,7.0
416,2868591,965000,삼성 taptap카드,81.0,경기 성남시,30,개발자,32,남,16.0,1.0,5.0,40.0,38.0
417,2670303,1003000,삼성 taptap카드,74.0,서울 용산구,20,영업,29,남,13.0,24.0,1.0,26.0,36.0
418,2087354,2214000,KB 혜담카드,42.0,경기 수원시,30,디자이너,30,여,4.0,50.0,6.0,8.0,32.0
419,2253540,772000,씨티 Premier카드,44.0,경기 성남시,30,컨설턴트,37,여,21.0,2.0,20.0,14.0,43.0
420,1494891,1877000,토스카드,60.0,서울 관악구,30,생산직,35,여,9.0,9.0,23.0,39.0,20.0
421,1838024,1072000,우리 Young카드,67.0,세종,30,디자이너,36,여,34.0,8.0,22.0,31.0,5.0
422,3153815,1404000,하나 Simple카드,46.0,광주 서구,20,개발자,29,남,16.0,58.0,18.0,6.0,2.0
423,4149000,1050000,카카오뱅크 체크,76.0,대전 유성구,30,서비스직,30,남,3.0,64.0,21.0,10.0,2.0
424,3046052,2632000,롯데 DC카드,81.0,인천 남동구,30,서비스직,37,남,1.0,79.0,13.0,4.0,3.0
425,3331465,893000,씨티 Premier카드,72.0,세종,30,개발자,33,여,3.0,45.0,23.0,28.0,1.0
426,2887947,1162000,현대 ZERO카드,69.0,서울 강동구,30,데이터분석가,34,남,26.0,35.0,6.0,2.0,31.0
427,2378294,1286000,카카오뱅크 체크,55.0,서울 강동구,30,영업,30,여,20.0,24.0,16.0,34.0,6.0
428,2278255,1263000,이마트 KB카드,59.0,서울 성동구,20,개발자,25,남,14.0,52.0,14.0,11.0,9.0
429,2912554,900000,SSG 랜더스카드,48.0,인천 남동구,30,공무원,34,남,9.0,23.0,5.0,16.0,47.0
430,2142401,1918000,우리 Young카드,62.0,경기 수원시,20,영업,28,남,14.0,55.0,13.0,8.0,10.0
431,2821699,534000,씨티 Premier카드,46.0,경기 수원시,20,서비스직,26,여,16.0,12.0,9.0,43.0,20.0
432,2325067,1029000,삼성 taptap카드,73.0,서울 관악구,20,서비스직,24,여,12.0,15.0,19.0,32.0,22.0
433,3498737,1098000,하나 Simple카드,79.0,광주 서구,30,컨설턴트,31,남,34.0,19.0,27.0,7.0,13.0
434,2765690,902000,우리 Young카드,61.0,서울 마포구,20,기획,20,남,25.0,10.0,39.0,12.0,14.0
435,2694092,1463000,카카오뱅크 체크,43.0,울산 남구,30,데이터분석가,36,여,10.0,1.0,41.0,37.0,11.0
436,1764864,1746000,토스카드,45.0,서울 강동구,20,영업,27,남,16.0,1.0,25.0,41.0,17.0
437,1573567,1114000,신한 Deep카드,84.0,경기 고양시,20,디자이너,20,여,57.0,2.0,9.0,30.0,2.0
438,2574390,1563000,SSG 랜더스카드,84.0,세종,30,프리랜서,30,여,59.0,17.0,11.0,5.0,8.0
439,2164371,1332000,삼성 taptap카드,52.0,광주 서구,20,영업,29,남,6.0,23.0,28.0,25.0,18.0
440,2293695,2104000,SSG 랜더스카드,67.0,서울 관악구,20,생산직,20,남,9.0,23.0,3.0,32.0,33.0
441,2241972,629000,네이버페이 현대,80.0,세종,20,기획,27,여,2.0,58.0,15.0,17.0,8.0
442,4808501,1013000,토스카드,46.0,경기 성남시,30,디자이너,37,남,9.0,28.0,2.0,51.0,10.0
443,1584886,2127000,IBK 두드림카드,53.0,서울 강동구,20,디자이너,28,남,3.0,69.0,8.0,4.0,16.0
444,1505026,954000,KB 혜담카드,77.0,대전 유성구,30,회계,34,여,3.0,12.0,9.0,58.0,18.0
445,2416188,946000,삼성 taptap카드,84.0,서울 강남구,20,디자이너,25,여,5.0,31.0,8.0,52.0,4.0
446,2061788,751000,하나 Simple카드,67.0,부산 해운대구,20,공무원,29,여,13.0,19.0,19.0,11.0,38.0
447,2658033,1048000,현대 ZERO카드,70.0,울산 남구,30,서비스직,32,여,12.0,7.0,24.0,54.0,3.0
448,3408718,944000,이마트 KB카드,48.0,경기 수원시,30,기획,30,남,38.0,21.0,6.0,10.0,25.0
449,2892052,1589000,토스카드,61.0,인천 남동구,20,생산직,27,남,48.0,21.0,15.0,11.0,5.0
450,1496387,1199000,삼성 taptap카드,63.0,서울 성동구,20,컨설턴트,21,여,9.0,5.0,0.0,55.0,31.0
451,2221641,600000,삼성 taptap카드,72.0,서울 관악구,30,간호사,34,여,6.0,7.0,1.0,7.0,79.0
452,2464380,1364000,우리 Young카드,63.0,서울 서초구,20,대학생,24,남,41.0,12.0,6.0,30.0,11.0
453,2635231,863000,NH 농협카드,45.0,서울 마포구,20,프리랜서,26,여,22.0,17.0,25.0,16.0,20.0
454,4535414,2650000,IBK 두드림카드,62.0,서울 동작구,30,데이터분석가,33,남,37.0,2.0,53.0,7.0,1.0
455,2727851,1098000,롯데 DC카드,49.0,광주 서구,20,데이터분석가,28,남,10.0,43.0,10.0,37.0,0.0
456,2960247,941000,현대 ZERO카드,50.0,부산 해운대구,30,기획,34,남,8.0,32.0,44.0,3.0,13.0
457,1804782,1285000,하나 Simple카드,40.0,서울 노원구,20,마케팅,20,남,49.0,4.0,0.0,7.0,40.0
458,2604997,1120000,현대 ZERO카드,51.0,서울 강동구,30,생산직,35,남,5.0,62.0,1.0,5.0,27.0
459,1953648,1285000,우리 Young카드,61.0,서울 노원구,20,프리랜서,26,남,9.0,43.0,6.0,27.0,15.0
460,3458663,2408000,하나 Simple카드,45.0,서울 동작구,30,생산직,39,남,27.0,30.0,3.0,9.0,31.0
461,2628498,845000,신한 Deep카드,40.0,서울 강남구,30,간호사,39,여,7.0,30.0,15.0,36.0,12.0
462,1838175,1805000,카카오뱅크 체크,81.0,서울 강동구,30,개발자,39,여,1.0,57.0,28.0,9.0,5.0
463,2282049,1211000,SSG 랜더스카드,58.0,광주 서구,30,디자이너,33,여,8.0,4.0,14.0,61.0,13.0
464,2938773,555000,이마트 KB카드,60.0,서울 강동구,30,컨설턴트,30,여,13.0,9.0,56.0,4.0,18.0
465,3246163,1028000,삼성 taptap카드,79.0,부산 해운대구,30,컨설턴트,35,남,14.0,24.0,29.0,9.0,24.0
466,2534322,1678000,현대 ZERO카드,43.0,서울 강남구,20,생산직,21,남,4.0,47.0,1.0,32.0,16.0
467,2691460,1808000,네이버페이 현대,84.0,서울 송파구,30,마케팅,31,여,12.0,45.0,14.0,23.0,6.0
468,4138501,948000,하나 Simple카드,68.0,서울 서초구,30,마케팅,30,남,12.0,24.0,8.0,26.0,30.0
469,2368021,863000,하나 Simple카드,81.0,경기 고양시,20,간호사,26,여,6.0,7.0,1.0,46.0,40.0
470,2729784,1909000,씨티 Premier카드,60.0,부산 해운대구,30,프리랜서,31,남,8.0,29.0,5.0,57.0,1.0
471,2042122,1903000,이마트 KB카드,85.0,울산 남구,30,영업,31,여,26.0,28.0,9.0,14.0,23.0
472,3174726,1286000,카카오뱅크 체크,55.0,서울 강동구,30,영업,30,남,20.0,24.0,16.0,34.0,6.0
473,1029647,2098000,현대 ZERO카드,80.0,서울 용산구,20,서비스직,27,여,3.0,3.0,13.0,36.0,45.0
474,2157855,540000,롯데 DC카드,45.0,경기 성남시,20,생산직,27,여,17.0,43.0,19.0,6.0,15.0
475,2397080,1722000,카카오뱅크 체크,46.0,서울 성동구,30,프리랜서,32,여,6.0,11.0,70.0,4.0,9.0
476,1567764,2406000,씨티 Premier카드,55.0,경기 성남시,20,대학생,24,남,27.0,41.0,4.0,17.0,11.0
477,2035867,960000,SSG 랜더스카드,84.0,울산 남구,30,개발자,33,여,15.0,29.0,1.0,28.0,27.0
478,2904828,1165000,씨티 Premier카드,54.0,인천 남동구,30,서비스직,31,여,27.0,36.0,18.0,8.0,11.0
479,2615355,1074000,이마트 KB카드,85.0,서울 서초구,30,회계,31,여,48.0,7.0,18.0,22.0,5.0
480,2550894,627000,씨티 Premier카드,75.0,경기 성남시,30,생산직,33,여,34.0,1.0,4.0,45.0,16.0
481,2403173,1277000,KB 혜담카드,45.0,서울 용산구,20,데이터분석가,26,여,6.0,19.0,35.0,35.0,5.0
482,3064839,2408000,하나 Simple카드,45.0,서울 동작구,30,생산직,39,남,27.0,30.0,3.0,9.0,31.0
483,2871431,1191000,삼성 taptap카드,49.0,서울 용산구,20,공무원,22,여,43.0,9.0,11.0,30.0,7.0
484,2561714,1031000,네이버페이 현대,58.0,서울 송파구,30,생산직,32,여,5.0,21.0,27.0,6.0,41.0
485,1770893,661000,네이버페이 현대,74.0,서울 서초구,30,공무원,32,여,3.0,30.0,12.0,32.0,23.0
486,3065064,819000,네이버페이 현대,56.0,서울 강남구,20,컨설턴트,26,남,29.0,48.0,0.0,2.0,21.0
487,3259238,2527000,KB 혜담카드,63.0,경기 성남시,30,회계,39,남,41.0,6.0,6.0,42.0,5.0
488,1955373,1932000,우리 Young카드,83.0,서울 마포구,20,서비스직,28,여,14.0,29.0,6.0,35.0,16.0
489,1623299,1556000,카카오뱅크 체크,73.0,서울 동작구,20,기획,22,여,8.0,4.0,67.0,20.0,1.0
490,2447957,1109000,SSG 랜더스카드,60.0,대전 유성구,20,영업,29,남,3.0,50.0,11.0,18.0,18.0
491,2191413,1074000,IBK 두드림카드,73.0,대구 수성구,20,간호사,28,여,11.0,14.0,40.0,30.0,5.0
492,4101902,2233000,SSG 랜더스카드,62.0,세종,30,영업,31,남,16.0,23.0,42.0,7.0,12.0
493,2757864,813000,신한 Deep카드,70.0,대구 수성구,30,서비스직,31,남,52.0,0.0,33.0,5.0,10.0
494,1831309,2086000,삼성 taptap카드,55.0,서울 관악구,20,데이터분석가,26,남,27.0,11.0,23.0,4.0,35.0
495,3627057,1405000,카카오뱅크 체크,72.0,울산 남구,30,디자이너,33,남,40.0,31.0,12.0,14.0,3.0
496,2712640,1191000,롯데 DC카드,71.0,서울 강남구,20,회계,25,여,24.0,10.0,5.0,11.0,50.0
497,2334325,686000,SSG 랜더스카드,66.0,서울 마포구,20,디자이너,28,남,27.0,2.0,24.0,19.0,28.0
498,2588178,819000,이마트 KB카드,42.0,서울 동작구,20,서비스직,24,여,23.0,14.0,8.0,16.0,39.0
499,2481156,1018000,NH 농협카드,66.0,인천 남동구,30,개발자,35,여,13.0,13.0,14.0,6.0,54.0
500,2366932,1764000,현대 ZERO카드,66.0,서울 용산구,20,컨설턴트,22,여,13.0,15.0,52.0,9.0,11.0
501,3082495,1596000,신한 Deep카드,49.0,세종,30,개발자,37,여,13.0,57.0,5.0,5.0,20.0
502,3437722,1724000,롯데 DC카드,64.0,세종,30,서비스직,30,남,4.0,11.0,31.0,38.0,16.0
503,2165362,1243000,토스카드,59.0,서울 마포구,20,프리랜서,26,여,13.0,1.0,5.0,42.0,39.0
504,2926181,564000,씨티 Premier카드,53.0,서울 마포구,20,간호사,26,여,26.0,5.0,4.0,58.0,7.0
505,1344601,1059000,하나 Simple카드,42.0,서울 용산구,30,서비스직,34,남,4.0,19.0,38.0,26.0,13.0
506,3276036,1664000,롯데 DC카드,52.0,경기 고양시,20,기획,28,여,9.0,50.0,16.0,3.0,22.0
507,1647020,2363000,카카오뱅크 체크,70.0,서울 용산구,30,기획,35,여,28.0,1.0,5.0,6.0,60.0
508,2186453,2036000,토스카드,48.0,서울 서초구,30,생산직,31,여,20.0,18.0,28.0,12.0,22.0
509,2479541,1425000,씨티 Premier카드,71.0,서울 노원구,30,대학생,38,여,13.0,65.0,20.0,0.0,2.0
510,2426759,2210000,IBK 두드림카드,56.0,경기 수원시,30,서비스직,33,여,25.0,37.0,2.0,3.0,33.0
511,2753205,916000,이마트 KB카드,84.0,서울 동작구,20,연구원,22,남,22.0,20.0,11.0,37.0,10.0
512,1721081,1385000,삼성 taptap카드,66.0,서울 강동구,20,영업,29,여,25.0,26.0,38.0,11.0,0.0
513,2380383,2406000,IBK 두드림카드,51.0,세종,20,컨설턴트,28,여,17.0,1.0,19.0,19.0,44.0
514,1960893,1837000,삼성 taptap카드,62.0,경기 고양시,20,간호사,22,남,11.0,14.0,55.0,14.0,6.0
515,3206598,914000,네이버페이 현대,80.0,대구 수성구,30,개발자,30,남,1.0,39.0,1.0,52.0,7.0
516,2217613,1443000,IBK 두드림카드,58.0,서울 강남구,20,영업,24,남,14.0,36.0,21.0,2.0,27.0
517,2546467,917000,NH 농협카드,82.0,울산 남구,30,공무원,32,여,8.0,12.0,17.0,37.0,26.0
518,1975037,1107000,카카오뱅크 체크,56.0,부산 해운대구,20,개발자,23,여,17.0,6.0,39.0,6.0,32.0
519,2643636,1118000,카카오뱅크 체크,59.0,서울 강동구,30,마케팅,30,여,10.0,12.0,30.0,32.0,16.0
520,3660600,1867000,토스카드,66.0,서울 용산구,30,프리랜서,34,남,27.0,50.0,4.0,5.0,14.0
521,2200860,1250000,신한 Deep카드,84.0,서울 송파구,30,간호사,30,여,1.0,4.0,37.0,1.0,57.0
522,1815616,1285000,SSG 랜더스카드,69.0,세종,20,마케팅,26,여,4.0,32.0,4.0,47.0,13.0
523,2556730,1504000,SSG 랜더스카드,42.0,인천 남동구,20,공무원,25,여,4.0,14.0,68.0,2.0,12.0
524,2233748,2220000,NH 농협카드,85.0,서울 마포구,20,생산직,25,남,23.0,2.0,22.0,30.0,23.0
525,2665249,1253000,카카오뱅크 체크,75.0,경기 고양시,20,프리랜서,25,남,3.0,18.0,26.0,37.0,16.0
526,2365941,904000,현대 ZERO카드,71.0,광주 서구,30,개발자,31,남,46.0,26.0,7.0,5.0,16.0
527,1360280,1191000,삼성 taptap카드,49.0,서울 용산구,20,공무원,22,남,43.0,9.0,11.0,30.0,7.0
528,2233497,1623000,SSG 랜더스카드,51.0,세종,30,연구원,39,여,35.0,17.0,36.0,7.0,5.0
529,2116823,764000,씨티 Premier카드,82.0,서울 송파구,30,컨설턴트,31,여,0.0,49.0,16.0,13.0,22.0
530,2210605,1740000,이마트 KB카드,46.0,경기 고양시,20,공무원,20,여,5.0,0.0,4.0,89.0,2.0
531,2181577,1350000,IBK 두드림카드,68.0,서울 마포구,30,회계,30,여,4.0,19.0,5.0,30.0,42.0
532,2620508,2916000,NH 농협카드,62.0,서울 성동구,20,기획,24,여,20.0,25.0,3.0,26.0,26.0
533,2355924,2083000,SSG 랜더스카드,41.0,경기 고양시,30,프리랜서,36,여,12.0,27.0,18.0,39.0,4.0
534,2325237,1580000,우리 Young카드,44.0,광주 서구,20,개발자,28,여,6.0,30.0,51.0,7.0,6.0
535,2328817,1733000,롯데 DC카드,47.0,서울 동작구,20,프리랜서,28,여,6.0,2.0,20.0,20.0,52.0
536,3136468,809000,삼성 taptap카드,69.0,서울 강동구,30,컨설턴트,39,남,3.0,11.0,16.0,66.0,4.0
537,2237935,1618000,이마트 KB카드,82.0,서울 동작구,20,간호사,26,남,5.0,16.0,22.0,1.0,56.0
538,3357420,1095000,현대 ZERO카드,51.0,서울 동작구,30,개발자,39,남,3.0,4.0,7.0,77.0,9.0
539,1852172,941000,하나 Simple카드,42.0,울산 남구,20,대학생,22,여,36.0,13.0,18.0,31.0,2.0
540,2949708,1887000,롯데 DC카드,70.0,서울 송파구,20,컨설턴트,26,여,7.0,20.0,34.0,6.0,33.0
541,2131731,1176000,씨티 Premier카드,76.0,경기 성남시,20,컨설턴트,27,남,9.0,12.0,54.0,1.0,24.0
542,1844225,1518000,하나 Simple카드,54.0,인천 남동구,30,기획,32,여,1.0,35.0,18.0,46.0,0.0
543,2594036,827000,신한 Deep카드,64.0,부산 해운대구,30,영업,30,여,11.0,68.0,9.0,11.0,1.0
544,1824409,1091000,씨티 Premier카드,53.0,서울 서초구,20,프리랜서,21,남,30.0,9.0,0.0,35.0,26.0
545,2582667,1568000,토스카드,40.0,광주 서구,20,공무원,25,남,22.0,39.0,1.0,25.0,13.0
546,3604802,870000,토스카드,80.0,서울 마포구,30,프리랜서,30,여,19.0,1.0,51.0,22.0,7.0
547,1856713,1058000,토스카드,48.0,서울 마포구,20,데이터분석가,26,여,27.0,7.0,22.0,40.0,4.0
548,2416186,1597000,이마트 KB카드,65.0,서울 강남구,20,생산직,27,여,8.0,9.0,13.0,43.0,27.0
549,1622247,1198000,KB 혜담카드,48.0,서울 마포구,30,마케팅,30,여,4.0,31.0,48.0,5.0,12.0
550,2476952,1462000,KB 혜담카드,78.0,서울 서초구,20,연구원,28,여,8.0,58.0,16.0,11.0,7.0
551,2057143,1176000,삼성 taptap카드,55.0,서울 송파구,30,디자이너,31,여,2.0,75.0,14.0,1.0,8.0
552,2187582,1430000,신한 Deep카드,47.0,서울 강동구,30,프리랜서,35,여,35.0,6.0,49.0,6.0,4.0
553,1699356,1367000,삼성 taptap카드,57.0,세종,20,프리랜서,28,여,52.0,24.0,13.0,4.0,7.0
554,2616075,1186000,우리 Young카드,77.0,서울 노원구,20,연구원,20,남,8.0,5.0,8.0,43.0,36.0
555,3705113,669000,NH 농협카드,77.0,서울 강동구,30,회계,34,남,2.0,44.0,10.0,14.0,30.0
556,2261692,683000,현대 ZERO카드,60.0,경기 성남시,20,디자이너,25,남,16.0,62.0,14.0,3.0,5.0
557,2067786,1450000,카카오뱅크 체크,66.0,서울 송파구,30,회계,30,여,15.0,7.0,37.0,33.0,8.0
558,3044761,1173000,삼성 taptap카드,59.0,서울 노원구,20,마케팅,20,여,11.0,25.0,25.0,10.0,29.0
559,2124794,1487000,우리 Young카드,54.0,울산 남구,30,디자이너,30,여,39.0,9.0,21.0,10.0,21.0
560,1486577,1262000,KB 혜담카드,70.0,서울 동작구,30,컨설턴트,37,남,13.0,24.0,1.0,37.0,25.0
561,3320872,1028000,네이버페이 현대,71.0,서울 동작구,30,연구원,39,남,7.0,3.0,18.0,62.0,10.0
562,2226657,1722000,카카오뱅크 체크,46.0,서울 성동구,30,프리랜서,32,남,6.0,11.0,70.0,4.0,9.0
563,2744304,1104000,신한 Deep카드,41.0,세종,20,대학생,28,남,6.0,10.0,35.0,30.0,19.0
564,2309431,1306000,NH 농협카드,44.0,경기 성남시,30,개발자,36,여,1.0,24.0,3.0,28.0,44.0
565,2551856,1657000,NH 농협카드,60.0,경기 고양시,20,서비스직,27,남,31.0,54.0,8.0,2.0,5.0
566,3981050,1569000,하나 Simple카드,59.0,인천 남동구,30,회계,33,남,27.0,3.0,8.0,13.0,49.0
567,1895570,742000,하나 Simple카드,63.0,서울 마포구,30,디자이너,33,여,5.0,5.0,5.0,83.0,2.0
568,1967031,1238000,카카오뱅크 체크,77.0,서울 마포구,20,데이터분석가,27,남,9.0,1.0,74.0,3.0,13.0
569,2212164,1617000,우리 Young카드,75.0,경기 성남시,20,생산직,26,여,14.0,3.0,14.0,35.0,34.0
570,3268775,1714000,KB 혜담카드,50.0,경기 고양시,30,디자이너,32,여,18.0,31.0,15.0,9.0,27.0
571,2539132,740000,이마트 KB카드,51.0,인천 남동구,30,영업,32,남,14.0,0.0,28.0,41.0,17.0
572,1952748,1893000,IBK 두드림카드,78.0,서울 동작구,20,서비스직,29,여,38.0,21.0,8.0,27.0,6.0
573,2489070,1333000,카카오뱅크 체크,43.0,광주 서구,20,데이터분석가,27,여,10.0,20.0,30.0,3.0,37.0
574,2211385,1457000,네이버페이 현대,82.0,서울 노원구,30,서비스직,32,여,11.0,1.0,9.0,10.0,69.0
575,2326262,1271000,현대 ZERO카드,71.0,부산 해운대구,20,공무원,28,남,42.0,16.0,4.0,33.0,5.0
576,1724231,1636000,현대 ZERO카드,80.0,경기 수원시,30,컨설턴트,30,여,18.0,16.0,10.0,41.0,15.0
577,3357164,1138000,카카오뱅크 체크,46.0,서울 강남구,20,서비스직,25,남,4.0,15.0,8.0,44.0,29.0
578,1576145,650000,현대 ZERO카드,72.0,대구 수성구,20,회계,27,남,7.0,2.0,51.0,29.0,11.0
579,2774773,910000,삼성 taptap카드,80.0,부산 해운대구,30,프리랜서,36,남,6.0,1.0,41.0,42.0,10.0
580,2483759,809000,삼성 taptap카드,69.0,서울 강동구,30,컨설턴트,39,여,3.0,11.0,16.0,66.0,4.0
581,4338881,1845000,하나 Simple카드,49.0,세종,30,프리랜서,32,남,26.0,6.0,13.0,51.0,4.0
582,2072607,767000,신한 Deep카드,61.0,광주 서구,30,기획,34,남,16.0,9.0,13.0,15.0,47.0
583,3491852,1616000,SSG 랜더스카드,61.0,서울 관악구,30,연구원,39,여,3.0,33.0,27.0,18.0,19.0
584,2628588,2296000,하나 Simple카드,68.0,서울 서초구,20,서비스직,25,남,24.0,27.0,3.0,41.0,5.0
585,2458547,1202000,신한 Deep카드,82.0,서울 성동구,20,기획,29,남,7.0,10.0,26.0,31.0,26.0
586,1757683,811000,우리 Young카드,54.0,서울 송파구,20,개발자,28,남,17.0,41.0,11.0,27.0,4.0
587,3399798,2155000,KB 혜담카드,64.0,대구 수성구,30,개발자,31,남,24.0,11.0,41.0,23.0,1.0
588,1888256,1696000,SSG 랜더스카드,48.0,인천 남동구,20,개발자,28,남,38.0,20.0,18.0,22.0,2.0
589,3886662,755000,씨티 Premier카드,80.0,경기 수원시,30,컨설턴트,35,남,16.0,20.0,22.0,23.0,19.0
590,1764468,1033000,네이버페이 현대,56.0,서울 서초구,20,간호사,28,여,17.0,0.0,18.0,18.0,47.0
591,2920789,1947000,토스카드,44.0,서울 노원구,30,공무원,31,남,12.0,26.0,21.0,37.0,4.0
592,1972363,724000,토스카드,80.0,서울 관악구,20,회계,23,남,1.0,15.0,17.0,46.0,21.0
593,1756238,721000,NH 농협카드,40.0,서울 관악구,20,프리랜서,29,여,33.0,27.0,3.0,3.0,34.0
594,3518923,1905000,롯데 DC카드,49.0,인천 남동구,30,서비스직,39,남,35.0,11.0,8.0,5.0,41.0
595,2767729,1048000,현대 ZERO카드,70.0,울산 남구,30,서비스직,32,여,12.0,7.0,24.0,54.0,3.0
596,2854505,2220000,NH 농협카드,85.0,서울 마포구,20,생산직,25,남,23.0,2.0,22.0,30.0,23.0
597,1754087,960000,롯데 DC카드,63.0,서울 마포구,30,영업,32,남,28.0,13.0,2.0,51.0,6.0
598,2782085,1460000,네이버페이 현대,55.0,서울 노원구,20,기획,23,남,41.0,29.0,3.0,23.0,4.0
599,4753814,571000,토스카드,73.0,경기 성남시,30,프리랜서,32,남,4.0,4.0,39.0,38.0,15.0
600,2683851,1068000,현대 ZERO카드,83.0,대구 수성구,30,컨설턴트,37,남,12.0,53.0,19.0,7.0,9.0
601,3197574,672000,SSG 랜더스카드,62.0,서울 동작구,20,기획,29,남,1.0,22.0,7.0,38.0,32.0
602,2815787,1181000,신한 Deep카드,44.0,서울 강남구,30,간호사,30,남,14.0,28.0,19.0,9.0,30.0
603,2039313,1633000,롯데 DC카드,79.0,울산 남구,30,생산직,31,남,7.0,5.0,8.0,2.0,78.0
604,2097183,1033000,씨티 Premier카드,70.0,서울 서초구,20,공무원,26,남,26.0,11.0,21.0,31.0,11.0
605,3733742,571000,토스카드,73.0,경기 성남시,30,프리랜서,32,남,4.0,4.0,39.0,38.0,15.0
606,2413276,1290000,네이버페이 현대,68.0,서울 용산구,30,연구원,39,남,15.0,2.0,27.0,17.0,39.0
607,1949830,1052000,IBK 두드림카드,84.0,울산 남구,20,컨설턴트,25,여,27.0,30.0,14.0,20.0,9.0
608,2546769,803000,KB 혜담카드,85.0,서울 마포구,20,생산직,25,여,3.0,32.0,28.0,13.0,24.0
609,3002142,914000,네이버페이 현대,80.0,대구 수성구,30,개발자,30,남,1.0,39.0,1.0,52.0,7.0
610,2792311,1250000,하나 Simple카드,50.0,인천 남동구,30,마케팅,32,여,23.0,10.0,23.0,40.0,4.0
611,2618914,955000,SSG 랜더스카드,47.0,경기 고양시,30,마케팅,32,여,19.0,51.0,13.0,16.0,1.0
612,2489812,881000,신한 Deep카드,84.0,부산 해운대구,20,개발자,25,남,51.0,27.0,4.0,13.0,5.0
613,2033849,1598000,현대 ZERO카드,83.0,서울 강남구,20,연구원,27,여,14.0,10.0,35.0,6.0,35.0
614,2615865,1992000,씨티 Premier카드,83.0,경기 고양시,30,회계,34,여,0.0,4.0,4.0,89.0,3.0
615,1786313,1632000,우리 Young카드,43.0,경기 수원시,20,컨설턴트,27,남,31.0,0.0,6.0,50.0,13.0
616,3901903,1654000,우리 Young카드,42.0,대구 수성구,30,대학생,31,남,4.0,14.0,42.0,16.0,24.0
617,1932862,1091000,롯데 DC카드,63.0,대구 수성구,20,연구원,25,여,13.0,28.0,28.0,8.0,23.0
618,2814423,588000,네이버페이 현대,76.0,서울 노원구,20,디자이너,24,여,4.0,5.0,6.0,26.0,59.0
619,2133196,1003000,삼성 taptap카드,74.0,서울 용산구,20,영업,29,남,13.0,24.0,1.0,26.0,36.0
620,3141399,1364000,씨티 Premier카드,50.0,울산 남구,30,서비스직,30,남,16.0,17.0,3.0,7.0,57.0
621,2002517,1449000,KB 혜담카드,49.0,서울 관악구,20,공무원,27,남,2.0,15.0,11.0,48.0,24.0
622,1742002,914000,하나 Simple카드,81.0,서울 관악구,20,영업,22,남,11.0,29.0,27.0,3.0,30.0
623,1627619,1499000,NH 농협카드,45.0,서울 송파구,30,연구원,32,여,35.0,0.0,10.0,52.0,3.0
624,1722337,1587000,우리 Young카드,66.0,경기 수원시,20,연구원,22,남,49.0,10.0,1.0,25.0,15.0
625,2088045,785000,NH 농협카드,45.0,세종,20,디자이너,23,남,7.0,4.0,30.0,33.0,26.0
626,2605939,1868000,씨티 Premier카드,54.0,서울 마포구,30,영업,31,여,14.0,31.0,25.0,10.0,20.0
627,2755189,1311000,신한 Deep카드,61.0,서울 강남구,20,기획,27,남,0.0,12.0,16.0,16.0,56.0
628,2687969,1640000,하나 Simple카드,57.0,서울 노원구,30,컨설턴트,35,남,40.0,26.0,19.0,3.0,12.0
629,1809019,1029000,삼성 taptap카드,73.0,서울 관악구,20,서비스직,24,여,12.0,15.0,19.0,32.0,22.0
630,1528642,1239000,현대 ZERO카드,43.0,광주 서구,20,디자이너,20,여,44.0,14.0,12.0,1.0,29.0
631,2740031,685000,신한 Deep카드,62.0,서울 관악구,30,개발자,37,여,68.0,1.0,3.0,15.0,13.0
632,2941597,1740000,이마트 KB카드,46.0,경기 고양시,20,공무원,20,여,5.0,0.0,4.0,89.0,2.0
633,3886431,647000,IBK 두드림카드,71.0,대구 수성구,30,연구원,31,남,50.0,2.0,37.0,2.0,9.0
634,2604966,1227000,하나 Simple카드,67.0,서울 송파구,20,기획,27,남,50.0,3.0,8.0,5.0,34.0
635,2819271,500000,하나 Simple카드,42.0,광주 서구,30,컨설턴트,33,여,43.0,3.0,18.0,7.0,29.0
636,4188336,1515000,현대 ZERO카드,56.0,대전 유성구,30,간호사,36,남,14.0,51.0,21.0,2.0,12.0
637,3232457,1307000,NH 농협카드,68.0,세종,30,회계,37,남,10.0,5.0,47.0,25.0,13.0
638,2573064,771000,IBK 두드림카드,54.0,대전 유성구,20,데이터분석가,25,남,15.0,10.0,6.0,59.0,10.0
639,2775451,1441000,현대 ZERO카드,73.0,서울 용산구,30,생산직,35,남,1.0,42.0,4.0,53.0,0.0
640,1568978,758000,카카오뱅크 체크,75.0,서울 동작구,20,컨설턴트,27,남,47.0,28.0,7.0,15.0,3.0
641,1908075,1764000,현대 ZERO카드,66.0,서울 용산구,20,컨설턴트,22,남,13.0,15.0,52.0,9.0,11.0
642,2245420,1193000,신한 Deep카드,72.0,대구 수성구,20,개발자,27,남,16.0,7.0,48.0,26.0,3.0
643,3042549,2173000,신한 Deep카드,77.0,세종,30,영업,33,남,21.0,30.0,11.0,4.0,34.0
644,3463142,1212000,하나 Simple카드,59.0,대전 유성구,30,연구원,37,여,14.0,35.0,13.0,22.0,16.0
645,2290638,1558000,카카오뱅크 체크,69.0,경기 수원시,20,영업,26,여,4.0,10.0,18.0,61.0,7.0
646,2839421,1686000,KB 혜담카드,66.0,서울 성동구,20,컨설턴트,24,여,25.0,33.0,13.0,13.0,16.0
647,2032461,1238000,카카오뱅크 체크,77.0,서울 마포구,20,데이터분석가,27,여,9.0,1.0,74.0,3.0,13.0
648,2094162,777000,씨티 Premier카드,54.0,경기 수원시,20,간호사,20,남,8.0,7.0,44.0,21.0,20.0
649,2069694,732000,신한 Deep카드,67.0,울산 남구,30,공무원,30,남,45.0,35.0,7.0,13.0,0.0
650,1878835,1775000,IBK 두드림카드,60.0,서울 강남구,20,서비스직,28,여,11.0,56.0,22.0,2.0,9.0
651,2253780,1202000,토스카드,57.0,광주 서구,20,연구원,29,여,26.0,54.0,15.0,3.0,2.0
652,3660057,1184000,우리 Young카드,48.0,대구 수성구,30,마케팅,35,남,2.0,23.0,15.0,26.0,34.0
653,3126877,1256000,씨티 Premier카드,54.0,울산 남구,30,공무원,36,남,26.0,17.0,45.0,11.0,1.0
654,2073773,1198000,IBK 두드림카드,70.0,서울 마포구,20,영업,25,남,5.0,33.0,27.0,21.0,14.0
655,3324148,1298000,이마트 KB카드,55.0,서울 강남구,20,생산직,28,남,8.0,30.0,27.0,23.0,12.0
656,2203048,1475000,신한 Deep카드,84.0,서울 강동구,20,서비스직,28,여,7.0,32.0,25.0,20.0,16.0
657,2831500,759000,하나 Simple카드,81.0,서울 서초구,20,마케팅,21,여,2.0,1.0,2.0,37.0,58.0
658,2049395,1192000,롯데 DC카드,81.0,대전 유성구,20,회계,26,남,20.0,0.0,54.0,20.0,6.0
659,2854799,793000,신한 Deep카드,78.0,경기 성남시,30,프리랜서,35,여,58.0,17.0,13.0,6.0,6.0
660,2714007,804000,우리 Young카드,57.0,서울 성동구,20,개발자,23,여,18.0,5.0,59.0,13.0,5.0
661,3145944,1624000,롯데 DC카드,80.0,서울 동작구,30,개발자,32,남,54.0,11.0,15.0,6.0,14.0
662,1351861,1538000,KB 혜담카드,72.0,울산 남구,30,회계,36,남,7.0,15.0,50.0,21.0,7.0
663,2259126,1145000,KB 혜담카드,77.0,경기 성남시,20,연구원,26,남,43.0,20.0,6.0,18.0,13.0
664,3861322,582000,KB 혜담카드,79.0,경기 성남시,30,생산직,31,남,10.0,22.0,34.0,3.0,31.0
665,2513740,781000,신한 Deep카드,62.0,경기 수원시,20,서비스직,25,남,0.0,3.0,64.0,24.0,9.0
666,2472919,1015000,이마트 KB카드,62.0,대구 수성구,20,대학생,25,남,21.0,10.0,19.0,50.0,0.0
667,1794420,1442000,신한 Deep카드,79.0,서울 용산구,30,대학생,33,남,54.0,18.0,2.0,11.0,15.0
668,2495681,737000,하나 Simple카드,72.0,경기 성남시,30,데이터분석가,37,남,7.0,8.0,7.0,73.0,5.0
669,2705678,935000,우리 Young카드,77.0,서울 관악구,30,데이터분석가,30,여,2.0,15.0,5.0,33.0,45.0
670,2455191,823000,하나 Simple카드,76.0,울산 남구,20,디자이너,29,남,31.0,8.0,58.0,1.0,2.0
671,2857333,1549000,하나 Simple카드,72.0,서울 노원구,20,생산직,27,여,1.0,3.0,84.0,3.0,9.0
672,2177566,937000,현대 ZERO카드,81.0,경기 성남시,20,회계,26,남,1.0,26.0,16.0,31.0,26.0
673,2702912,1358000,카카오뱅크 체크,61.0,서울 관악구,30,생산직,31,여,9.0,67.0,3.0,7.0,14.0
674,2258187,1141000,하나 Simple카드,48.0,서울 마포구,20,회계,25,남,40.0,27.0,22.0,5.0,6.0
675,2309140,769000,현대 ZERO카드,53.0,인천 남동구,30,기획,33,남,36.0,14.0,45.0,4.0,1.0
676,1122104,740000,삼성 taptap카드,68.0,서울 관악구,20,대학생,29,여,36.0,4.0,38.0,3.0,19.0
677,2715504,667000,카카오뱅크 체크,40.0,서울 동작구,30,디자이너,34,여,4.0,72.0,6.0,10.0,8.0
678,2586973,1707000,씨티 Premier카드,65.0,경기 성남시,30,연구원,32,여,2.0,22.0,74.0,0.0,2.0
679,1940912,1006000,신한 Deep카드,47.0,서울 노원구,20,컨설턴트,28,남,52.0,13.0,18.0,4.0,13.0
680,1866578,2251000,우리 Young카드,85.0,서울 노원구,30,회계,34,남,7.0,19.0,44.0,13.0,17.0
681,2564869,1688000,삼성 taptap카드,45.0,대전 유성구,20,서비스직,20,여,41.0,3.0,21.0,5.0,30.0
682,2367039,1688000,SSG 랜더스카드,62.0,서울 용산구,30,생산직,30,여,13.0,14.0,42.0,19.0,12.0
683,2528437,1024000,현대 ZERO카드,42.0,경기 성남시,20,생산직,29,여,15.0,2.0,20.0,28.0,35.0
684,3182024,1975000,씨티 Premier카드,76.0,경기 성남시,20,영업,28,여,47.0,1.0,26.0,9.0,17.0
685,1500998,1312000,SSG 랜더스카드,55.0,서울 강동구,30,개발자,31,남,22.0,11.0,32.0,4.0,31.0
686,1900199,1299000,SSG 랜더스카드,69.0,광주 서구,20,프리랜서,29,여,1.0,19.0,49.0,10.0,21.0
687,2853437,1967000,SSG 랜더스카드,84.0,인천 남동구,30,대학생,39,남,1.0,12.0,17.0,51.0,19.0
688,2977413,1688000,삼성 taptap카드,45.0,대전 유성구,20,서비스직,20,남,41.0,3.0,21.0,5.0,30.0
689,1854517,1150000,이마트 KB카드,73.0,부산 해운대구,30,서비스직,34,남,10.0,19.0,25.0,20.0,26.0
690,3217930,918000,현대 ZERO카드,58.0,서울 강남구,20,컨설턴트,28,여,1.0,2.0,65.0,18.0,14.0
691,3095099,751000,씨티 Premier카드,80.0,울산 남구,30,마케팅,32,남,2.0,44.0,3.0,14.0,37.0
692,2201999,1459000,토스카드,57.0,대구 수성구,20,디자이너,20,남,9.0,12.0,8.0,34.0,37.0
693,2150970,1617000,카카오뱅크 체크,82.0,서울 서초구,20,대학생,26,여,30.0,12.0,0.0,19.0,39.0
694,2694615,993000,현대 ZERO카드,75.0,서울 노원구,30,컨설턴트,30,남,25.0,21.0,6.0,6.0,42.0
695,3024058,1763000,삼성 taptap카드,78.0,서울 동작구,30,대학생,35,여,10.0,20.0,29.0,31.0,10.0
696,2252035,1748000,씨티 Premier카드,54.0,부산 해운대구,30,서비스직,31,남,5.0,22.0,9.0,26.0,38.0
697,3241789,998000,이마트 KB카드,61.0,인천 남동구,30,디자이너,32,남,2.0,2.0,79.0,15.0,2.0
698,2057909,1269000,SSG 랜더스카드,55.0,대전 유성구,20,생산직,28,여,9.0,11.0,11.0,8.0,61.0
699,2466506,906000,토스카드,48.0,서울 마포구,30,공무원,33,남,54.0,17.0,13.0,15.0,1.0
700,3542987,965000,NH 농협카드,78.0,광주 서구,20,영업,29,남,40.0,14.0,27.0,5.0,14.0
701,3293335,1143000,씨티 Premier카드,69.0,서울 동작구,30,디자이너,38,남,9.0,45.0,13.0,17.0,16.0
702,3429285,1058000,NH 농협카드,60.0,서울 마포구,30,회계,31,남,4.0,23.0,1.0,7.0,65.0
703,2818888,1211000,KB 혜담카드,63.0,서울 강동구,20,데이터분석가,25,여,2.0,24.0,3.0,33.0,38.0
704,2005055,1386000,KB 혜담카드,67.0,서울 서초구,30,마케팅,36,남,27.0,13.0,16.0,9.0,35.0
705,3376145,1388000,삼성 taptap카드,54.0,경기 수원시,30,기획,31,여,44.0,5.0,9.0,13.0,29.0
706,1000000,1275000,토스카드,45.0,대전 유성구,20,컨설턴트,27,남,26.0,44.0,10.0,9.0,11.0
707,2115616,942000,이마트 KB카드,75.0,부산 해운대구,30,대학생,34,여,15.0,64.0,13.0,3.0,5.0
708,2020484,1351000,삼성 taptap카드,54.0,서울 동작구,20,생산직,26,여,18.0,6.0,47.0,25.0,4.0
709,2540861,1983000,씨티 Premier카드,45.0,경기 수원시,20,디자이너,29,여,47.0,7.0,26.0,15.0,5.0
710,3153102,1489000,씨티 Premier카드,69.0,서울 성동구,30,마케팅,31,남,28.0,35.0,2.0,4.0,31.0
711,2166592,1317000,신한 Deep카드,76.0,서울 마포구,20,영업,24,남,69.0,13.0,4.0,14.0,0.0
712,2244001,860000,현대 ZERO카드,44.0,광주 서구,20,연구원,22,남,3.0,21.0,19.0,57.0,0.0
713,1760988,1285000,하나 Simple카드,58.0,서울 관악구,20,영업,28,여,8.0,35.0,7.0,42.0,8.0
714,1751383,1068000,이마트 KB카드,57.0,경기 수원시,30,대학생,33,여,17.0,29.0,35.0,9.0,10.0
715,2613255,1933000,NH 농협카드,41.0,서울 강동구,20,서비스직,26,여,15.0,5.0,28.0,26.0,26.0
716,2596853,645000,이마트 KB카드,65.0,대전 유성구,20,기획,20,남,17.0,1.0,2.0,11.0,69.0
717,3042247,1933000,NH 농협카드,41.0,서울 강동구,20,서비스직,26,여,15.0,5.0,28.0,26.0,26.0
718,2104991,1005000,SSG 랜더스카드,60.0,서울 성동구,30,대학생,30,여,3.0,1.0,81.0,6.0,9.0
719,3484970,1989000,삼성 taptap카드,46.0,대전 유성구,30,간호사,37,남,23.0,15.0,21.0,25.0,16.0
720,2801405,976000,SSG 랜더스카드,46.0,서울 용산구,30,기획,33,남,65.0,5.0,5.0,1.0,24.0
721,2845237,664000,현대 ZERO카드,72.0,부산 해운대구,20,개발자,26,여,0.0,29.0,2.0,9.0,60.0
722,3010981,938000,현대 ZERO카드,80.0,광주 서구,30,대학생,34,여,46.0,8.0,35.0,5.0,6.0
723,2355604,2134000,이마트 KB카드,68.0,경기 수원시,20,대학생,27,여,21.0,5.0,24.0,1.0,49.0
724,2080234,1313000,NH 농협카드,67.0,부산 해운대구,20,연구원,20,남,5.0,30.0,14.0,1.0,50.0
725,2980466,1211000,롯데 DC카드,49.0,서울 송파구,30,간호사,33,여,12.0,41.0,4.0,15.0,28.0
726,2573452,1032000,네이버페이 현대,80.0,울산 남구,20,생산직,20,남,17.0,38.0,8.0,24.0,13.0
727,1907779,1749000,삼성 taptap카드,53.0,서울 마포구,20,데이터분석가,26,남,3.0,33.0,11.0,28.0,25.0
728,1586100,977000,롯데 DC카드,45.0,경기 성남시,20,서비스직,28,남,19.0,52.0,1.0,21.0,7.0
729,2105733,759000,현대 ZERO카드,54.0,서울 관악구,20,대학생,27,여,15.0,20.0,19.0,45.0,1.0
730,3257706,1143000,씨티 Premier카드,69.0,서울 동작구,30,디자이너,38,여,9.0,45.0,13.0,17.0,16.0
731,2823243,1185000,NH 농협카드,67.0,서울 성동구,20,공무원,22,여,3.0,55.0,9.0,25.0,8.0
732,2221370,1180000,토스카드,53.0,서울 관악구,30,영업,32,남,46.0,18.0,2.0,15.0,19.0
733,1916121,754000,롯데 DC카드,85.0,서울 강남구,30,대학생,32,여,5.0,9.0,9.0,24.0,53.0
734,2887341,1711000,카카오뱅크 체크,84.0,경기 수원시,20,데이터분석가,24,남,4.0,10.0,44.0,18.0,24.0
735,1932182,1575000,롯데 DC카드,67.0,서울 강남구,30,디자이너,34,여,49.0,1.0,8.0,34.0,8.0
736,2504647,711000,KB 혜담카드,67.0,세종,20,서비스직,26,남,4.0,11.0,63.0,19.0,3.0
737,1941964,2294000,이마트 KB카드,72.0,서울 노원구,20,생산직,28,남,57.0,4.0,23.0,14.0,2.0
738,4131931,1214000,현대 ZERO카드,62.0,서울 강남구,30,개발자,35,남,35.0,2.0,52.0,5.0,6.0
739,2460702,918000,KB 혜담카드,82.0,경기 수원시,30,공무원,30,남,27.0,11.0,10.0,47.0,5.0
740,2821680,1530000,네이버페이 현대,84.0,울산 남구,20,개발자,24,여,4.0,38.0,16.0,31.0,11.0
741,2592429,1276000,KB 혜담카드,51.0,대구 수성구,30,기획,32,여,81.0,1.0,3.0,1.0,14.0
742,3176536,2463000,현대 ZERO카드,62.0,부산 해운대구,30,대학생,37,남,6.0,30.0,15.0,30.0,19.0
743,1264845,1249000,IBK 두드림카드,50.0,서울 서초구,20,디자이너,24,여,1.0,8.0,0.0,23.0,68.0
744,1457960,1777000,현대 ZERO카드,79.0,서울 송파구,30,간호사,33,남,18.0,15.0,9.0,36.0,22.0
745,2389717,854000,하나 Simple카드,79.0,서울 동작구,30,영업,33,여,28.0,11.0,48.0,10.0,3.0
746,2623453,562000,신한 Deep카드,41.0,인천 남동구,30,마케팅,35,여,45.0,10.0,7.0,27.0,11.0
747,1937401,2069000,우리 Young카드,51.0,울산 남구,30,간호사,31,여,10.0,6.0,16.0,38.0,30.0
748,1705653,1259000,카카오뱅크 체크,71.0,서울 마포구,20,마케팅,29,남,23.0,4.0,31.0,32.0,10.0
749,2530736,1121000,네이버페이 현대,85.0,대전 유성구,20,생산직,25,여,34.0,7.0,37.0,21.0,1.0
750,2531427,668000,네이버페이 현대,47.0,경기 성남시,20,기획,28,여,24.0,51.0,12.0,2.0,11.0
751,2903581,845000,카카오뱅크 체크,82.0,경기 성남시,30,데이터분석가,34,남,22.0,23.0,28.0,13.0,14.0
752,3546141,1595000,카카오뱅크 체크,85.0,서울 동작구,30,영업,31,남,31.0,8.0,3.0,19.0,39.0
753,1912898,2432000,현대 ZERO카드,81.0,서울 성동구,30,마케팅,32,여,0.0,1.0,15.0,61.0,23.0
754,2072032,729000,토스카드,51.0,경기 성남시,20,마케팅,22,여,63.0,18.0,1.0,11.0,7.0
755,3073938,2044000,토스카드,43.0,서울 강동구,20,마케팅,20,여,5.0,0.0,14.0,43.0,38.0
756,2284161,1521000,현대 ZERO카드,63.0,경기 성남시,20,대학생,22,여,43.0,37.0,16.0,2.0,2.0
757,2563156,1189000,KB 혜담카드,74.0,광주 서구,30,생산직,35,여,9.0,25.0,9.0,28.0,29.0
758,3402973,1660000,우리 Young카드,47.0,경기 성남시,20,영업,23,남,6.0,26.0,17.0,1.0,50.0
759,1550328,1458000,신한 Deep카드,70.0,세종,20,연구원,28,남,1.0,22.0,20.0,36.0,21.0
760,3557501,1028000,네이버페이 현대,71.0,서울 동작구,30,연구원,39,남,7.0,3.0,18.0,62.0,10.0
761,3081993,767000,씨티 Premier카드,42.0,경기 수원시,20,회계,26,여,42.0,19.0,10.0,8.0,21.0
762,2772599,942000,이마트 KB카드,75.0,부산 해운대구,30,대학생,34,남,15.0,64.0,13.0,3.0,5.0
763,2679815,1846000,IBK 두드림카드,58.0,경기 성남시,20,공무원,23,여,14.0,4.0,55.0,22.0,5.0
764,2008990,1297000,카카오뱅크 체크,70.0,경기 수원시,30,기획,34,여,1.0,24.0,51.0,18.0,6.0
765,2156633,1029000,KB 혜담카드,75.0,서울 성동구,30,서비스직,34,여,7.0,7.0,14.0,40.0,32.0
766,2442483,1176000,씨티 Premier카드,76.0,경기 성남시,20,컨설턴트,27,남,9.0,12.0,54.0,1.0,24.0
767,2649283,564000,씨티 Premier카드,53.0,서울 마포구,20,간호사,26,여,26.0,5.0,4.0,58.0,7.0
768,2810468,925000,카카오뱅크 체크,81.0,광주 서구,20,컨설턴트,27,남,27.0,22.0,6.0,23.0,22.0
769,3034814,1511000,씨티 Premier카드,65.0,서울 성동구,20,회계,28,여,33.0,2.0,6.0,20.0,39.0
770,2216276,1496000,씨티 Premier카드,76.0,광주 서구,20,개발자,20,남,17.0,9.0,24.0,33.0,17.0
771,2846805,1260000,네이버페이 현대,43.0,광주 서구,20,대학생,29,남,24.0,8.0,8.0,38.0,22.0
772,2328847,1071000,삼성 taptap카드,63.0,서울 강남구,30,영업,35,여,75.0,17.0,6.0,1.0,1.0
773,2701045,1252000,SSG 랜더스카드,62.0,광주 서구,20,대학생,29,남,9.0,49.0,20.0,17.0,5.0
774,3145242,1879000,신한 Deep카드,63.0,광주 서구,30,개발자,34,남,75.0,2.0,1.0,15.0,7.0
775,2472838,1468000,카카오뱅크 체크,76.0,경기 성남시,20,서비스직,29,여,39.0,11.0,6.0,34.0,10.0
776,2711753,540000,네이버페이 현대,40.0,서울 용산구,30,기획,39,여,7.0,21.0,20.0,21.0,31.0
777,1697647,1059000,하나 Simple카드,42.0,서울 용산구,30,서비스직,34,여,4.0,19.0,38.0,26.0,13.0
778,1687939,1675000,우리 Young카드,65.0,대전 유성구,20,회계,24,여,33.0,11.0,10.0,30.0,16.0
779,2301270,1194000,현대 ZERO카드,60.0,대전 유성구,20,디자이너,28,여,11.0,23.0,40.0,19.0,7.0
780,1406360,2799000,IBK 두드림카드,44.0,서울 노원구,20,개발자,29,남,27.0,31.0,30.0,3.0,9.0
781,3581847,2074000,이마트 KB카드,66.0,서울 송파구,30,생산직,34,남,11.0,7.0,19.0,5.0,58.0
782,2685777,565000,롯데 DC카드,48.0,부산 해운대구,20,개발자,23,남,48.0,3.0,43.0,1.0,5.0
783,2413585,1922000,SSG 랜더스카드,79.0,울산 남구,20,서비스직,24,여,1.0,28.0,23.0,12.0,36.0
784,1939432,1150000,우리 Young카드,62.0,서울 관악구,30,생산직,31,여,7.0,5.0,40.0,41.0,7.0
785,3966097,1953000,씨티 Premier카드,71.0,세종,30,생산직,31,남,46.0,26.0,9.0,15.0,4.0
786,3268605,952000,카카오뱅크 체크,48.0,경기 성남시,20,마케팅,29,남,32.0,29.0,9.0,7.0,23.0
787,2323538,1697000,IBK 두드림카드,73.0,서울 관악구,20,기획,29,여,9.0,31.0,18.0,31.0,11.0
788,3357374,973000,네이버페이 현대,72.0,경기 성남시,30,기획,34,남,16.0,13.0,16.0,27.0,28.0
789,2350869,1624000,신한 Deep카드,67.0,서울 성동구,20,영업,20,여,9.0,58.0,4.0,20.0,9.0
790,2765184,1488000,NH 농협카드,46.0,서울 노원구,30,대학생,33,여,1.0,21.0,11.0,14.0,53.0
791,2440220,1094000,SSG 랜더스카드,81.0,서울 마포구,30,연구원,32,여,40.0,3.0,27.0,7.0,23.0
792,2975805,1220000,우리 Young카드,81.0,대구 수성구,30,대학생,34,남,21.0,66.0,3.0,9.0,1.0
793,2702858,1063000,카카오뱅크 체크,50.0,서울 송파구,20,컨설턴트,28,여,33.0,18.0,14.0,11.0,24.0
794,3672812,1270000,네이버페이 현대,52.0,부산 해운대구,30,프리랜서,34,여,28.0,42.0,3.0,15.0,12.0
795,1549964,758000,카카오뱅크 체크,75.0,서울 동작구,20,컨설턴트,27,여,47.0,28.0,7.0,15.0,3.0
796,2198093,956000,롯데 DC카드,65.0,서울 용산구,20,연구원,20,여,23.0,10.0,33.0,2.0,32.0
797,1909769,883000,현대 ZERO카드,84.0,부산 해운대구,30,연구원,36,여,1.0,0.0,42.0,8.0,49.0
798,3046012,2162000,우리 Young카드,55.0,인천 남동구,20,간호사,26,여,3.0,3.0,18.0,53.0,23.0
799,2588583,672000,이마트 KB카드,74.0,서울 송파구,30,간호사,38,남,5.0,11.0,50.0,23.0,11.0
800,1778399,796000,카카오뱅크 체크,56.0,경기 고양시,30,기획,31,여,13.0,11.0,36.0,7.0,33.0
801,2819093,1160000,IBK 두드림카드,71.0,서울 서초구,30,영업,34,여,17.0,29.0,42.0,1.0,11.0
802,3122155,2174000,이마트 KB카드,43.0,광주 서구,20,회계,26,남,17.0,17.0,40.0,3.0,23.0
803,2831798,1294000,NH 농협카드,84.0,서울 서초구,30,연구원,30,여,66.0,8.0,7.0,7.0,12.0
804,2602398,529000,IBK 두드림카드,82.0,서울 노원구,30,영업,37,여,8.0,16.0,12.0,52.0,12.0
805,2704570,2698000,하나 Simple카드,56.0,부산 해운대구,30,기획,32,여,11.0,10.0,29.0,4.0,46.0
806,2957420,1488000,우리 Young카드,82.0,서울 송파구,20,연구원,24,남,3.0,37.0,2.0,54.0,4.0
807,1812900,918000,현대 ZERO카드,58.0,서울 강남구,20,컨설턴트,28,남,1.0,2.0,65.0,18.0,14.0
808,2194076,1044000,네이버페이 현대,58.0,대구 수성구,20,컨설턴트,29,여,1.0,3.0,23.0,9.0,64.0
809,2023654,1408000,네이버페이 현대,61.0,서울 송파구,20,대학생,25,여,33.0,2.0,23.0,4.0,38.0
810,2182494,1180000,현대 ZERO카드,50.0,부산 해운대구,30,간호사,37,남,21.0,8.0,19.0,35.0,17.0
811,2335812,800000,IBK 두드림카드,70.0,세종,30,연구원,33,여,10.0,45.0,10.0,23.0,12.0
812,2803860,624000,IBK 두드림카드,41.0,서울 관악구,20,컨설턴트,22,여,2.0,46.0,1.0,24.0,27.0
813,2783301,569000,씨티 Premier카드,58.0,서울 성동구,30,기획,31,여,33.0,18.0,11.0,25.0,13.0
814,2572155,1591000,이마트 KB카드,78.0,대전 유성구,20,개발자,25,여,8.0,48.0,5.0,16.0,23.0
815,2323237,884000,네이버페이 현대,41.0,서울 서초구,20,마케팅,27,남,9.0,26.0,36.0,14.0,15.0
816,3366326,1101000,삼성 taptap카드,47.0,세종,30,프리랜서,30,남,44.0,8.0,16.0,11.0,21.0
817,2439586,1196000,토스카드,76.0,서울 강남구,30,영업,32,남,21.0,41.0,30.0,7.0,1.0
818,2345245,853000,카카오뱅크 체크,60.0,세종,30,데이터분석가,32,여,11.0,5.0,19.0,15.0,50.0
819,3134402,1500000,하나 Simple카드,41.0,경기 성남시,30,공무원,36,남,25.0,9.0,46.0,20.0,0.0
820,2388757,608000,씨티 Premier카드,72.0,울산 남구,20,영업,25,남,70.0,3.0,1.0,8.0,18.0
821,3224131,1224000,KB 혜담카드,81.0,서울 송파구,30,공무원,35,남,21.0,10.0,14.0,26.0,29.0
822,2180832,1396000,IBK 두드림카드,45.0,서울 마포구,20,간호사,23,여,4.0,36.0,18.0,16.0,26.0
823,2311288,1921000,씨티 Premier카드,51.0,경기 성남시,30,개발자,37,여,2.0,79.0,12.0,1.0,6.0
824,3828885,2524000,KB 혜담카드,47.0,서울 강남구,20,연구원,20,남,60.0,16.0,3.0,0.0,21.0
825,2703393,1341000,신한 Deep카드,53.0,서울 강남구,20,연구원,27,남,9.0,10.0,32.0,40.0,9.0
826,2456573,1618000,이마트 KB카드,82.0,서울 동작구,20,간호사,26,여,5.0,16.0,22.0,1.0,56.0
827,2133395,1695000,IBK 두드림카드,62.0,서울 관악구,20,생산직,28,남,32.0,17.0,46.0,4.0,1.0
828,2024390,1056000,롯데 DC카드,44.0,서울 성동구,20,서비스직,28,남,2.0,41.0,32.0,22.0,3.0
829,2184599,809000,이마트 KB카드,65.0,서울 서초구,20,데이터분석가,23,남,5.0,14.0,6.0,22.0,53.0
830,2396414,824000,이마트 KB카드,61.0,대구 수성구,20,프리랜서,29,남,0.0,43.0,8.0,14.0,35.0
831,1309782,727000,하나 Simple카드,57.0,서울 마포구,20,연구원,24,남,17.0,42.0,13.0,28.0,0.0
832,1465305,1558000,카카오뱅크 체크,69.0,경기 수원시,20,영업,26,남,4.0,10.0,18.0,61.0,7.0
833,2554182,1378000,IBK 두드림카드,54.0,서울 성동구,30,데이터분석가,31,남,29.0,34.0,14.0,3.0,20.0
834,2603569,984000,토스카드,42.0,경기 수원시,30,프리랜서,33,여,2.0,13.0,28.0,56.0,1.0
835,2832508,1321000,토스카드,66.0,서울 강동구,30,공무원,36,남,24.0,39.0,12.0,13.0,12.0
836,3239060,544000,네이버페이 현대,48.0,서울 용산구,30,공무원,38,여,30.0,5.0,50.0,7.0,8.0
837,1508801,767000,KB 혜담카드,41.0,서울 관악구,20,간호사,27,여,6.0,76.0,1.0,1.0,16.0
838,1874327,1115000,신한 Deep카드,67.0,서울 강남구,20,프리랜서,28,남,9.0,37.0,8.0,16.0,30.0
839,3010045,1866000,신한 Deep카드,74.0,광주 서구,20,프리랜서,26,여,53.0,9.0,2.0,36.0,0.0
840,2315559,1013000,KB 혜담카드,67.0,서울 성동구,20,디자이너,25,남,57.0,0.0,9.0,1.0,33.0
841,2942421,2120000,IBK 두드림카드,53.0,서울 동작구,30,마케팅,31,여,13.0,74.0,0.0,1.0,12.0
842,3275623,652000,IBK 두드림카드,74.0,서울 강동구,20,디자이너,22,남,14.0,21.0,14.0,34.0,17.0
843,1903097,1552000,IBK 두드림카드,41.0,서울 강남구,20,마케팅,24,남,15.0,8.0,38.0,18.0,21.0
844,2200342,1632000,우리 Young카드,43.0,경기 수원시,20,컨설턴트,27,남,31.0,0.0,6.0,50.0,13.0
845,2363786,775000,롯데 DC카드,51.0,세종,30,개발자,30,여,24.0,5.0,6.0,59.0,6.0
846,1522703,1493000,KB 혜담카드,45.0,경기 고양시,30,생산직,30,여,32.0,4.0,25.0,22.0,17.0
847,2094801,1339000,롯데 DC카드,67.0,경기 성남시,20,회계,27,여,5.0,24.0,5.0,45.0,21.0
848,2690531,701000,삼성 taptap카드,66.0,대전 유성구,20,연구원,28,남,27.0,3.0,1.0,53.0,16.0
849,2770294,1003000,카카오뱅크 체크,67.0,광주 서구,30,데이터분석가,34,여,24.0,11.0,13.0,8.0,44.0
850,3433358,2054000,신한 Deep카드,55.0,서울 노원구,30,영업,33,남,14.0,12.0,52.0,20.0,2.0
851,2312245,825000,SSG 랜더스카드,74.0,경기 성남시,30,데이터분석가,31,여,18.0,23.0,23.0,29.0,7.0
852,1921951,1399000,KB 혜담카드,80.0,서울 동작구,20,서비스직,26,남,10.0,24.0,51.0,3.0,12.0
853,3888478,2115000,이마트 KB카드,80.0,서울 강남구,30,기획,30,남,13.0,16.0,36.0,25.0,10.0
854,2651877,998000,이마트 KB카드,61.0,인천 남동구,30,디자이너,32,남,2.0,2.0,79.0,15.0,2.0
855,2397041,1664000,NH 농협카드,79.0,경기 수원시,20,회계,23,남,35.0,61.0,0.0,3.0,1.0
856,2581667,2246000,우리 Young카드,78.0,세종,30,컨설턴트,37,여,11.0,8.0,0.0,76.0,5.0
857,4023201,1965000,이마트 KB카드,70.0,서울 용산구,30,생산직,35,남,59.0,2.0,4.0,9.0,26.0
858,2735706,1144000,씨티 Premier카드,82.0,부산 해운대구,20,마케팅,29,여,46.0,21.0,11.0,17.0,5.0
859,2093318,1807000,SSG 랜더스카드,54.0,경기 수원시,30,생산직,37,남,40.0,31.0,1.0,7.0,21.0
860,1656223,861000,카카오뱅크 체크,44.0,서울 마포구,20,간호사,20,여,8.0,13.0,23.0,29.0,27.0
861,3405236,1137000,하나 Simple카드,85.0,경기 성남시,30,공무원,33,남,2.0,1.0,0.0,50.0,47.0
862,2954963,1053000,이마트 KB카드,68.0,서울 동작구,30,기획,36,남,37.0,2.0,40.0,18.0,3.0
863,2272414,2242000,KB 혜담카드,41.0,대전 유성구,30,데이터분석가,37,여,79.0,12.0,5.0,3.0,1.0
864,3710939,582000,KB 혜담카드,79.0,경기 성남시,30,생산직,31,남,10.0,22.0,34.0,3.0,31.0
865,2343729,664000,현대 ZERO카드,72.0,부산 해운대구,20,개발자,26,남,0.0,29.0,2.0,9.0,60.0
866,2276228,2541000,이마트 KB카드,43.0,서울 강남구,20,디자이너,21,여,8.0,20.0,41.0,31.0,0.0
867,2889914,1114000,IBK 두드림카드,66.0,인천 남동구,30,간호사,34,여,1.0,15.0,12.0,68.0,4.0
868,2737423,1127000,삼성 taptap카드,62.0,서울 용산구,30,간호사,37,남,3.0,15.0,49.0,30.0,3.0
869,4097963,953000,KB 혜담카드,82.0,대전 유성구,30,컨설턴트,30,남,7.0,24.0,1.0,45.0,23.0
870,1855976,1108000,현대 ZERO카드,71.0,울산 남구,20,공무원,21,여,7.0,2.0,50.0,38.0,3.0
871,2578464,1628000,NH 농협카드,59.0,경기 고양시,20,프리랜서,24,남,4.0,1.0,30.0,5.0,60.0
872,2966916,801000,KB 혜담카드,63.0,인천 남동구,20,컨설턴트,28,남,30.0,16.0,9.0,42.0,3.0
873,2035893,619000,NH 농협카드,62.0,서울 송파구,30,개발자,35,남,23.0,32.0,2.0,41.0,2.0
874,2328332,1480000,롯데 DC카드,68.0,경기 고양시,30,개발자,30,여,31.0,14.0,39.0,2.0,14.0
875,2821103,1304000,우리 Young카드,58.0,서울 성동구,20,회계,29,여,42.0,14.0,15.0,22.0,7.0
876,2828622,1967000,네이버페이 현대,61.0,서울 동작구,20,기획,29,남,15.0,8.0,35.0,28.0,14.0
877,2164252,1116000,하나 Simple카드,50.0,경기 고양시,20,기획,28,남,14.0,36.0,11.0,26.0,13.0
878,2485730,1358000,카카오뱅크 체크,61.0,서울 관악구,30,생산직,31,남,9.0,67.0,3.0,7.0,14.0
879,2727967,1363000,KB 혜담카드,45.0,서울 노원구,20,개발자,28,여,17.0,27.0,4.0,45.0,7.0
880,3828484,756000,네이버페이 현대,76.0,세종,30,컨설턴트,31,남,9.0,73.0,6.0,10.0,2.0
881,2184735,1804000,삼성 taptap카드,61.0,세종,30,회계,30,남,11.0,15.0,48.0,24.0,2.0
882,1648043,1211000,씨티 Premier카드,56.0,서울 송파구,20,컨설턴트,24,여,5.0,22.0,55.0,3.0,15.0
883,2362628,1655000,롯데 DC카드,45.0,경기 성남시,20,개발자,27,남,19.0,26.0,39.0,13.0,3.0
884,2814680,1084000,삼성 taptap카드,47.0,부산 해운대구,30,마케팅,35,여,12.0,34.0,13.0,35.0,6.0
885,2100465,1526000,하나 Simple카드,71.0,서울 관악구,20,회계,27,남,1.0,3.0,54.0,0.0,42.0
886,2589646,1452000,삼성 taptap카드,73.0,경기 수원시,20,마케팅,23,남,5.0,0.0,20.0,22.0,53.0
887,2502904,957000,토스카드,66.0,대전 유성구,30,개발자,30,남,26.0,45.0,3.0,7.0,19.0
888,1442653,1079000,씨티 Premier카드,68.0,서울 서초구,30,프리랜서,31,여,31.0,31.0,15.0,3.0,20.0
889,2288049,1025000,하나 Simple카드,44.0,대전 유성구,30,컨설턴트,30,여,38.0,12.0,1.0,21.0,28.0
890,2531616,1598000,현대 ZERO카드,49.0,인천 남동구,30,데이터분석가,31,여,13.0,11.0,5.0,60.0,11.0
891,2112080,1637000,우리 Young카드,68.0,경기 수원시,20,마케팅,25,남,25.0,40.0,26.0,1.0,8.0
892,1670698,1126000,신한 Deep카드,62.0,경기 고양시,20,간호사,28,여,18.0,31.0,4.0,27.0,20.0
893,1342175,688000,KB 혜담카드,54.0,인천 남동구,20,마케팅,25,남,5.0,9.0,33.0,27.0,26.0
894,1992955,779000,하나 Simple카드,44.0,서울 강동구,20,회계,24,남,35.0,10.0,12.0,27.0,16.0
895,2948827,1480000,NH 농협카드,41.0,서울 강남구,30,컨설턴트,30,여,10.0,18.0,9.0,12.0,51.0
896,2878098,1024000,SSG 랜더스카드,61.0,세종,20,대학생,20,남,30.0,19.0,1.0,29.0,21.0
897,2843856,2203000,삼성 taptap카드,72.0,서울 강남구,20,데이터분석가,28,남,31.0,12.0,15.0,28.0,14.0
898,1842045,1578000,네이버페이 현대,51.0,광주 서구,20,간호사,25,남,9.0,20.0,18.0,35.0,18.0
899,1673146,659000,현대 ZERO카드,75.0,대전 유성구,20,데이터분석가,26,남,9.0,29.0,57.0,4.0,1.0
900,3347644,2062000,SSG 랜더스카드,84.0,서울 동작구,30,대학생,33,남,13.0,34.0,32.0,11.0,10.0
901,2567550,1760000,이마트 KB카드,59.0,서울 강동구,20,공무원,20,여,1.0,8.0,16.0,5.0,70.0
902,2450084,865000,씨티 Premier카드,85.0,세종,20,공무원,27,남,2.0,31.0,51.0,14.0,2.0
903,1492968,1519000,네이버페이 현대,73.0,울산 남구,30,회계,32,여,23.0,30.0,4.0,39.0,4.0
904,1816557,1347000,토스카드,78.0,울산 남구,20,생산직,22,여,27.0,29.0,7.0,5.0,32.0
905,2979217,1497000,삼성 taptap카드,59.0,인천 남동구,30,간호사,33,남,19.0,5.0,6.0,40.0,30.0
906,2493609,1506000,씨티 Premier카드,76.0,서울 강남구,20,마케팅,20,남,3.0,84.0,6.0,2.0,5.0
907,3537115,1713000,하나 Simple카드,47.0,경기 수원시,30,회계,34,남,8.0,4.0,70.0,10.0,8.0
908,2572126,1230000,우리 Young카드,55.0,경기 고양시,30,마케팅,30,여,20.0,3.0,59.0,5.0,13.0
909,3231548,1125000,하나 Simple카드,70.0,인천 남동구,30,컨설턴트,30,남,4.0,16.0,11.0,11.0,58.0
910,2292432,546000,삼성 taptap카드,47.0,서울 강남구,20,회계,26,여,21.0,32.0,8.0,32.0,7.0
911,2592809,1708000,KB 혜담카드,43.0,서울 용산구,20,서비스직,26,남,57.0,9.0,16.0,16.0,2.0
912,2406432,1699000,삼성 taptap카드,69.0,서울 마포구,20,개발자,20,여,59.0,1.0,21.0,19.0,0.0
913,3046016,795000,롯데 DC카드,85.0,대구 수성구,30,대학생,30,남,12.0,13.0,7.0,38.0,30.0
914,2115815,1276000,씨티 Premier카드,42.0,서울 노원구,20,디자이너,23,남,40.0,13.0,23.0,20.0,4.0
915,2540645,914000,IBK 두드림카드,47.0,서울 동작구,30,서비스직,38,여,47.0,4.0,15.0,8.0,26.0
916,2742295,1479000,우리 Young카드,64.0,경기 고양시,30,기획,30,여,42.0,26.0,20.0,10.0,2.0
917,2383737,1457000,하나 Simple카드,76.0,대구 수성구,20,개발자,29,남,3.0,56.0,33.0,6.0,2.0
918,2440413,687000,현대 ZERO카드,82.0,서울 강동구,20,회계,29,여,16.0,3.0,35.0,2.0,44.0
919,2921360,1503000,삼성 taptap카드,53.0,서울 성동구,20,회계,29,남,7.0,2.0,3.0,38.0,50.0
920,2632581,890000,토스카드,61.0,서울 용산구,30,회계,33,여,3.0,27.0,7.0,36.0,27.0
921,1925500,2047000,롯데 DC카드,46.0,서울 서초구,20,프리랜서,26,여,21.0,11.0,4.0,2.0,62.0
922,3618524,637000,하나 Simple카드,82.0,경기 고양시,30,공무원,34,남,0.0,1.0,37.0,53.0,9.0
923,2043661,1566000,현대 ZERO카드,83.0,서울 관악구,30,영업,33,남,1.0,1.0,5.0,48.0,45.0
924,2243010,968000,KB 혜담카드,85.0,세종,30,회계,36,남,4.0,0.0,3.0,32.0,61.0
925,2417923,1627000,현대 ZERO카드,72.0,서울 강남구,20,공무원,25,여,37.0,1.0,29.0,4.0,29.0
926,2508198,1810000,하나 Simple카드,71.0,서울 서초구,20,마케팅,20,여,11.0,23.0,45.0,18.0,3.0
927,2128464,1394000,삼성 taptap카드,70.0,경기 성남시,30,디자이너,33,남,18.0,13.0,36.0,10.0,23.0
928,2732027,1352000,KB 혜담카드,57.0,광주 서구,30,간호사,31,남,6.0,61.0,3.0,27.0,3.0
929,1946958,868000,토스카드,52.0,서울 서초구,20,서비스직,24,여,64.0,1.0,18.0,8.0,9.0
930,2256661,1129000,신한 Deep카드,70.0,대구 수성구,30,기획,31,여,39.0,16.0,17.0,8.0,20.0
931,2971798,1091000,KB 혜담카드,53.0,울산 남구,30,마케팅,32,여,0.0,22.0,64.0,7.0,7.0
932,3494553,1714000,KB 혜담카드,50.0,경기 고양시,30,디자이너,32,남,18.0,31.0,15.0,9.0,27.0
933,2240438,934000,신한 Deep카드,65.0,서울 용산구,20,데이터분석가,24,남,28.0,25.0,20.0,11.0,16.0
934,1977019,2220000,NH 농협카드,85.0,서울 마포구,20,생산직,25,남,23.0,2.0,22.0,30.0,23.0
935,1575175,934000,신한 Deep카드,65.0,서울 용산구,20,데이터분석가,24,여,28.0,25.0,20.0,11.0,16.0
936,3994129,1120000,KB 혜담카드,52.0,경기 고양시,30,영업,35,남,50.0,3.0,31.0,5.0,11.0
937,2546056,965000,카카오뱅크 체크,59.0,서울 서초구,20,마케팅,29,여,14.0,25.0,4.0,47.0,10.0
938,1896665,1397000,카카오뱅크 체크,59.0,세종,20,프리랜서,29,남,19.0,13.0,11.0,3.0,54.0
939,2609799,2294000,삼성 taptap카드,57.0,서울 동작구,20,프리랜서,25,여,5.0,13.0,46.0,4.0,32.0
940,2464888,1326000,롯데 DC카드,67.0,서울 송파구,30,기획,30,여,4.0,2.0,51.0,14.0,29.0
941,2106445,2030000,KB 혜담카드,59.0,서울 서초구,20,디자이너,26,여,23.0,13.0,0.0,54.0,10.0
942,2467605,1444000,NH 농협카드,68.0,인천 남동구,20,회계,24,남,24.0,3.0,15.0,2.0,56.0
943,2480951,906000,이마트 KB카드,62.0,인천 남동구,30,기획,30,남,11.0,2.0,37.0,0.0,50.0
944,2078121,2142000,네이버페이 현대,82.0,대전 유성구,20,개발자,27,남,4.0,26.0,37.0,23.0,10.0
945,2560730,1886000,신한 Deep카드,66.0,서울 관악구,30,연구원,30,여,1.0,4.0,27.0,67.0,1.0
946,2250274,1105000,우리 Young카드,69.0,서울 마포구,30,생산직,38,여,10.0,18.0,17.0,33.0,22.0
947,2834542,810000,롯데 DC카드,50.0,서울 마포구,30,생산직,32,여,17.0,24.0,2.0,15.0,42.0
948,3434533,952000,NH 농협카드,49.0,경기 성남시,30,연구원,39,여,25.0,46.0,7.0,1.0,21.0
949,2122850,890000,토스카드,61.0,서울 용산구,30,회계,33,여,3.0,27.0,7.0,36.0,27.0
950,1834412,2582000,IBK 두드림카드,51.0,대구 수성구,30,연구원,36,남,30.0,13.0,15.0,5.0,37.0
951,1499129,1163000,이마트 KB카드,65.0,서울 강남구,30,간호사,30,여,6.0,18.0,6.0,42.0,28.0
952,2174765,2127000,네이버페이 현대,53.0,서울 관악구,20,컨설턴트,20,남,1.0,19.0,61.0,11.0,8.0
953,2535784,1863000,카카오뱅크 체크,67.0,경기 수원시,30,데이터분석가,32,남,12.0,18.0,51.0,11.0,8.0
954,2353930,1876000,SSG 랜더스카드,51.0,경기 고양시,20,프리랜서,20,여,19.0,20.0,58.0,2.0,1.0
955,3092818,746000,IBK 두드림카드,52.0,인천 남동구,30,연구원,30,남,13.0,0.0,60.0,13.0,14.0
956,1448391,1109000,신한 Deep카드,67.0,경기 성남시,20,기획,27,남,3.0,4.0,44.0,29.0,20.0
957,1342558,1806000,이마트 KB카드,42.0,서울 마포구,20,개발자,29,여,5.0,8.0,59.0,25.0,3.0
958,3207153,868000,신한 Deep카드,56.0,서울 노원구,30,기획,32,남,17.0,2.0,22.0,21.0,38.0
959,2317714,1124000,카카오뱅크 체크,59.0,울산 남구,20,연구원,28,여,23.0,28.0,3.0,22.0,24.0
960,2037091,1414000,씨티 Premier카드,40.0,서울 노원구,20,개발자,24,남,28.0,15.0,10.0,5.0,42.0
961,1421428,1807000,IBK 두드림카드,83.0,경기 수원시,20,데이터분석가,26,남,6.0,7.0,55.0,11.0,21.0
962,3329973,1071000,삼성 taptap카드,63.0,인천 남동구,30,프리랜서,36,남,10.0,7.0,8.0,36.0,39.0
963,2885949,2577000,SSG 랜더스카드,43.0,서울 용산구,20,디자이너,25,남,38.0,6.0,6.0,29.0,21.0
964,2388991,831000,현대 ZERO카드,60.0,서울 서초구,20,공무원,20,여,30.0,2.0,24.0,11.0,33.0
965,1826263,1383000,이마트 KB카드,59.0,서울 강남구,20,데이터분석가,29,남,14.0,13.0,14.0,48.0,11.0
966,2522276,1669000,롯데 DC카드,83.0,경기 성남시,30,서비스직,36,여,15.0,28.0,28.0,20.0,9.0
967,1566942,1034000,IBK 두드림카드,73.0,세종,20,연구원,27,남,13.0,12.0,18.0,42.0,15.0
968,2778980,1666000,이마트 KB카드,50.0,부산 해운대구,20,마케팅,28,여,20.0,7.0,47.0,23.0,3.0
969,2540922,2013000,네이버페이 현대,81.0,세종,30,서비스직,39,여,13.0,36.0,29.0,13.0,9.0
970,1615921,751000,씨티 Premier카드,80.0,울산 남구,30,마케팅,32,여,2.0,44.0,3.0,14.0,37.0
971,2099662,1352000,토스카드,49.0,서울 관악구,20,개발자,27,남,1.0,42.0,1.0,45.0,11.0
972,3324311,1442000,현대 ZERO카드,83.0,서울 노원구,30,영업,38,남,1.0,70.0,11.0,10.0,8.0
973,2083476,943000,우리 Young카드,47.0,울산 남구,20,디자이너,22,남,42.0,36.0,5.0,10.0,7.0
974,2112052,1686000,KB 혜담카드,66.0,서울 성동구,20,컨설턴트,24,여,25.0,33.0,13.0,13.0,16.0
975,1637798,1433000,삼성 taptap카드,80.0,울산 남구,20,대학생,29,남,11.0,25.0,8.0,37.0,19.0
976,3396578,1139000,삼성 taptap카드,84.0,서울 동작구,30,공무원,34,남,57.0,18.0,16.0,3.0,6.0
977,1925765,1199000,씨티 Premier카드,84.0,서울 노원구,20,회계,25,여,8.0,5.0,21.0,61.0,5.0
978,1490488,825000,현대 ZERO카드,85.0,경기 고양시,30,기획,30,남,10.0,35.0,1.0,23.0,31.0
979,2314371,992000,SSG 랜더스카드,67.0,서울 동작구,30,영업,34,여,22.0,36.0,0.0,3.0,39.0
980,2740574,1140000,네이버페이 현대,73.0,부산 해운대구,20,대학생,27,남,2.0,22.0,2.0,8.0,66.0
981,2729149,997000,이마트 KB카드,59.0,서울 강남구,30,컨설턴트,30,남,11.0,22.0,19.0,32.0,16.0
982,3368992,964000,NH 농협카드,70.0,서울 동작구,30,데이터분석가,30,여,12.0,35.0,20.0,3.0,30.0
983,2464483,1730000,NH 농협카드,57.0,세종,20,프리랜서,26,남,5.0,36.0,0.0,25.0,34.0
984,2419379,1428000,현대 ZERO카드,45.0,서울 노원구,20,연구원,23,여,20.0,8.0,38.0,7.0,27.0
985,2185800,1040000,우리 Young카드,60.0,서울 용산구,20,공무원,27,남,2.0,13.0,35.0,46.0,4.0
986,2952199,1009000,현대 ZERO카드,59.0,서울 강남구,30,영업,32,남,36.0,20.0,11.0,11.0,22.0
987,2118288,683000,현대 ZERO카드,60.0,경기 성남시,20,디자이너,25,여,16.0,62.0,14.0,3.0,5.0
988,2098865,953000,IBK 두드림카드,52.0,대구 수성구,20,기획,24,여,27.0,60.0,11.0,1.0,1.0
989,2344918,2016000,KB 혜담카드,68.0,서울 용산구,30,프리랜서,31,남,1.0,8.0,34.0,27.0,30.0
990,1962053,1032000,KB 혜담카드,43.0,울산 남구,30,프리랜서,39,여,15.0,1.0,52.0,13.0,19.0
991,2213763,1143000,이마트 KB카드,43.0,서울 노원구,30,공무원,31,남,3.0,1.0,11.0,73.0,12.0
992,2515171,1253000,토스카드,73.0,대전 유성구,20,디자이너,29,여,12.0,26.0,17.0,38.0,7.0
993,3213144,1144000,카카오뱅크 체크,78.0,서울 성동구,30,개발자,35,남,1.0,41.0,24.0,30.0,4.0
994,1971242,1380000,KB 혜담카드,51.0,세종,30,대학생,35,여,26.0,7.0,2.0,60.0,5.0
995,2561671,1660000,이마트 KB카드,43.0,경기 수원시,20,간호사,28,남,31.0,20.0,39.0,0.0,10.0
996,2918400,1470000,IBK 두드림카드,77.0,인천 남동구,30,간호사,32,남,25.0,39.0,4.0,26.0,6.0
997,2357084,1589000,토스카드,61.0,인천 남동구,20,생산직,27,여,48.0,21.0,15.0,11.0,5.0
998,1761689,740000,삼성 taptap카드,68.0,서울 관악구,20,대학생,29,여,36.0,4.0,38.0,3.0,19.0
999,2330134,815000,카카오뱅크 체크,69.0,대구 수성구,20,공무원,24,여,18.0,24.0,17.0,34.0,7.0
1000,2038083,1414000,씨티 Premier카드,40.0,서울 노원구,20,개발자,24,여,28.0,15.0,10.0,5.0,42.0
1001,1867194,2089000,이마트 KB카드,55.0,대전 유성구,20,공무원,27,여,4.0,11.0,9.0,44.0,32.0
1002,2867053,600000,삼성 taptap카드,72.0,서울 관악구,30,간호사,34,여,6.0,7.0,1.0,7.0,79.0
1003,1731146,1294000,SSG 랜더스카드,73.0,세종,30,데이터분석가,33,여,0.0,9.0,41.0,17.0,33.0
1004,3395343,1085000,씨티 Premier카드,66.0,서울 관악구,30,연구원,34,남,10.0,18.0,14.0,1.0,57.0
1005,3479140,1106000,롯데 DC카드,47.0,인천 남동구,30,컨설턴트,35,남,34.0,19.0,8.0,39.0,0.0
1006,2384249,1442000,신한 Deep카드,79.0,서울 용산구,30,대학생,33,남,54.0,18.0,2.0,11.0,15.0
1007,1839835,1428000,현대 ZERO카드,45.0,서울 노원구,20,연구원,23,여,20.0,8.0,38.0,7.0,27.0
1008,2388487,1378000,IBK 두드림카드,73.0,부산 해운대구,30,회계,39,여,11.0,7.0,69.0,1.0,12.0
1009,2391018,1564000,이마트 KB카드,64.0,대전 유성구,20,디자이너,28,남,7.0,52.0,16.0,19.0,6.0
1010,2173572,924000,네이버페이 현대,61.0,세종,20,마케팅,26,여,17.0,20.0,10.0,39.0,14.0
1011,2466781,1456000,이마트 KB카드,53.0,경기 성남시,20,공무원,23,여,20.0,21.0,37.0,19.0,3.0
1012,3131489,893000,NH 농협카드,52.0,인천 남동구,20,서비스직,29,남,4.0,39.0,4.0,25.0,28.0
1013,1996141,1114000,신한 Deep카드,84.0,경기 고양시,20,디자이너,20,여,57.0,2.0,9.0,30.0,2.0
1014,1642410,1868000,씨티 Premier카드,54.0,서울 마포구,30,영업,31,여,14.0,31.0,25.0,10.0,20.0
1015,3578146,1226000,네이버페이 현대,53.0,광주 서구,30,개발자,33,남,2.0,53.0,15.0,9.0,21.0
1016,3091657,1151000,현대 ZERO카드,62.0,경기 수원시,20,서비스직,24,여,15.0,25.0,9.0,16.0,35.0
1017,2446384,565000,우리 Young카드,68.0,서울 송파구,20,연구원,29,남,29.0,9.0,32.0,7.0,23.0
1018,1956125,802000,롯데 DC카드,48.0,서울 용산구,30,공무원,34,여,53.0,8.0,6.0,32.0,1.0
1019,2188053,1121000,카카오뱅크 체크,74.0,대구 수성구,20,생산직,28,여,22.0,18.0,20.0,5.0,35.0
1020,1940738,935000,롯데 DC카드,69.0,서울 서초구,30,회계,30,여,30.0,1.0,20.0,15.0,34.0
1021,2571427,2175000,SSG 랜더스카드,65.0,경기 수원시,20,영업,29,남,45.0,21.0,23.0,8.0,3.0
1022,1824354,544000,SSG 랜더스카드,44.0,서울 강남구,30,간호사,36,여,19.0,22.0,3.0,10.0,46.0
1023,2349935,1343000,카카오뱅크 체크,42.0,경기 고양시,30,공무원,32,여,33.0,46.0,0.0,6.0,15.0
1024,2296963,2570000,현대 ZERO카드,67.0,서울 관악구,30,컨설턴트,32,남,3.0,24.0,42.0,3.0,28.0
1025,2563412,1844000,롯데 DC카드,48.0,서울 용산구,30,생산직,30,여,9.0,17.0,5.0,12.0,57.0
1026,2743560,1630000,롯데 DC카드,63.0,서울 용산구,30,영업,36,남,27.0,46.0,8.0,8.0,11.0
1027,2338381,1409000,IBK 두드림카드,76.0,경기 수원시,20,디자이너,26,여,28.0,25.0,33.0,9.0,5.0
1028,3015645,992000,SSG 랜더스카드,67.0,서울 동작구,30,영업,34,남,22.0,36.0,0.0,3.0,39.0
1029,1756670,849000,IBK 두드림카드,48.0,서울 용산구,20,기획,28,남,28.0,1.0,40.0,28.0,3.0
1030,2563438,1734000,우리 Young카드,60.0,광주 서구,20,연구원,29,남,28.0,31.0,24.0,4.0,13.0
1031,2225617,528000,롯데 DC카드,79.0,세종,20,영업,27,여,1.0,18.0,52.0,23.0,6.0
1032,1755735,551000,하나 Simple카드,56.0,서울 용산구,20,생산직,20,남,21.0,13.0,36.0,19.0,11.0
1033,3620463,1688000,SSG 랜더스카드,62.0,서울 용산구,30,생산직,30,여,13.0,14.0,42.0,19.0,12.0
1034,2488215,1715000,SSG 랜더스카드,85.0,광주 서구,20,서비스직,25,남,40.0,8.0,1.0,10.0,41.0
1035,2892717,1153000,신한 Deep카드,51.0,인천 남동구,30,데이터분석가,31,남,7.0,23.0,1.0,55.0,14.0
1036,2957602,1775000,토스카드,43.0,서울 성동구,20,생산직,22,여,23.0,6.0,23.0,39.0,9.0
1037,3170907,940000,씨티 Premier카드,79.0,경기 고양시,20,영업,29,여,8.0,43.0,35.0,8.0,6.0
1038,2898255,1819000,IBK 두드림카드,74.0,서울 용산구,30,서비스직,34,남,3.0,7.0,34.0,22.0,34.0
1039,2423698,1166000,카카오뱅크 체크,80.0,서울 송파구,20,서비스직,24,여,8.0,35.0,6.0,1.0,50.0
1040,2005998,910000,삼성 taptap카드,80.0,부산 해운대구,30,프리랜서,36,여,6.0,1.0,41.0,42.0,10.0
1041,2426403,1665000,하나 Simple카드,74.0,서울 관악구,30,기획,33,여,2.0,9.0,8.0,46.0,35.0
1042,2150468,1214000,NH 농협카드,69.0,서울 동작구,20,서비스직,25,남,16.0,56.0,15.0,4.0,9.0
1043,2342413,1943000,신한 Deep카드,58.0,대구 수성구,20,영업,25,남,1.0,7.0,3.0,27.0,62.0
1044,2416380,1222000,현대 ZERO카드,73.0,서울 용산구,20,서비스직,27,여,8.0,31.0,14.0,45.0,2.0
1045,2529914,957000,하나 Simple카드,60.0,서울 강동구,20,연구원,21,남,25.0,2.0,12.0,0.0,61.0
1046,2368821,1176000,우리 Young카드,59.0,서울 강동구,20,대학생,29,여,34.0,11.0,12.0,10.0,33.0
1047,1894628,992000,롯데 DC카드,55.0,서울 서초구,30,생산직,36,여,34.0,42.0,9.0,14.0,1.0
1048,1780766,1396000,IBK 두드림카드,45.0,서울 마포구,20,간호사,23,여,4.0,36.0,18.0,16.0,26.0
1049,2226796,978000,NH 농협카드,59.0,서울 서초구,30,디자이너,32,여,54.0,8.0,22.0,16.0,0.0
1050,2108879,1594000,SSG 랜더스카드,65.0,부산 해운대구,20,회계,20,여,21.0,3.0,3.0,59.0,14.0
1051,2775387,747000,우리 Young카드,51.0,서울 송파구,20,연구원,22,남,14.0,14.0,60.0,7.0,5.0
1052,1918530,661000,카카오뱅크 체크,75.0,인천 남동구,30,공무원,35,여,13.0,40.0,28.0,14.0,5.0
1053,2071292,1042000,이마트 KB카드,54.0,인천 남동구,20,연구원,28,남,57.0,4.0,2.0,22.0,15.0
1054,2726504,1594000,IBK 두드림카드,42.0,서울 마포구,20,영업,23,남,20.0,5.0,36.0,36.0,3.0
1055,2100061,671000,SSG 랜더스카드,51.0,서울 노원구,20,공무원,20,여,2.0,35.0,23.0,24.0,16.0
1056,2730207,1144000,네이버페이 현대,46.0,울산 남구,30,디자이너,38,여,8.0,5.0,27.0,26.0,34.0
1057,2180228,943000,하나 Simple카드,74.0,서울 노원구,20,프리랜서,24,여,7.0,2.0,29.0,9.0,53.0
1058,2628391,1493000,삼성 taptap카드,78.0,서울 강동구,30,대학생,30,여,16.0,57.0,8.0,12.0,7.0
1059,2840069,1009000,씨티 Premier카드,85.0,대전 유성구,30,대학생,34,남,20.0,27.0,49.0,2.0,2.0
1060,3466945,525000,씨티 Premier카드,59.0,경기 성남시,30,간호사,32,남,64.0,6.0,27.0,1.0,2.0
1061,1727471,2225000,신한 Deep카드,84.0,세종,30,회계,32,여,35.0,10.0,14.0,33.0,8.0
1062,2068343,1202000,토스카드,57.0,광주 서구,20,연구원,29,남,26.0,54.0,15.0,3.0,2.0
1063,2398286,1833000,SSG 랜더스카드,83.0,부산 해운대구,20,대학생,24,남,4.0,51.0,32.0,4.0,9.0
1064,2516847,1163000,이마트 KB카드,62.0,서울 강동구,20,회계,23,남,64.0,20.0,4.0,4.0,8.0
1065,4045066,2444000,토스카드,46.0,서울 강동구,30,개발자,33,남,29.0,38.0,25.0,5.0,3.0
1066,2726282,1461000,하나 Simple카드,41.0,세종,30,공무원,37,남,33.0,13.0,37.0,1.0,16.0
1067,2989740,545000,IBK 두드림카드,68.0,서울 노원구,20,컨설턴트,29,남,11.0,2.0,11.0,67.0,9.0
1068,2538683,1194000,토스카드,77.0,울산 남구,30,대학생,30,남,5.0,31.0,5.0,46.0,13.0
1069,3930052,1653000,IBK 두드림카드,73.0,서울 노원구,30,프리랜서,33,남,37.0,25.0,7.0,2.0,29.0
1070,2658733,937000,NH 농협카드,67.0,광주 서구,20,공무원,26,여,63.0,3.0,10.0,13.0,11.0
1071,2360578,1447000,NH 농협카드,73.0,대전 유성구,30,디자이너,31,남,17.0,9.0,40.0,5.0,29.0
1072,3214927,648000,현대 ZERO카드,65.0,대전 유성구,30,디자이너,33,남,17.0,19.0,10.0,4.0,50.0
1073,2224382,1760000,이마트 KB카드,59.0,서울 강동구,20,공무원,20,여,1.0,8.0,16.0,5.0,70.0
1074,3437909,1903000,이마트 KB카드,85.0,울산 남구,30,영업,31,남,26.0,28.0,9.0,14.0,23.0
1075,2138364,2282000,KB 혜담카드,72.0,서울 동작구,20,프리랜서,24,여,16.0,27.0,7.0,27.0,23.0
1076,2096376,1359000,씨티 Premier카드,67.0,서울 마포구,20,컨설턴트,27,여,38.0,3.0,24.0,18.0,17.0
1077,3958366,2038000,씨티 Premier카드,41.0,세종,30,영업,36,남,6.0,49.0,9.0,31.0,5.0
1078,2200639,1722000,씨티 Premier카드,54.0,대구 수성구,20,디자이너,22,남,49.0,20.0,5.0,18.0,8.0
1079,2663211,828000,IBK 두드림카드,84.0,경기 수원시,20,프리랜서,29,여,38.0,4.0,17.0,2.0,39.0
1080,2387324,1631000,IBK 두드림카드,60.0,경기 성남시,30,개발자,32,여,15.0,5.0,25.0,52.0,3.0
1081,4166664,856000,삼성 taptap카드,46.0,서울 송파구,30,개발자,36,남,18.0,23.0,1.0,50.0,8.0
1082,2160832,1208000,NH 농협카드,68.0,경기 수원시,30,컨설턴트,36,여,13.0,14.0,46.0,3.0,24.0
1083,2570099,999000,NH 농협카드,47.0,경기 고양시,30,프리랜서,31,남,8.0,47.0,12.0,8.0,25.0
1084,3012258,935000,NH 농협카드,73.0,서울 송파구,20,서비스직,26,여,3.0,16.0,18.0,19.0,44.0
1085,2688537,2090000,현대 ZERO카드,50.0,대전 유성구,30,프리랜서,33,남,3.0,33.0,0.0,40.0,24.0
1086,3050537,842000,SSG 랜더스카드,50.0,서울 노원구,20,회계,29,여,34.0,19.0,28.0,11.0,8.0
1087,2695920,1729000,신한 Deep카드,67.0,대구 수성구,20,영업,24,여,37.0,7.0,33.0,2.0,21.0
1088,2422675,1301000,삼성 taptap카드,80.0,서울 관악구,30,간호사,39,여,9.0,1.0,31.0,47.0,12.0
1089,1343353,1612000,롯데 DC카드,43.0,서울 용산구,20,데이터분석가,23,여,15.0,32.0,1.0,38.0,14.0
1090,2986477,1028000,신한 Deep카드,60.0,서울 마포구,30,간호사,33,남,2.0,33.0,25.0,16.0,24.0
1091,3071141,864000,KB 혜담카드,57.0,서울 송파구,30,간호사,39,남,44.0,24.0,18.0,1.0,13.0
1092,3817052,1270000,씨티 Premier카드,49.0,경기 수원시,30,공무원,34,남,19.0,36.0,11.0,20.0,14.0
1093,4111913,1516000,KB 혜담카드,77.0,서울 서초구,30,서비스직,30,남,15.0,23.0,26.0,16.0,20.0
1094,2157506,938000,이마트 KB카드,46.0,울산 남구,30,대학생,30,여,30.0,0.0,48.0,14.0,8.0
1095,2650590,1252000,네이버페이 현대,51.0,서울 서초구,20,데이터분석가,20,남,17.0,29.0,22.0,17.0,15.0
1096,3535781,1239000,하나 Simple카드,46.0,대구 수성구,30,개발자,30,남,68.0,6.0,10.0,2.0,14.0
1097,2786706,1339000,삼성 taptap카드,65.0,서울 동작구,20,대학생,25,여,1.0,14.0,42.0,22.0,21.0
1098,2749344,1891000,카카오뱅크 체크,50.0,서울 성동구,30,데이터분석가,30,여,25.0,15.0,30.0,17.0,13.0
1099,1528751,1700000,이마트 KB카드,81.0,경기 수원시,30,프리랜서,34,여,4.0,30.0,6.0,13.0,47.0
1100,2172288,1023000,우리 Young카드,85.0,서울 서초구,20,간호사,29,여,33.0,2.0,30.0,24.0,11.0
1101,1672146,1484000,SSG 랜더스카드,82.0,서울 성동구,20,디자이너,27,남,18.0,2.0,54.0,10.0,16.0
1102,2148697,819000,이마트 KB카드,42.0,서울 동작구,20,서비스직,24,남,23.0,14.0,8.0,16.0,39.0
1103,2740002,591000,네이버페이 현대,75.0,서울 관악구,20,마케팅,26,여,13.0,30.0,11.0,7.0,39.0
1104,2402575,1000000,신한 Deep카드,79.0,서울 강남구,20,영업,21,여,6.0,12.0,24.0,5.0,53.0
1105,3803663,582000,신한 Deep카드,76.0,서울 용산구,30,컨설턴트,31,남,30.0,11.0,8.0,38.0,13.0
1106,2420876,2086000,삼성 taptap카드,55.0,서울 관악구,20,데이터분석가,26,여,27.0,11.0,23.0,4.0,35.0
1107,2091171,1757000,롯데 DC카드,76.0,인천 남동구,30,프리랜서,35,남,11.0,37.0,28.0,11.0,13.0
1108,1235407,954000,롯데 DC카드,47.0,광주 서구,30,기획,30,남,18.0,20.0,23.0,9.0,30.0
1109,2574404,1265000,KB 혜담카드,84.0,대구 수성구,30,디자이너,30,여,15.0,3.0,16.0,64.0,2.0
1110,2393036,1675000,토스카드,70.0,서울 강동구,30,개발자,30,여,6.0,37.0,17.0,6.0,34.0
1111,1761527,1794000,씨티 Premier카드,44.0,세종,20,간호사,26,여,8.0,3.0,2.0,43.0,44.0
1112,1809560,1315000,토스카드,78.0,경기 성남시,30,영업,35,남,59.0,2.0,1.0,24.0,14.0
1113,1882628,1036000,KB 혜담카드,73.0,서울 서초구,20,마케팅,29,여,39.0,26.0,2.0,7.0,26.0
1114,2152754,1309000,우리 Young카드,71.0,서울 마포구,20,대학생,29,남,23.0,37.0,2.0,31.0,7.0
1115,3466114,942000,삼성 taptap카드,85.0,서울 용산구,30,기획,30,남,10.0,50.0,30.0,8.0,2.0
1116,2344315,1320000,이마트 KB카드,73.0,광주 서구,20,서비스직,25,여,30.0,13.0,45.0,5.0,7.0
1117,3054033,1461000,IBK 두드림카드,49.0,서울 노원구,20,생산직,22,여,39.0,16.0,5.0,24.0,16.0
1118,1982197,1462000,SSG 랜더스카드,84.0,서울 서초구,30,프리랜서,30,여,12.0,26.0,2.0,32.0,28.0
1119,2940529,757000,하나 Simple카드,78.0,서울 관악구,30,개발자,32,여,12.0,41.0,31.0,11.0,5.0
1120,2273649,1750000,카카오뱅크 체크,74.0,인천 남동구,20,연구원,22,여,0.0,26.0,16.0,45.0,13.0
1121,2847334,1719000,우리 Young카드,69.0,서울 강남구,30,프리랜서,33,여,4.0,38.0,16.0,24.0,18.0
1122,2694439,1519000,네이버페이 현대,73.0,울산 남구,30,회계,32,남,23.0,30.0,4.0,39.0,4.0
1123,2785840,1934000,이마트 KB카드,76.0,서울 마포구,20,개발자,28,남,9.0,1.0,10.0,19.0,61.0
1124,3206657,2305000,씨티 Premier카드,60.0,경기 성남시,30,컨설턴트,32,남,7.0,6.0,25.0,32.0,30.0
1125,1910277,970000,현대 ZERO카드,81.0,인천 남동구,20,데이터분석가,29,남,7.0,0.0,14.0,36.0,43.0
1126,2243987,541000,이마트 KB카드,52.0,서울 송파구,20,연구원,21,여,24.0,21.0,42.0,7.0,6.0
1127,2832310,1171000,KB 혜담카드,41.0,서울 송파구,30,컨설턴트,34,남,2.0,13.0,52.0,21.0,12.0
1128,2494589,1859000,카카오뱅크 체크,56.0,서울 강남구,20,공무원,25,남,1.0,14.0,13.0,60.0,12.0
1129,2174156,1935000,하나 Simple카드,42.0,경기 고양시,30,개발자,31,남,37.0,28.0,1.0,20.0,14.0
1130,2485324,1576000,우리 Young카드,40.0,서울 마포구,30,대학생,33,여,55.0,8.0,22.0,15.0,0.0
1131,2266511,1396000,삼성 taptap카드,75.0,경기 고양시,20,생산직,26,여,9.0,21.0,14.0,38.0,18.0
1132,3942858,1343000,네이버페이 현대,48.0,서울 강동구,30,데이터분석가,31,남,41.0,6.0,39.0,5.0,9.0
1133,2637011,1000000,신한 Deep카드,79.0,서울 강남구,20,영업,21,남,6.0,12.0,24.0,5.0,53.0
1134,2496259,1706000,네이버페이 현대,62.0,서울 성동구,30,컨설턴트,30,여,0.0,57.0,23.0,3.0,17.0
1135,2608344,853000,삼성 taptap카드,41.0,경기 수원시,30,간호사,33,여,70.0,6.0,17.0,6.0,1.0
1136,3206965,1532000,이마트 KB카드,55.0,인천 남동구,30,서비스직,34,남,2.0,16.0,12.0,62.0,8.0
1137,2451649,772000,KB 혜담카드,54.0,광주 서구,20,기획,25,여,75.0,0.0,9.0,2.0,14.0
1138,1587171,1892000,하나 Simple카드,59.0,서울 관악구,30,공무원,31,여,46.0,8.0,6.0,37.0,3.0
1139,2788931,1184000,우리 Young카드,48.0,대구 수성구,30,마케팅,35,남,2.0,23.0,15.0,26.0,34.0
1140,1507780,580000,카카오뱅크 체크,51.0,광주 서구,20,프리랜서,24,여,0.0,5.0,29.0,22.0,44.0
1141,2889140,2117000,이마트 KB카드,52.0,서울 서초구,20,마케팅,28,여,40.0,6.0,23.0,5.0,26.0
1142,2469575,1844000,롯데 DC카드,48.0,서울 용산구,30,생산직,30,여,9.0,17.0,5.0,12.0,57.0
1143,2153329,1567000,우리 Young카드,74.0,서울 마포구,20,대학생,23,여,4.0,59.0,7.0,5.0,25.0
1144,2948398,1022000,우리 Young카드,69.0,서울 노원구,30,영업,36,여,80.0,0.0,14.0,2.0,4.0
1145,2711162,853000,카카오뱅크 체크,60.0,세종,30,데이터분석가,32,여,11.0,5.0,19.0,15.0,50.0
1146,1685682,1268000,네이버페이 현대,69.0,인천 남동구,20,공무원,20,여,28.0,16.0,29.0,6.0,21.0
1147,2214547,1376000,하나 Simple카드,59.0,경기 성남시,20,간호사,25,여,17.0,47.0,8.0,14.0,14.0
1148,2332416,528000,카카오뱅크 체크,81.0,인천 남동구,30,프리랜서,32,여,20.0,33.0,15.0,30.0,2.0
1149,1627733,659000,하나 Simple카드,53.0,서울 노원구,30,컨설턴트,35,여,18.0,9.0,6.0,15.0,52.0
1150,2154861,1293000,하나 Simple카드,45.0,서울 서초구,30,연구원,35,여,43.0,1.0,43.0,12.0,1.0
1151,2158229,890000,신한 Deep카드,69.0,광주 서구,20,기획,26,남,21.0,13.0,50.0,1.0,15.0
1152,2442524,1748000,씨티 Premier카드,54.0,부산 해운대구,30,서비스직,31,여,5.0,22.0,9.0,26.0,38.0
1153,1758884,1097000,삼성 taptap카드,45.0,대구 수성구,30,회계,34,여,8.0,23.0,21.0,40.0,8.0
1154,2825832,1181000,네이버페이 현대,44.0,서울 성동구,20,기획,23,남,16.0,26.0,42.0,11.0,5.0
1155,2198948,1092000,하나 Simple카드,62.0,울산 남구,20,데이터분석가,29,여,5.0,18.0,34.0,38.0,5.0
1156,3026287,1118000,카카오뱅크 체크,59.0,서울 강동구,30,마케팅,30,남,10.0,12.0,30.0,32.0,16.0
1157,3280449,1873000,우리 Young카드,63.0,인천 남동구,30,대학생,37,남,29.0,4.0,26.0,41.0,0.0
1158,1855961,2294000,삼성 taptap카드,57.0,서울 동작구,20,프리랜서,25,여,5.0,13.0,46.0,4.0,32.0
1159,3319449,1057000,우리 Young카드,79.0,부산 해운대구,30,디자이너,38,남,16.0,1.0,11.0,9.0,63.0
1160,2316462,1209000,토스카드,71.0,세종,30,기획,36,여,4.0,41.0,4.0,11.0,40.0
1161,1801707,1378000,네이버페이 현대,73.0,세종,20,데이터분석가,21,여,23.0,8.0,6.0,21.0,42.0
1162,2536723,1352000,KB 혜담카드,69.0,울산 남구,20,컨설턴트,24,여,17.0,6.0,40.0,36.0,1.0
1163,4044171,1418000,IBK 두드림카드,52.0,광주 서구,30,영업,32,남,62.0,16.0,8.0,2.0,12.0
1164,3507380,1386000,NH 농협카드,67.0,인천 남동구,30,회계,36,남,47.0,0.0,6.0,44.0,3.0
1165,2711488,2099000,우리 Young카드,48.0,경기 성남시,20,마케팅,27,여,9.0,8.0,27.0,0.0,56.0
1166,1989684,1704000,이마트 KB카드,65.0,대전 유성구,20,디자이너,23,여,14.0,5.0,2.0,30.0,49.0
1167,1451190,898000,현대 ZERO카드,80.0,서울 강남구,20,연구원,26,여,4.0,28.0,23.0,41.0,4.0
1168,2995068,1967000,네이버페이 현대,61.0,서울 동작구,20,기획,29,남,15.0,8.0,35.0,28.0,14.0
1169,3527257,1235000,삼성 taptap카드,61.0,경기 고양시,30,개발자,34,여,31.0,10.0,6.0,37.0,16.0
1170,3271403,1517000,현대 ZERO카드,46.0,서울 용산구,30,데이터분석가,32,여,17.0,32.0,20.0,27.0,4.0
1171,2082107,884000,롯데 DC카드,64.0,서울 성동구,20,디자이너,29,여,2.0,7.0,68.0,9.0,14.0
1172,1672682,971000,롯데 DC카드,63.0,경기 수원시,20,간호사,26,남,8.0,2.0,18.0,11.0,61.0
1173,1967158,1636000,현대 ZERO카드,80.0,경기 수원시,30,컨설턴트,30,여,18.0,16.0,10.0,41.0,15.0
1174,1408133,1062000,씨티 Premier카드,84.0,대전 유성구,20,개발자,24,여,44.0,6.0,11.0,20.0,19.0
1175,2196310,627000,삼성 taptap카드,71.0,서울 용산구,20,개발자,28,여,13.0,24.0,23.0,38.0,2.0
1176,3052838,1594000,IBK 두드림카드,42.0,서울 마포구,20,영업,23,남,20.0,5.0,36.0,36.0,3.0
1177,2179168,1112000,IBK 두드림카드,66.0,울산 남구,20,데이터분석가,22,여,4.0,24.0,0.0,68.0,4.0
1178,2401161,2066000,카카오뱅크 체크,40.0,광주 서구,20,기획,28,여,9.0,11.0,22.0,38.0,20.0
1179,3962917,696000,SSG 랜더스카드,61.0,서울 동작구,30,프리랜서,30,남,33.0,43.0,2.0,1.0,21.0
1180,2047952,955000,IBK 두드림카드,40.0,서울 송파구,20,연구원,22,여,26.0,56.0,1.0,2.0,15.0
1181,3267765,1729000,이마트 KB카드,68.0,서울 노원구,20,컨설턴트,27,여,43.0,32.0,16.0,5.0,4.0
1182,4394466,994000,현대 ZERO카드,79.0,대전 유성구,30,디자이너,39,남,27.0,26.0,31.0,5.0,11.0
1183,2184444,1027000,KB 혜담카드,56.0,울산 남구,20,마케팅,25,남,4.0,52.0,2.0,20.0,22.0
1184,1961232,795000,씨티 Premier카드,65.0,경기 수원시,20,데이터분석가,29,여,26.0,32.0,3.0,15.0,24.0
1185,3488066,650000,토스카드,83.0,서울 관악구,30,디자이너,32,남,42.0,33.0,1.0,14.0,10.0
1186,2326237,1704000,현대 ZERO카드,58.0,경기 수원시,30,프리랜서,39,여,7.0,51.0,3.0,0.0,39.0
1187,1671722,986000,롯데 DC카드,71.0,인천 남동구,20,연구원,28,남,37.0,21.0,6.0,19.0,17.0
1188,3140619,1347000,NH 농협카드,80.0,부산 해운대구,30,회계,32,여,15.0,56.0,27.0,1.0,1.0
1189,3851513,1025000,하나 Simple카드,44.0,대전 유성구,30,컨설턴트,30,남,38.0,12.0,1.0,21.0,28.0
1190,2327755,591000,이마트 KB카드,54.0,경기 고양시,20,연구원,27,여,6.0,5.0,26.0,38.0,25.0
1191,1618567,1335000,토스카드,64.0,경기 수원시,20,데이터분석가,29,여,1.0,29.0,64.0,3.0,3.0
1192,1885236,1045000,하나 Simple카드,55.0,서울 강동구,30,공무원,35,여,13.0,22.0,33.0,26.0,6.0
1193,2553614,1071000,삼성 taptap카드,63.0,인천 남동구,30,프리랜서,36,여,10.0,7.0,8.0,36.0,39.0
1194,2000064,1564000,이마트 KB카드,64.0,대전 유성구,20,디자이너,28,남,7.0,52.0,16.0,19.0,6.0
1195,2079453,1946000,이마트 KB카드,81.0,세종,20,개발자,22,여,12.0,14.0,46.0,10.0,18.0
1196,3715374,1613000,카카오뱅크 체크,78.0,광주 서구,30,프리랜서,33,남,27.0,23.0,26.0,20.0,4.0
1197,3513225,1358000,카카오뱅크 체크,61.0,서울 관악구,30,생산직,31,남,9.0,67.0,3.0,7.0,14.0
1198,3964699,1065000,이마트 KB카드,78.0,서울 관악구,30,프리랜서,32,남,53.0,25.0,1.0,5.0,16.0
1199,1754688,1078000,카카오뱅크 체크,72.0,서울 용산구,20,영업,20,남,14.0,6.0,59.0,8.0,13.0
1200,2328404,1080000,씨티 Premier카드,61.0,서울 노원구,30,생산직,35,여,38.0,14.0,19.0,25.0,4.0
1201,2879490,1160000,SSG 랜더스카드,85.0,서울 동작구,30,디자이너,30,여,53.0,2.0,6.0,36.0,3.0
1202,2474039,718000,삼성 taptap카드,69.0,서울 강남구,20,대학생,20,남,24.0,1.0,18.0,56.0,1.0
1203,3016190,828000,카카오뱅크 체크,78.0,서울 마포구,20,마케팅,25,남,43.0,0.0,49.0,8.0,0.0
1204,2460268,902000,SSG 랜더스카드,55.0,서울 관악구,20,개발자,29,여,11.0,15.0,8.0,66.0,0.0
1205,4293676,1566000,네이버페이 현대,59.0,서울 강남구,30,마케팅,32,남,9.0,16.0,54.0,14.0,7.0
1206,2520008,1058000,카카오뱅크 체크,59.0,서울 송파구,20,간호사,26,남,24.0,12.0,13.0,12.0,39.0
1207,2781083,1041000,토스카드,84.0,서울 강남구,20,개발자,29,남,18.0,17.0,11.0,12.0,42.0
1208,2088242,2055000,토스카드,48.0,경기 성남시,20,컨설턴트,26,여,14.0,21.0,2.0,52.0,11.0
1209,2257143,1088000,네이버페이 현대,72.0,광주 서구,20,서비스직,28,여,35.0,15.0,34.0,2.0,14.0
1210,2705472,1306000,이마트 KB카드,78.0,서울 서초구,20,기획,28,남,1.0,22.0,5.0,57.0,15.0
1211,3056489,1332000,삼성 taptap카드,52.0,광주 서구,20,영업,29,남,6.0,23.0,28.0,25.0,18.0
1212,2864618,1473000,NH 농협카드,75.0,경기 수원시,30,개발자,31,여,17.0,5.0,26.0,7.0,45.0
1213,2458414,1232000,NH 농협카드,75.0,서울 동작구,30,프리랜서,30,여,5.0,15.0,16.0,34.0,30.0
1214,2938667,715000,우리 Young카드,44.0,서울 용산구,20,마케팅,26,남,2.0,4.0,19.0,52.0,23.0
1215,1154010,1393000,이마트 KB카드,64.0,광주 서구,20,기획,24,여,3.0,0.0,15.0,31.0,51.0
1216,2004435,754000,카카오뱅크 체크,64.0,서울 성동구,30,컨설턴트,33,남,62.0,12.0,6.0,17.0,3.0
1217,3477143,1032000,KB 혜담카드,43.0,울산 남구,30,프리랜서,39,남,15.0,1.0,52.0,13.0,19.0
1218,2257054,838000,롯데 DC카드,85.0,서울 동작구,20,디자이너,21,여,31.0,21.0,29.0,9.0,10.0
1219,3423859,1238000,우리 Young카드,77.0,서울 용산구,30,기획,34,남,3.0,1.0,26.0,53.0,17.0
1220,2282203,1308000,KB 혜담카드,50.0,서울 강남구,20,회계,29,여,17.0,5.0,46.0,24.0,8.0
1221,2535472,1220000,신한 Deep카드,65.0,경기 고양시,20,생산직,21,남,24.0,22.0,6.0,43.0,5.0
1222,1842798,561000,씨티 Premier카드,61.0,광주 서구,20,영업,23,남,25.0,22.0,11.0,26.0,16.0
1223,2785243,1276000,이마트 KB카드,52.0,울산 남구,30,기획,32,여,43.0,2.0,22.0,25.0,8.0
1224,2747207,1368000,네이버페이 현대,48.0,서울 동작구,20,간호사,24,남,19.0,11.0,39.0,26.0,5.0
1225,2860275,781000,SSG 랜더스카드,56.0,경기 수원시,20,간호사,23,여,4.0,79.0,5.0,7.0,5.0
1226,4409488,1329000,하나 Simple카드,60.0,부산 해운대구,30,간호사,34,남,60.0,7.0,10.0,12.0,11.0
1227,2372049,1461000,우리 Young카드,47.0,서울 서초구,20,개발자,26,남,11.0,8.0,26.0,32.0,23.0
1228,3191737,1144000,네이버페이 현대,46.0,울산 남구,30,디자이너,38,남,8.0,5.0,27.0,26.0,34.0
1229,1488413,952000,하나 Simple카드,58.0,서울 강남구,20,서비스직,25,여,61.0,19.0,8.0,2.0,10.0
1230,1984294,1255000,네이버페이 현대,51.0,서울 관악구,20,개발자,22,남,19.0,44.0,5.0,1.0,31.0
1231,2403458,1383000,NH 농협카드,46.0,서울 강동구,30,대학생,31,여,7.0,8.0,18.0,58.0,9.0
1232,2775159,1297000,카카오뱅크 체크,59.0,서울 동작구,20,대학생,28,남,21.0,16.0,18.0,34.0,11.0
1233,1944499,938000,현대 ZERO카드,47.0,울산 남구,20,서비스직,26,여,1.0,7.0,0.0,86.0,6.0
1234,2648170,1053000,하나 Simple카드,65.0,서울 관악구,20,서비스직,26,남,49.0,26.0,13.0,4.0,8.0
1235,2499189,1457000,하나 Simple카드,49.0,서울 관악구,30,공무원,30,여,3.0,23.0,23.0,21.0,30.0
1236,2161415,883000,NH 농협카드,84.0,경기 성남시,20,공무원,28,여,14.0,13.0,38.0,12.0,23.0
1237,2374446,1310000,롯데 DC카드,78.0,대전 유성구,20,생산직,20,여,29.0,11.0,10.0,49.0,1.0
1238,2054421,822000,네이버페이 현대,71.0,경기 성남시,20,프리랜서,29,여,27.0,40.0,2.0,4.0,27.0
1239,2035481,774000,SSG 랜더스카드,67.0,인천 남동구,20,기획,27,여,0.0,56.0,36.0,6.0,2.0
1240,1397607,2527000,SSG 랜더스카드,66.0,경기 수원시,20,개발자,21,여,5.0,35.0,7.0,51.0,2.0
1241,2826432,1781000,우리 Young카드,42.0,서울 용산구,30,프리랜서,33,남,18.0,59.0,4.0,17.0,2.0
1242,2010015,1314000,NH 농협카드,69.0,서울 노원구,20,연구원,28,남,25.0,4.0,4.0,18.0,49.0
1243,1992009,1214000,NH 농협카드,69.0,서울 동작구,20,서비스직,25,여,16.0,56.0,15.0,4.0,9.0
1244,2708436,2363000,카카오뱅크 체크,70.0,서울 용산구,30,기획,35,여,28.0,1.0,5.0,6.0,60.0
1245,2579315,965000,카카오뱅크 체크,78.0,서울 송파구,20,영업,28,여,30.0,15.0,23.0,11.0,21.0
1246,2366097,1009000,KB 혜담카드,50.0,경기 고양시,20,기획,27,남,19.0,29.0,23.0,9.0,20.0
1247,3696790,786000,NH 농협카드,74.0,울산 남구,30,프리랜서,39,남,28.0,28.0,16.0,0.0,28.0
1248,2537780,764000,네이버페이 현대,76.0,서울 송파구,20,기획,27,남,1.0,22.0,49.0,5.0,23.0
1249,2102471,1262000,롯데 DC카드,73.0,광주 서구,20,연구원,25,여,43.0,28.0,6.0,5.0,18.0
1250,2018571,1624000,네이버페이 현대,45.0,서울 노원구,20,회계,28,남,16.0,36.0,10.0,12.0,26.0
1251,3218975,1416000,카카오뱅크 체크,59.0,부산 해운대구,30,간호사,34,남,7.0,31.0,15.0,36.0,11.0
1252,2536883,1791000,네이버페이 현대,68.0,서울 마포구,20,연구원,29,남,13.0,13.0,44.0,11.0,19.0
1253,3978491,873000,토스카드,70.0,경기 고양시,30,간호사,35,남,15.0,2.0,4.0,78.0,1.0
1254,2845586,1319000,삼성 taptap카드,58.0,경기 성남시,20,컨설턴트,28,여,9.0,21.0,8.0,44.0,18.0
1255,2620968,783000,NH 농협카드,60.0,대전 유성구,30,서비스직,37,남,28.0,3.0,26.0,32.0,11.0
1256,2448996,1034000,KB 혜담카드,85.0,서울 관악구,30,공무원,35,여,30.0,24.0,3.0,10.0,33.0
1257,2585508,1883000,롯데 DC카드,50.0,서울 용산구,20,프리랜서,28,남,3.0,42.0,28.0,24.0,3.0
1258,3747598,1162000,네이버페이 현대,40.0,대구 수성구,30,프리랜서,34,남,35.0,22.0,17.0,20.0,6.0
1259,3657278,1335000,롯데 DC카드,46.0,광주 서구,30,생산직,33,남,10.0,53.0,25.0,7.0,5.0
1260,2218061,646000,IBK 두드림카드,78.0,울산 남구,20,대학생,29,남,33.0,21.0,4.0,26.0,16.0
1261,1622988,1312000,신한 Deep카드,50.0,부산 해운대구,20,공무원,23,남,19.0,44.0,20.0,11.0,6.0
1262,1750531,520000,신한 Deep카드,75.0,경기 고양시,20,컨설턴트,21,남,10.0,3.0,86.0,1.0,0.0
1263,2636316,1802000,롯데 DC카드,82.0,부산 해운대구,30,공무원,31,여,29.0,1.0,29.0,1.0,40.0
1264,3239557,882000,롯데 DC카드,56.0,서울 성동구,30,개발자,32,남,13.0,17.0,3.0,11.0,56.0
1265,1700660,1538000,네이버페이 현대,50.0,인천 남동구,20,생산직,28,여,15.0,22.0,9.0,46.0,8.0
1266,2522284,1159000,롯데 DC카드,79.0,서울 서초구,30,대학생,34,여,46.0,8.0,37.0,3.0,6.0
1267,2565612,647000,KB 혜담카드,69.0,세종,20,회계,26,여,30.0,25.0,6.0,28.0,11.0
1268,2194141,747000,하나 Simple카드,61.0,서울 관악구,30,회계,30,남,1.0,33.0,37.0,0.0,29.0
1269,3773498,1292000,네이버페이 현대,44.0,경기 성남시,30,데이터분석가,39,남,18.0,8.0,3.0,39.0,32.0
1270,2735728,1414000,KB 혜담카드,63.0,서울 송파구,30,마케팅,37,남,45.0,3.0,5.0,35.0,12.0
1271,2878806,1080000,씨티 Premier카드,73.0,서울 마포구,20,공무원,27,남,6.0,62.0,3.0,6.0,23.0
1272,2233273,1419000,토스카드,85.0,서울 노원구,30,회계,30,여,37.0,25.0,1.0,36.0,1.0
1273,1736687,1960000,현대 ZERO카드,55.0,인천 남동구,20,생산직,24,남,5.0,5.0,28.0,21.0,41.0
1274,2020931,918000,현대 ZERO카드,58.0,서울 강남구,20,컨설턴트,28,남,1.0,2.0,65.0,18.0,14.0
1275,2202425,1342000,씨티 Premier카드,82.0,울산 남구,20,기획,24,여,50.0,3.0,19.0,13.0,15.0
1276,2055760,1734000,우리 Young카드,60.0,광주 서구,20,연구원,29,여,28.0,31.0,24.0,4.0,13.0
1277,2141999,2212000,현대 ZERO카드,71.0,서울 성동구,20,영업,29,여,35.0,29.0,7.0,11.0,18.0
1278,2416982,1143000,토스카드,68.0,서울 용산구,20,프리랜서,23,남,3.0,38.0,46.0,11.0,2.0
1279,2164410,1704000,이마트 KB카드,65.0,대전 유성구,20,디자이너,23,남,14.0,5.0,2.0,30.0,49.0
1280,2466943,1869000,SSG 랜더스카드,53.0,경기 성남시,30,연구원,31,여,13.0,16.0,3.0,4.0,64.0
1281,1803541,1323000,카카오뱅크 체크,65.0,세종,30,회계,35,남,26.0,19.0,15.0,2.0,38.0
1282,3274188,948000,KB 혜담카드,77.0,부산 해운대구,30,공무원,34,남,36.0,5.0,3.0,4.0,52.0
1283,2205398,830000,씨티 Premier카드,77.0,서울 강동구,20,간호사,27,남,18.0,25.0,23.0,22.0,12.0
1284,4127205,1351000,롯데 DC카드,44.0,서울 서초구,30,생산직,31,남,3.0,19.0,28.0,14.0,36.0
1285,2342304,1232000,신한 Deep카드,67.0,서울 노원구,30,서비스직,37,남,8.0,52.0,19.0,12.0,9.0
1286,1734193,852000,SSG 랜더스카드,46.0,경기 고양시,30,서비스직,39,남,16.0,77.0,4.0,2.0,1.0
1287,2809034,1276000,신한 Deep카드,46.0,서울 관악구,30,디자이너,34,여,16.0,1.0,46.0,2.0,35.0
1288,2673263,2284000,이마트 KB카드,72.0,서울 성동구,30,데이터분석가,31,여,14.0,43.0,14.0,11.0,18.0
1289,1745783,1431000,하나 Simple카드,56.0,서울 관악구,20,연구원,23,여,26.0,20.0,10.0,25.0,19.0
1290,1485125,694000,씨티 Premier카드,84.0,서울 성동구,20,영업,29,남,9.0,6.0,34.0,17.0,34.0
1291,3018698,820000,롯데 DC카드,63.0,인천 남동구,20,공무원,27,남,10.0,42.0,9.0,32.0,7.0
1292,2957055,520000,신한 Deep카드,75.0,경기 고양시,20,컨설턴트,21,남,10.0,3.0,86.0,1.0,0.0
1293,1006271,970000,현대 ZERO카드,81.0,인천 남동구,20,데이터분석가,29,여,7.0,0.0,14.0,36.0,43.0
1294,2270888,1302000,NH 농협카드,49.0,울산 남구,30,개발자,35,여,33.0,8.0,19.0,26.0,14.0
1295,4164934,1047000,우리 Young카드,40.0,서울 강동구,30,공무원,34,남,3.0,50.0,24.0,0.0,23.0
1296,2011968,879000,롯데 DC카드,57.0,서울 관악구,20,연구원,21,여,10.0,65.0,22.0,2.0,1.0
1297,2004693,1062000,하나 Simple카드,72.0,서울 마포구,20,대학생,23,남,45.0,22.0,23.0,1.0,9.0
1298,2358620,1050000,롯데 DC카드,53.0,부산 해운대구,30,간호사,32,여,7.0,38.0,14.0,9.0,32.0
1299,1689551,1414000,IBK 두드림카드,75.0,서울 강동구,20,프리랜서,26,여,5.0,11.0,11.0,41.0,32.0
1300,1647612,918000,삼성 taptap카드,62.0,서울 동작구,30,컨설턴트,35,여,9.0,2.0,3.0,57.0,29.0
1301,3026273,1127000,삼성 taptap카드,62.0,서울 용산구,30,간호사,37,여,3.0,15.0,49.0,30.0,3.0
1302,1328531,1275000,네이버페이 현대,44.0,서울 강남구,20,회계,28,여,56.0,4.0,30.0,8.0,2.0
1303,3173090,1471000,KB 혜담카드,46.0,광주 서구,30,회계,33,남,20.0,12.0,45.0,9.0,14.0
1304,2943289,782000,KB 혜담카드,43.0,서울 송파구,30,간호사,32,여,20.0,13.0,37.0,1.0,29.0
1305,1984141,994000,SSG 랜더스카드,44.0,서울 성동구,30,공무원,36,남,12.0,3.0,22.0,10.0,53.0
1306,1787865,1203000,카카오뱅크 체크,59.0,울산 남구,20,간호사,20,여,18.0,38.0,7.0,35.0,2.0
1307,3106589,547000,우리 Young카드,42.0,서울 용산구,30,회계,31,여,26.0,38.0,2.0,23.0,11.0
1308,2516445,1566000,KB 혜담카드,78.0,경기 성남시,20,서비스직,20,여,54.0,8.0,13.0,21.0,4.0
1309,2567900,1109000,롯데 DC카드,71.0,대전 유성구,30,영업,31,남,22.0,17.0,5.0,41.0,15.0
1310,2851124,925000,현대 ZERO카드,71.0,광주 서구,20,개발자,24,여,56.0,2.0,13.0,19.0,10.0
1311,2853267,833000,이마트 KB카드,83.0,서울 강동구,20,대학생,24,여,27.0,12.0,10.0,24.0,27.0
1312,2634526,544000,네이버페이 현대,48.0,서울 용산구,30,공무원,38,여,30.0,5.0,50.0,7.0,8.0
1313,2369887,1490000,현대 ZERO카드,50.0,서울 송파구,30,생산직,32,남,3.0,8.0,5.0,23.0,61.0
1314,2710585,1009000,SSG 랜더스카드,47.0,서울 성동구,30,연구원,31,남,68.0,20.0,4.0,0.0,8.0
1315,3200470,1045000,하나 Simple카드,55.0,서울 강동구,30,공무원,35,남,13.0,22.0,33.0,26.0,6.0
1316,2155702,1456000,이마트 KB카드,53.0,경기 성남시,20,공무원,23,남,20.0,21.0,37.0,19.0,3.0
1317,2719478,1100000,하나 Simple카드,63.0,광주 서구,20,공무원,25,여,17.0,34.0,16.0,25.0,8.0
1318,1929158,1155000,씨티 Premier카드,46.0,서울 성동구,30,컨설턴트,37,남,54.0,8.0,3.0,17.0,18.0
1319,1752868,1432000,삼성 taptap카드,77.0,서울 동작구,30,데이터분석가,30,여,9.0,5.0,50.0,16.0,20.0
1320,3126609,2550000,하나 Simple카드,58.0,울산 남구,30,간호사,32,남,37.0,2.0,9.0,25.0,27.0
1321,2655918,1581000,신한 Deep카드,64.0,서울 서초구,30,데이터분석가,31,남,32.0,7.0,41.0,6.0,14.0
1322,2186475,1557000,롯데 DC카드,56.0,대구 수성구,30,프리랜서,35,여,10.0,12.0,1.0,55.0,22.0
1323,1365971,1262000,이마트 KB카드,43.0,서울 관악구,20,마케팅,28,여,6.0,32.0,59.0,2.0,1.0
1324,3013682,1748000,현대 ZERO카드,71.0,울산 남구,30,공무원,30,남,27.0,4.0,6.0,6.0,57.0
1325,2473622,1334000,현대 ZERO카드,73.0,서울 노원구,30,생산직,34,여,11.0,15.0,15.0,46.0,13.0
1326,2576739,1086000,신한 Deep카드,58.0,서울 성동구,20,생산직,28,여,8.0,43.0,7.0,3.0,39.0
1327,3048234,847000,씨티 Premier카드,72.0,경기 고양시,30,마케팅,31,남,27.0,1.0,9.0,26.0,37.0
1328,2433697,669000,SSG 랜더스카드,81.0,서울 마포구,30,연구원,35,여,32.0,12.0,5.0,30.0,21.0
1329,2838500,1806000,이마트 KB카드,42.0,서울 마포구,20,개발자,29,여,5.0,8.0,59.0,25.0,3.0
1330,1843766,1688000,삼성 taptap카드,62.0,대구 수성구,30,연구원,37,여,4.0,57.0,21.0,14.0,4.0
1331,3375472,807000,IBK 두드림카드,74.0,대구 수성구,30,디자이너,31,남,1.0,0.0,36.0,25.0,38.0
1332,1414426,1376000,토스카드,51.0,광주 서구,20,연구원,26,여,12.0,54.0,17.0,12.0,5.0
1333,2413146,1100000,신한 Deep카드,63.0,서울 용산구,30,개발자,30,남,30.0,28.0,32.0,9.0,1.0
1334,1643671,1583000,씨티 Premier카드,79.0,서울 강동구,20,개발자,23,남,33.0,24.0,10.0,8.0,25.0
1335,3547359,727000,신한 Deep카드,77.0,세종,30,공무원,34,남,64.0,3.0,8.0,0.0,25.0
1336,2954212,1229000,KB 혜담카드,53.0,서울 성동구,30,기획,32,남,36.0,10.0,17.0,10.0,27.0
1337,2243248,881000,삼성 taptap카드,59.0,인천 남동구,20,기획,28,여,15.0,23.0,1.0,25.0,36.0
1338,1946633,1884000,KB 혜담카드,43.0,서울 성동구,30,간호사,31,여,30.0,11.0,14.0,23.0,22.0
1339,2100153,1046000,IBK 두드림카드,43.0,서울 동작구,20,디자이너,27,여,12.0,11.0,0.0,33.0,44.0
1340,2465574,1048000,하나 Simple카드,70.0,서울 강남구,30,개발자,33,남,16.0,23.0,10.0,20.0,31.0
1341,2441727,1436000,현대 ZERO카드,51.0,서울 성동구,20,개발자,20,남,29.0,7.0,36.0,5.0,23.0
1342,2306236,1291000,현대 ZERO카드,83.0,광주 서구,30,대학생,33,남,52.0,16.0,8.0,23.0,1.0
1343,2914897,1918000,삼성 taptap카드,71.0,울산 남구,20,생산직,29,여,29.0,5.0,32.0,18.0,16.0
1344,1827093,1588000,씨티 Premier카드,82.0,광주 서구,30,데이터분석가,34,남,14.0,34.0,14.0,33.0,5.0
1345,1846740,1656000,토스카드,68.0,서울 강남구,20,생산직,23,여,10.0,26.0,0.0,25.0,39.0
1346,3338600,1082000,신한 Deep카드,72.0,경기 수원시,30,간호사,37,여,4.0,48.0,7.0,8.0,33.0
1347,2032430,1273000,SSG 랜더스카드,65.0,서울 용산구,20,대학생,27,남,12.0,17.0,12.0,59.0,0.0
1348,1592560,1370000,신한 Deep카드,48.0,세종,20,데이터분석가,28,여,14.0,1.0,59.0,6.0,20.0
1349,3153350,1804000,우리 Young카드,67.0,울산 남구,30,서비스직,33,남,47.0,3.0,35.0,6.0,9.0
1350,2262303,693000,카카오뱅크 체크,77.0,경기 성남시,30,생산직,32,여,54.0,17.0,1.0,7.0,21.0
1351,1832064,1870000,우리 Young카드,42.0,서울 강남구,20,생산직,28,여,27.0,56.0,0.0,5.0,12.0
1352,1702064,740000,씨티 Premier카드,71.0,대전 유성구,20,연구원,22,남,42.0,7.0,13.0,7.0,31.0
1353,4937861,2115000,이마트 KB카드,80.0,서울 강남구,30,기획,30,남,13.0,16.0,36.0,25.0,10.0
1354,2374224,796000,IBK 두드림카드,58.0,울산 남구,30,대학생,31,여,8.0,46.0,21.0,20.0,5.0
1355,1537216,1088000,SSG 랜더스카드,84.0,광주 서구,30,서비스직,30,여,35.0,22.0,19.0,17.0,7.0
1356,4045596,2110000,KB 혜담카드,79.0,경기 고양시,30,프리랜서,33,남,7.0,60.0,0.0,24.0,9.0
1357,2555535,802000,SSG 랜더스카드,67.0,경기 고양시,20,공무원,20,여,6.0,47.0,34.0,10.0,3.0
1358,1866766,951000,토스카드,85.0,경기 수원시,20,기획,28,여,4.0,47.0,1.0,28.0,20.0
1359,1783440,1760000,네이버페이 현대,54.0,울산 남구,20,개발자,27,여,5.0,18.0,5.0,62.0,10.0
1360,2586736,1419000,카카오뱅크 체크,61.0,서울 강남구,20,대학생,26,남,40.0,6.0,15.0,1.0,38.0
1361,2376540,1839000,삼성 taptap카드,80.0,세종,30,서비스직,32,여,20.0,31.0,3.0,2.0,44.0
1362,1537011,1443000,신한 Deep카드,83.0,세종,30,회계,33,여,18.0,15.0,20.0,42.0,5.0
1363,3143619,1301000,신한 Deep카드,60.0,인천 남동구,20,공무원,22,남,6.0,0.0,45.0,24.0,25.0
1364,2696206,1409000,우리 Young카드,72.0,광주 서구,30,공무원,31,남,19.0,11.0,12.0,14.0,44.0
1365,2997785,1750000,카카오뱅크 체크,74.0,인천 남동구,20,연구원,22,여,0.0,26.0,16.0,45.0,13.0
1366,2889217,1343000,롯데 DC카드,71.0,경기 고양시,20,마케팅,22,남,2.0,35.0,58.0,3.0,2.0
1367,1999495,1744000,삼성 taptap카드,75.0,인천 남동구,30,디자이너,30,여,20.0,1.0,40.0,7.0,32.0
1368,2766594,1717000,NH 농협카드,67.0,서울 강동구,20,공무원,29,남,5.0,38.0,46.0,1.0,10.0
1369,2543990,1085000,씨티 Premier카드,66.0,서울 관악구,30,연구원,34,남,10.0,18.0,14.0,1.0,57.0
1370,1566649,1148000,IBK 두드림카드,49.0,서울 동작구,30,마케팅,36,여,61.0,23.0,5.0,8.0,3.0
1371,2037700,1916000,삼성 taptap카드,71.0,서울 강남구,20,개발자,29,남,15.0,19.0,0.0,27.0,39.0
1372,2448818,1019000,SSG 랜더스카드,69.0,대구 수성구,20,기획,23,여,4.0,59.0,18.0,15.0,4.0
1373,2676084,986000,씨티 Premier카드,54.0,서울 송파구,30,간호사,30,남,19.0,20.0,4.0,32.0,25.0
1374,2346475,1456000,이마트 KB카드,68.0,대전 유성구,30,컨설턴트,33,여,6.0,48.0,9.0,21.0,16.0
1375,3800496,1482000,카카오뱅크 체크,41.0,경기 고양시,30,컨설턴트,31,남,61.0,18.0,15.0,2.0,4.0
1376,3074545,945000,KB 혜담카드,55.0,서울 마포구,30,프리랜서,33,남,2.0,3.0,53.0,1.0,41.0
1377,1828350,2177000,우리 Young카드,82.0,광주 서구,20,디자이너,29,여,22.0,23.0,2.0,50.0,3.0
1378,3491421,1964000,토스카드,42.0,서울 용산구,30,기획,36,남,39.0,35.0,5.0,1.0,20.0
1379,2598837,1118000,토스카드,74.0,서울 관악구,30,대학생,33,여,21.0,0.0,37.0,7.0,35.0
1380,1000000,2411000,현대 ZERO카드,49.0,서울 서초구,20,대학생,28,남,15.0,17.0,6.0,61.0,1.0
1381,2714176,793000,카카오뱅크 체크,69.0,대전 유성구,30,컨설턴트,32,여,45.0,13.0,15.0,13.0,14.0
1382,3274280,1265000,KB 혜담카드,84.0,대구 수성구,30,디자이너,30,남,15.0,3.0,16.0,64.0,2.0
1383,2260060,582000,하나 Simple카드,54.0,세종,20,회계,27,여,47.0,4.0,10.0,28.0,11.0
1384,2695850,2916000,NH 농협카드,62.0,서울 성동구,20,기획,24,남,20.0,25.0,3.0,26.0,26.0
1385,2529324,909000,신한 Deep카드,74.0,서울 서초구,30,디자이너,34,남,26.0,11.0,7.0,27.0,29.0
1386,2418249,1498000,현대 ZERO카드,64.0,서울 성동구,20,대학생,23,남,2.0,2.0,9.0,29.0,58.0
1387,1903128,1283000,KB 혜담카드,68.0,경기 성남시,30,영업,31,남,9.0,1.0,8.0,80.0,2.0
1388,2703545,960000,롯데 DC카드,63.0,서울 마포구,30,영업,32,여,28.0,13.0,2.0,51.0,6.0
1389,3226529,1164000,이마트 KB카드,61.0,세종,20,개발자,28,남,25.0,12.0,48.0,8.0,7.0
1390,1752571,582000,하나 Simple카드,54.0,세종,20,회계,27,여,47.0,4.0,10.0,28.0,11.0
1391,2468138,1355000,NH 농협카드,78.0,서울 동작구,30,간호사,32,남,38.0,35.0,9.0,15.0,3.0
1392,2502989,1450000,카카오뱅크 체크,66.0,서울 송파구,30,회계,30,남,15.0,7.0,37.0,33.0,8.0
1393,2564999,1270000,네이버페이 현대,52.0,부산 해운대구,30,프리랜서,34,여,28.0,42.0,3.0,15.0,12.0
1394,1968481,1097000,네이버페이 현대,51.0,대구 수성구,30,개발자,30,여,49.0,8.0,37.0,2.0,4.0
1395,3294873,577000,SSG 랜더스카드,57.0,서울 동작구,30,서비스직,34,남,14.0,10.0,19.0,25.0,32.0
1396,2673419,2213000,롯데 DC카드,48.0,서울 성동구,20,마케팅,22,남,7.0,10.0,17.0,17.0,49.0
1397,3374043,1177000,NH 농협카드,60.0,대구 수성구,30,회계,33,남,7.0,6.0,31.0,43.0,13.0
1398,1365792,729000,하나 Simple카드,47.0,서울 관악구,20,컨설턴트,26,여,15.0,14.0,14.0,56.0,1.0
1399,2747583,1216000,현대 ZERO카드,77.0,서울 서초구,20,회계,29,여,12.0,9.0,29.0,0.0,50.0
1400,3656157,746000,IBK 두드림카드,52.0,인천 남동구,30,연구원,30,남,13.0,0.0,60.0,13.0,14.0
1401,2915080,1018000,하나 Simple카드,57.0,광주 서구,30,컨설턴트,35,여,3.0,12.0,68.0,8.0,9.0
1402,2436421,1101000,토스카드,63.0,서울 성동구,20,간호사,25,여,10.0,12.0,15.0,51.0,12.0
1403,2610094,1669000,롯데 DC카드,83.0,경기 성남시,30,서비스직,36,여,15.0,28.0,28.0,20.0,9.0
1404,2766194,1771000,신한 Deep카드,81.0,세종,20,연구원,25,여,26.0,53.0,2.0,16.0,3.0
1405,4346459,1326000,현대 ZERO카드,83.0,서울 관악구,30,마케팅,32,남,58.0,0.0,0.0,15.0,27.0
1406,2332871,1149000,토스카드,71.0,부산 해운대구,30,대학생,31,남,37.0,2.0,8.0,16.0,37.0
1407,3754687,1027000,토스카드,49.0,광주 서구,30,공무원,33,남,4.0,41.0,10.0,16.0,29.0
1408,2939648,1851000,이마트 KB카드,49.0,인천 남동구,30,마케팅,31,남,14.0,9.0,11.0,25.0,41.0
1409,2435163,941000,현대 ZERO카드,50.0,부산 해운대구,30,기획,34,여,8.0,32.0,44.0,3.0,13.0
1410,1731734,1805000,카카오뱅크 체크,81.0,서울 강동구,30,개발자,39,여,1.0,57.0,28.0,9.0,5.0
1411,2107605,1256000,삼성 taptap카드,59.0,경기 성남시,20,마케팅,21,남,29.0,8.0,48.0,6.0,9.0
1412,1751367,960000,KB 혜담카드,80.0,서울 용산구,20,간호사,28,남,26.0,47.0,14.0,12.0,1.0
1413,2675301,524000,우리 Young카드,80.0,서울 강남구,30,서비스직,39,남,36.0,14.0,8.0,20.0,22.0
1414,1950906,1665000,KB 혜담카드,57.0,세종,30,마케팅,32,여,18.0,10.0,10.0,4.0,58.0
1415,2025545,1198000,IBK 두드림카드,70.0,서울 마포구,20,영업,25,남,5.0,33.0,27.0,21.0,14.0
1416,2296944,1364000,씨티 Premier카드,62.0,광주 서구,30,대학생,33,여,7.0,6.0,28.0,23.0,36.0
1417,3067728,1046000,신한 Deep카드,65.0,경기 수원시,30,마케팅,31,남,0.0,4.0,4.0,77.0,15.0
1418,1869675,766000,이마트 KB카드,43.0,서울 노원구,30,대학생,33,남,11.0,3.0,31.0,32.0,23.0
1419,1527240,1005000,현대 ZERO카드,40.0,대구 수성구,20,생산직,27,여,58.0,8.0,3.0,27.0,4.0
1420,2430957,538000,KB 혜담카드,67.0,서울 강남구,20,컨설턴트,22,여,18.0,23.0,1.0,8.0,50.0
1421,1851280,1778000,롯데 DC카드,74.0,서울 서초구,20,마케팅,26,남,4.0,25.0,3.0,31.0,37.0
1422,2787264,1596000,KB 혜담카드,49.0,서울 마포구,20,간호사,20,여,1.0,12.0,1.0,35.0,51.0
1423,2612634,1494000,토스카드,58.0,서울 서초구,30,연구원,30,여,1.0,36.0,4.0,35.0,24.0
1424,2553381,1094000,이마트 KB카드,43.0,세종,20,마케팅,28,여,11.0,37.0,28.0,19.0,5.0
1425,2955346,759000,현대 ZERO카드,54.0,서울 관악구,20,대학생,27,남,15.0,20.0,19.0,45.0,1.0
1426,2095144,1706000,토스카드,54.0,경기 수원시,20,연구원,23,여,20.0,9.0,0.0,11.0,60.0
1427,2597859,1517000,현대 ZERO카드,46.0,서울 용산구,30,데이터분석가,32,남,17.0,32.0,20.0,27.0,4.0
1428,2935851,883000,IBK 두드림카드,54.0,대전 유성구,30,영업,39,여,25.0,20.0,26.0,19.0,10.0
1429,2504756,1317000,신한 Deep카드,76.0,서울 마포구,20,영업,24,남,69.0,13.0,4.0,14.0,0.0
1430,2868868,1027000,토스카드,49.0,광주 서구,30,공무원,33,남,4.0,41.0,10.0,16.0,29.0
1431,3974020,1017000,현대 ZERO카드,71.0,부산 해운대구,30,마케팅,32,남,39.0,27.0,4.0,25.0,5.0
1432,2143877,1512000,삼성 taptap카드,85.0,대구 수성구,20,마케팅,27,여,19.0,52.0,14.0,14.0,1.0
1433,3022941,910000,토스카드,62.0,서울 서초구,30,디자이너,36,남,32.0,3.0,22.0,26.0,17.0
1434,2510611,1738000,이마트 KB카드,55.0,서울 마포구,30,회계,32,여,31.0,14.0,1.0,3.0,51.0
1435,1782703,1535000,신한 Deep카드,44.0,서울 동작구,20,컨설턴트,26,여,17.0,5.0,41.0,8.0,29.0
1436,2288792,928000,SSG 랜더스카드,72.0,서울 동작구,20,데이터분석가,25,남,11.0,5.0,12.0,2.0,70.0
1437,3198380,1241000,토스카드,64.0,서울 서초구,30,기획,34,여,20.0,46.0,1.0,32.0,1.0
1438,3311477,837000,네이버페이 현대,41.0,인천 남동구,30,서비스직,30,남,29.0,0.0,11.0,14.0,46.0
1439,2265531,1377000,씨티 Premier카드,64.0,인천 남동구,20,컨설턴트,25,여,15.0,29.0,19.0,9.0,28.0
1440,2886762,1269000,하나 Simple카드,57.0,인천 남동구,30,컨설턴트,31,남,12.0,18.0,38.0,22.0,10.0
1441,2415433,1443000,신한 Deep카드,52.0,대구 수성구,20,연구원,29,여,45.0,2.0,40.0,6.0,7.0
1442,2624883,698000,네이버페이 현대,55.0,서울 마포구,20,공무원,24,여,17.0,13.0,26.0,38.0,6.0
1443,2804619,967000,KB 혜담카드,43.0,서울 서초구,30,데이터분석가,34,여,17.0,16.0,2.0,52.0,13.0
1444,2334067,1271000,SSG 랜더스카드,63.0,서울 노원구,30,디자이너,32,여,6.0,13.0,21.0,0.0,60.0
1445,2412390,645000,이마트 KB카드,65.0,대전 유성구,20,기획,20,남,17.0,1.0,2.0,11.0,69.0
1446,2489969,1325000,롯데 DC카드,80.0,서울 동작구,20,회계,20,여,11.0,5.0,5.0,24.0,55.0
1447,1996402,693000,SSG 랜더스카드,53.0,경기 수원시,30,컨설턴트,37,여,10.0,17.0,25.0,16.0,32.0
1448,2334115,1268000,네이버페이 현대,69.0,인천 남동구,20,공무원,20,여,28.0,16.0,29.0,6.0,21.0
1449,1169348,599000,하나 Simple카드,73.0,서울 성동구,20,기획,25,남,11.0,5.0,30.0,51.0,3.0
1450,2741266,1197000,토스카드,70.0,서울 관악구,30,회계,35,여,10.0,2.0,63.0,15.0,10.0
1451,2830171,1179000,KB 혜담카드,75.0,서울 서초구,30,영업,34,여,4.0,35.0,9.0,6.0,46.0
1452,2873773,1822000,네이버페이 현대,59.0,서울 동작구,30,서비스직,30,여,5.0,35.0,10.0,14.0,36.0
1453,2723467,890000,하나 Simple카드,54.0,경기 고양시,30,디자이너,35,남,6.0,14.0,60.0,15.0,5.0
1454,2404523,668000,네이버페이 현대,47.0,경기 성남시,20,기획,28,여,24.0,51.0,12.0,2.0,11.0
1455,2961976,1359000,씨티 Premier카드,67.0,서울 마포구,20,컨설턴트,27,남,38.0,3.0,24.0,18.0,17.0
1456,3206884,1702000,우리 Young카드,41.0,울산 남구,30,서비스직,33,여,15.0,11.0,5.0,64.0,5.0
1457,2235413,858000,하나 Simple카드,62.0,서울 동작구,20,개발자,27,남,5.0,16.0,51.0,22.0,6.0
1458,2319659,706000,토스카드,44.0,서울 성동구,20,기획,29,여,27.0,34.0,12.0,5.0,22.0
1459,2805455,1406000,현대 ZERO카드,48.0,서울 송파구,20,디자이너,22,여,14.0,40.0,8.0,3.0,35.0
1460,1949438,1135000,롯데 DC카드,55.0,대구 수성구,30,프리랜서,32,남,30.0,11.0,10.0,3.0,46.0
1461,2338462,933000,현대 ZERO카드,67.0,경기 성남시,30,개발자,39,여,9.0,19.0,16.0,41.0,15.0
1462,3934899,1251000,이마트 KB카드,79.0,서울 송파구,30,컨설턴트,31,남,52.0,7.0,25.0,0.0,16.0
1463,2987600,727000,씨티 Premier카드,54.0,울산 남구,30,공무원,31,여,19.0,16.0,26.0,14.0,25.0
1464,2434631,1055000,삼성 taptap카드,51.0,부산 해운대구,20,개발자,27,여,1.0,9.0,49.0,14.0,27.0
1465,1747083,1516000,SSG 랜더스카드,57.0,서울 관악구,30,기획,35,여,6.0,57.0,6.0,23.0,8.0
1466,2475044,1392000,현대 ZERO카드,40.0,대전 유성구,30,데이터분석가,37,여,4.0,34.0,20.0,25.0,17.0
1467,2205042,1298000,우리 Young카드,49.0,경기 고양시,30,데이터분석가,30,여,55.0,11.0,5.0,25.0,4.0
1468,2415519,2000000,하나 Simple카드,54.0,대전 유성구,20,영업,20,남,19.0,29.0,12.0,36.0,4.0
1469,1845326,1389000,IBK 두드림카드,54.0,세종,20,간호사,27,남,1.0,30.0,5.0,57.0,7.0
1470,1737138,1810000,삼성 taptap카드,64.0,서울 강남구,20,영업,28,여,1.0,70.0,2.0,14.0,13.0
1471,1467567,1669000,이마트 KB카드,84.0,부산 해운대구,30,생산직,36,여,35.0,10.0,11.0,6.0,38.0
1472,3110902,812000,우리 Young카드,48.0,서울 송파구,30,생산직,34,여,7.0,1.0,15.0,12.0,65.0
1473,2300114,1168000,NH 농협카드,81.0,서울 강동구,30,연구원,38,여,6.0,10.0,2.0,33.0,49.0
1474,3110002,1418000,KB 혜담카드,40.0,서울 관악구,30,공무원,36,남,9.0,20.0,14.0,48.0,9.0
1475,2248880,2364000,우리 Young카드,78.0,광주 서구,20,대학생,24,여,6.0,4.0,40.0,34.0,16.0
1476,2252796,1099000,KB 혜담카드,47.0,경기 수원시,30,생산직,30,남,9.0,11.0,37.0,30.0,13.0
1477,1870467,1621000,롯데 DC카드,53.0,경기 수원시,30,연구원,35,여,16.0,42.0,23.0,7.0,12.0
1478,2296279,1335000,롯데 DC카드,46.0,광주 서구,30,생산직,33,남,10.0,53.0,25.0,7.0,5.0
1479,1888415,1979000,NH 농협카드,70.0,광주 서구,20,컨설턴트,27,남,13.0,6.0,10.0,38.0,33.0
1480,3256624,1776000,카카오뱅크 체크,65.0,대구 수성구,30,생산직,39,남,11.0,33.0,2.0,13.0,41.0
1481,1852141,1202000,토스카드,61.0,서울 용산구,20,간호사,28,남,16.0,11.0,19.0,14.0,40.0
1482,3123245,1503000,삼성 taptap카드,53.0,서울 성동구,20,회계,29,여,7.0,2.0,3.0,38.0,50.0
1483,2763575,873000,신한 Deep카드,74.0,서울 마포구,20,데이터분석가,27,남,9.0,26.0,12.0,27.0,26.0
1484,2654179,1202000,토스카드,57.0,광주 서구,20,연구원,29,남,26.0,54.0,15.0,3.0,2.0
1485,2916238,1615000,현대 ZERO카드,71.0,서울 강남구,30,영업,37,남,19.0,34.0,4.0,11.0,32.0
1486,3007140,628000,네이버페이 현대,66.0,인천 남동구,20,프리랜서,24,남,62.0,11.0,8.0,14.0,5.0
1487,2847396,1327000,KB 혜담카드,67.0,울산 남구,30,컨설턴트,34,남,40.0,31.0,8.0,4.0,17.0
1488,2978117,953000,KB 혜담카드,82.0,대전 유성구,30,컨설턴트,30,남,7.0,24.0,1.0,45.0,23.0
1489,2584987,932000,이마트 KB카드,61.0,서울 송파구,30,서비스직,33,여,17.0,16.0,41.0,26.0,0.0
1490,2600911,751000,하나 Simple카드,67.0,부산 해운대구,20,공무원,29,여,13.0,19.0,19.0,11.0,38.0
1491,2818454,553000,신한 Deep카드,63.0,울산 남구,30,서비스직,36,여,12.0,1.0,38.0,0.0,49.0
1492,2667412,1276000,신한 Deep카드,46.0,서울 관악구,30,디자이너,34,남,16.0,1.0,46.0,2.0,35.0
1493,1983503,2205000,신한 Deep카드,65.0,경기 성남시,20,기획,26,남,17.0,34.0,0.0,10.0,39.0
1494,2569951,1597000,씨티 Premier카드,65.0,광주 서구,20,연구원,24,여,20.0,40.0,2.0,21.0,17.0
1495,2857618,1068000,현대 ZERO카드,83.0,대구 수성구,30,컨설턴트,37,여,12.0,53.0,19.0,7.0,9.0
1496,2053324,1190000,하나 Simple카드,65.0,서울 용산구,20,연구원,29,남,34.0,39.0,3.0,5.0,19.0
1497,1456405,1578000,NH 농협카드,83.0,서울 노원구,20,마케팅,29,남,47.0,37.0,8.0,6.0,2.0
1498,2146341,635000,네이버페이 현대,53.0,서울 관악구,20,연구원,27,남,25.0,17.0,8.0,25.0,25.0
1499,3436468,1669000,이마트 KB카드,84.0,부산 해운대구,30,생산직,36,남,35.0,10.0,11.0,6.0,38.0
1500,3152708,974000,삼성 taptap카드,46.0,대전 유성구,20,데이터분석가,27,남,35.0,23.0,14.0,14.0,14.0
1501,1901021,1497000,SSG 랜더스카드,75.0,경기 수원시,30,간호사,30,여,18.0,3.0,19.0,60.0,0.0
1502,2036714,1095000,신한 Deep카드,51.0,대전 유성구,20,생산직,27,여,3.0,57.0,12.0,12.0,16.0
1503,2055298,1625000,삼성 taptap카드,75.0,세종,20,대학생,25,여,36.0,11.0,24.0,23.0,6.0
1504,2927902,1348000,IBK 두드림카드,73.0,경기 고양시,20,연구원,26,여,2.0,50.0,26.0,13.0,9.0
1505,2232529,1087000,카카오뱅크 체크,71.0,울산 남구,20,연구원,27,여,60.0,18.0,14.0,1.0,7.0
1506,1796336,1352000,토스카드,49.0,서울 관악구,20,개발자,27,여,1.0,42.0,1.0,45.0,11.0
1507,2529347,1629000,토스카드,63.0,서울 동작구,20,프리랜서,20,여,1.0,13.0,21.0,63.0,2.0
1508,2716753,1580000,토스카드,67.0,경기 성남시,30,간호사,31,남,29.0,14.0,42.0,7.0,8.0
1509,1637806,639000,SSG 랜더스카드,64.0,경기 수원시,20,간호사,28,남,47.0,7.0,6.0,8.0,32.0
1510,1803613,1921000,삼성 taptap카드,81.0,서울 마포구,20,디자이너,28,남,45.0,14.0,19.0,3.0,19.0
1511,3117020,914000,카카오뱅크 체크,51.0,경기 성남시,20,컨설턴트,25,여,47.0,18.0,18.0,7.0,10.0
1512,2692104,1235000,SSG 랜더스카드,76.0,서울 송파구,30,연구원,31,여,24.0,44.0,27.0,3.0,2.0
1513,2303880,1807000,IBK 두드림카드,83.0,경기 수원시,20,데이터분석가,26,남,6.0,7.0,55.0,11.0,21.0
1514,2125053,732000,네이버페이 현대,71.0,서울 관악구,20,생산직,26,여,6.0,19.0,16.0,43.0,16.0
1515,3204504,1321000,현대 ZERO카드,63.0,경기 성남시,30,생산직,34,남,24.0,39.0,8.0,19.0,10.0
1516,2390117,880000,우리 Young카드,61.0,인천 남동구,20,생산직,29,여,18.0,33.0,3.0,45.0,1.0
1517,2396084,2433000,토스카드,52.0,경기 성남시,20,공무원,29,남,9.0,18.0,17.0,6.0,50.0
1518,3080391,833000,우리 Young카드,49.0,서울 노원구,30,디자이너,31,남,2.0,13.0,76.0,8.0,1.0
1519,3608158,636000,롯데 DC카드,67.0,서울 동작구,30,프리랜서,30,남,4.0,32.0,17.0,27.0,20.0
1520,3016173,1883000,씨티 Premier카드,71.0,서울 용산구,30,개발자,31,남,27.0,3.0,9.0,44.0,17.0
1521,1761030,1478000,삼성 taptap카드,55.0,인천 남동구,20,마케팅,25,남,21.0,7.0,3.0,32.0,37.0
1522,1943788,1247000,신한 Deep카드,54.0,울산 남구,20,연구원,29,남,3.0,14.0,33.0,28.0,22.0
1523,1260490,1833000,롯데 DC카드,65.0,광주 서구,20,회계,29,여,23.0,1.0,36.0,26.0,14.0
1524,3513408,972000,삼성 taptap카드,51.0,대전 유성구,30,데이터분석가,33,여,27.0,40.0,11.0,16.0,6.0
1525,2681377,1981000,신한 Deep카드,53.0,서울 관악구,20,연구원,21,남,8.0,10.0,24.0,23.0,35.0
1526,1834964,838000,토스카드,40.0,서울 관악구,20,간호사,24,여,17.0,34.0,8.0,6.0,35.0
1527,2359077,1048000,네이버페이 현대,68.0,서울 송파구,30,대학생,31,여,1.0,31.0,31.0,14.0,23.0
1528,2554186,1179000,네이버페이 현대,40.0,경기 성남시,30,개발자,32,남,9.0,4.0,49.0,32.0,6.0
1529,3021273,928000,카카오뱅크 체크,45.0,서울 마포구,20,디자이너,24,남,19.0,38.0,3.0,32.0,8.0
1530,2006085,1451000,카카오뱅크 체크,72.0,대전 유성구,30,디자이너,32,남,11.0,36.0,10.0,38.0,5.0
1531,3080133,1175000,씨티 Premier카드,65.0,서울 성동구,30,공무원,30,남,7.0,20.0,27.0,2.0,44.0
1532,2195736,1571000,KB 혜담카드,72.0,대구 수성구,20,데이터분석가,25,여,3.0,11.0,53.0,31.0,2.0
1533,2663419,1044000,이마트 KB카드,77.0,부산 해운대구,20,생산직,29,남,5.0,58.0,10.0,7.0,20.0
1534,2197995,1138000,우리 Young카드,62.0,서울 동작구,20,대학생,29,여,21.0,7.0,14.0,10.0,48.0
1535,1620895,1000000,현대 ZERO카드,82.0,서울 송파구,30,개발자,33,여,34.0,10.0,39.0,16.0,1.0
1536,2824217,717000,하나 Simple카드,57.0,부산 해운대구,30,연구원,39,남,3.0,17.0,2.0,31.0,47.0
1537,2013918,866000,IBK 두드림카드,50.0,광주 서구,30,디자이너,34,여,3.0,4.0,22.0,25.0,46.0
1538,2289789,1488000,롯데 DC카드,61.0,울산 남구,20,공무원,29,남,5.0,32.0,29.0,17.0,17.0
1539,3217088,2569000,KB 혜담카드,79.0,대구 수성구,30,회계,34,여,7.0,60.0,6.0,19.0,8.0
1540,1782402,942000,삼성 taptap카드,85.0,서울 용산구,30,기획,30,남,10.0,50.0,30.0,8.0,2.0
1541,1849888,2020000,IBK 두드림카드,72.0,대구 수성구,20,대학생,24,여,4.0,13.0,2.0,41.0,40.0
1542,2223653,1673000,하나 Simple카드,49.0,부산 해운대구,30,서비스직,37,여,15.0,6.0,34.0,7.0,38.0
1543,2059184,2475000,카카오뱅크 체크,53.0,서울 관악구,20,회계,23,남,4.0,8.0,30.0,6.0,52.0
1544,2870062,2146000,SSG 랜더스카드,60.0,서울 성동구,30,개발자,35,여,6.0,3.0,13.0,68.0,10.0
1545,2163227,1449000,SSG 랜더스카드,59.0,세종,20,공무원,27,여,28.0,6.0,17.0,23.0,26.0
1546,2707901,1334000,현대 ZERO카드,73.0,서울 노원구,30,생산직,34,여,11.0,15.0,15.0,46.0,13.0
1547,1937113,1411000,네이버페이 현대,65.0,대전 유성구,20,컨설턴트,24,여,18.0,31.0,16.0,11.0,24.0
1548,2614962,1036000,롯데 DC카드,85.0,서울 강남구,30,마케팅,35,여,27.0,1.0,19.0,20.0,33.0
1549,2638898,1644000,NH 농협카드,46.0,광주 서구,20,서비스직,27,남,12.0,4.0,42.0,3.0,39.0
1550,1883850,1589000,신한 Deep카드,50.0,부산 해운대구,20,데이터분석가,23,남,1.0,1.0,10.0,75.0,13.0
1551,2890679,2408000,하나 Simple카드,45.0,서울 동작구,30,생산직,39,여,27.0,30.0,3.0,9.0,31.0
1552,2276186,1806000,NH 농협카드,69.0,서울 동작구,20,연구원,21,남,63.0,2.0,11.0,2.0,22.0
1553,2772730,718000,삼성 taptap카드,69.0,서울 강남구,20,대학생,20,여,24.0,1.0,18.0,56.0,1.0
1554,2399290,824000,하나 Simple카드,78.0,인천 남동구,30,데이터분석가,35,여,2.0,15.0,26.0,1.0,56.0
1555,3266871,1822000,씨티 Premier카드,62.0,인천 남동구,30,연구원,35,남,38.0,5.0,4.0,17.0,36.0
1556,2971575,1051000,NH 농협카드,64.0,대구 수성구,30,개발자,32,남,13.0,5.0,1.0,50.0,31.0
1557,2201893,779000,하나 Simple카드,44.0,서울 강동구,20,회계,24,여,35.0,10.0,12.0,27.0,16.0
1558,3181251,1155000,토스카드,52.0,서울 강동구,30,데이터분석가,37,남,9.0,9.0,28.0,27.0,27.0
1559,2518403,1669000,카카오뱅크 체크,74.0,서울 성동구,20,대학생,20,여,54.0,12.0,4.0,4.0,26.0
1560,1625217,2465000,우리 Young카드,63.0,서울 강동구,20,간호사,20,남,10.0,30.0,23.0,24.0,13.0
1561,2966816,759000,현대 ZERO카드,54.0,서울 관악구,20,대학생,27,여,15.0,20.0,19.0,45.0,1.0
1562,1320168,721000,네이버페이 현대,80.0,세종,20,영업,28,남,23.0,2.0,55.0,19.0,1.0
1563,2157593,1392000,롯데 DC카드,55.0,서울 송파구,30,컨설턴트,31,여,2.0,9.0,31.0,28.0,30.0
1564,2202865,1176000,씨티 Premier카드,76.0,경기 성남시,20,컨설턴트,27,남,9.0,12.0,54.0,1.0,24.0
1565,2706177,2492000,NH 농협카드,76.0,대구 수성구,30,서비스직,30,여,18.0,22.0,46.0,13.0,1.0
1566,4103320,1547000,하나 Simple카드,81.0,서울 마포구,30,프리랜서,34,남,4.0,8.0,44.0,4.0,40.0
1567,1570854,935000,씨티 Premier카드,76.0,부산 해운대구,30,마케팅,34,여,1.0,62.0,6.0,29.0,2.0
1568,1996152,1346000,신한 Deep카드,73.0,대전 유성구,20,기획,29,여,23.0,13.0,2.0,14.0,48.0
1569,1511216,1084000,신한 Deep카드,48.0,서울 마포구,30,개발자,31,남,6.0,60.0,6.0,18.0,10.0
1570,3022135,1311000,씨티 Premier카드,52.0,경기 수원시,30,디자이너,32,남,24.0,52.0,5.0,12.0,7.0
1571,3190178,1197000,토스카드,70.0,서울 관악구,30,회계,35,남,10.0,2.0,63.0,15.0,10.0
1572,3045397,1181000,카카오뱅크 체크,54.0,대전 유성구,20,생산직,23,여,29.0,36.0,6.0,12.0,17.0
1573,2310317,1242000,NH 농협카드,65.0,서울 용산구,20,회계,29,여,29.0,14.0,24.0,12.0,21.0
1574,3022012,2003000,SSG 랜더스카드,59.0,세종,30,생산직,37,여,12.0,27.0,8.0,46.0,7.0
1575,2541918,1755000,이마트 KB카드,74.0,서울 관악구,20,간호사,20,남,48.0,2.0,21.0,16.0,13.0
1576,2695326,975000,IBK 두드림카드,44.0,인천 남동구,30,생산직,39,남,12.0,19.0,16.0,8.0,45.0
1577,1545519,972000,씨티 Premier카드,55.0,경기 성남시,20,간호사,26,여,32.0,14.0,23.0,3.0,28.0
1578,2387501,1743000,이마트 KB카드,64.0,경기 수원시,20,대학생,28,남,33.0,19.0,14.0,1.0,33.0
1579,1503948,1471000,이마트 KB카드,40.0,경기 성남시,20,연구원,28,여,16.0,58.0,1.0,9.0,16.0
1580,3906644,1776000,카카오뱅크 체크,65.0,대구 수성구,30,생산직,39,남,11.0,33.0,2.0,13.0,41.0
1581,2418968,1811000,씨티 Premier카드,84.0,서울 동작구,30,연구원,39,여,13.0,14.0,56.0,14.0,3.0
1582,3836624,1253000,씨티 Premier카드,48.0,경기 고양시,30,개발자,36,남,9.0,28.0,0.0,48.0,15.0
1583,2009892,831000,우리 Young카드,55.0,서울 강남구,20,기획,26,남,6.0,0.0,9.0,11.0,74.0
1584,2384425,1514000,신한 Deep카드,51.0,광주 서구,20,마케팅,23,여,4.0,12.0,28.0,37.0,19.0
1585,2604674,1089000,우리 Young카드,62.0,서울 관악구,30,연구원,33,여,5.0,2.0,37.0,14.0,42.0
1586,2477477,1815000,토스카드,63.0,서울 강동구,30,데이터분석가,39,여,12.0,44.0,10.0,30.0,4.0
1587,2697138,1875000,토스카드,43.0,경기 성남시,30,대학생,38,남,1.0,2.0,88.0,2.0,7.0
1588,3274719,1046000,신한 Deep카드,72.0,서울 강남구,30,기획,36,남,9.0,8.0,4.0,4.0,75.0
1589,1786918,1564000,SSG 랜더스카드,51.0,세종,20,디자이너,26,여,10.0,29.0,9.0,39.0,13.0
1590,1645282,1614000,이마트 KB카드,43.0,인천 남동구,20,컨설턴트,23,여,45.0,10.0,24.0,6.0,15.0
1591,3869978,1003000,NH 농협카드,74.0,광주 서구,30,프리랜서,36,남,3.0,4.0,26.0,62.0,5.0
1592,3509017,1525000,카카오뱅크 체크,64.0,서울 마포구,30,개발자,39,남,46.0,15.0,22.0,9.0,8.0
1593,2282945,1461000,KB 혜담카드,59.0,서울 강남구,20,개발자,28,남,11.0,2.0,77.0,3.0,7.0
1594,3082571,1775000,토스카드,43.0,서울 성동구,20,생산직,22,여,23.0,6.0,23.0,39.0,9.0
1595,2812564,909000,롯데 DC카드,82.0,부산 해운대구,30,서비스직,39,남,12.0,58.0,13.0,2.0,15.0
1596,2911351,2799000,IBK 두드림카드,44.0,서울 노원구,20,개발자,29,남,27.0,31.0,30.0,3.0,9.0
1597,3122901,1183000,신한 Deep카드,66.0,경기 고양시,30,기획,39,남,45.0,20.0,20.0,9.0,6.0
1598,1737624,2592000,KB 혜담카드,44.0,부산 해운대구,20,마케팅,23,남,5.0,25.0,18.0,37.0,15.0
1599,3174020,1316000,우리 Young카드,50.0,대전 유성구,20,간호사,29,남,5.0,24.0,20.0,38.0,13.0
1600,2995355,1455000,롯데 DC카드,67.0,대전 유성구,30,컨설턴트,31,여,1.0,5.0,8.0,29.0,57.0
1601,2189489,654000,토스카드,80.0,서울 노원구,20,기획,26,남,50.0,31.0,17.0,2.0,0.0
1602,2863585,1489000,씨티 Premier카드,69.0,서울 성동구,30,마케팅,31,여,28.0,35.0,2.0,4.0,31.0
1603,2048148,703000,삼성 taptap카드,58.0,서울 강동구,20,영업,22,남,10.0,8.0,10.0,69.0,3.0
1604,2914574,929000,현대 ZERO카드,51.0,경기 성남시,30,연구원,32,여,1.0,5.0,37.0,40.0,17.0
1605,1304460,890000,하나 Simple카드,54.0,경기 고양시,30,디자이너,35,여,6.0,14.0,60.0,15.0,5.0
1606,1740099,1082000,네이버페이 현대,79.0,서울 서초구,20,디자이너,28,여,38.0,6.0,11.0,24.0,21.0
1607,2739629,1367000,삼성 taptap카드,57.0,세종,20,프리랜서,28,여,52.0,24.0,13.0,4.0,7.0
1608,2125172,859000,카카오뱅크 체크,63.0,서울 마포구,20,데이터분석가,22,남,11.0,14.0,7.0,27.0,41.0
1609,2353771,991000,NH 농협카드,62.0,경기 수원시,20,프리랜서,24,남,14.0,60.0,9.0,9.0,8.0
1610,1576607,1105000,IBK 두드림카드,69.0,부산 해운대구,20,기획,24,여,1.0,1.0,44.0,3.0,51.0
1611,3173933,1332000,토스카드,59.0,서울 동작구,20,영업,23,여,11.0,40.0,18.0,2.0,29.0
1612,2845264,1061000,씨티 Premier카드,53.0,서울 송파구,20,간호사,25,여,15.0,11.0,23.0,7.0,44.0
1613,2149657,1114000,신한 Deep카드,45.0,서울 송파구,20,공무원,27,여,47.0,6.0,43.0,3.0,1.0
1614,2047652,1052000,IBK 두드림카드,84.0,울산 남구,20,컨설턴트,25,여,27.0,30.0,14.0,20.0,9.0
1615,3720723,1744000,삼성 taptap카드,75.0,인천 남동구,30,디자이너,30,남,20.0,1.0,40.0,7.0,32.0
1616,4387729,2436000,네이버페이 현대,53.0,서울 서초구,30,회계,30,남,16.0,6.0,36.0,40.0,2.0
1617,2976880,975000,IBK 두드림카드,44.0,인천 남동구,30,생산직,39,여,12.0,19.0,16.0,8.0,45.0
1618,3335901,792000,우리 Young카드,58.0,서울 동작구,20,컨설턴트,29,여,20.0,8.0,22.0,45.0,5.0
1619,2354354,2425000,삼성 taptap카드,49.0,경기 고양시,30,대학생,39,남,48.0,33.0,3.0,4.0,12.0
1620,2090306,1637000,SSG 랜더스카드,75.0,서울 송파구,30,간호사,30,여,87.0,7.0,3.0,1.0,2.0
1621,1655529,1238000,카카오뱅크 체크,77.0,서울 마포구,20,데이터분석가,27,남,9.0,1.0,74.0,3.0,13.0
1622,2720880,1966000,SSG 랜더스카드,58.0,서울 마포구,30,생산직,30,여,27.0,4.0,39.0,7.0,23.0
1623,2337801,1680000,카카오뱅크 체크,74.0,경기 수원시,20,공무원,27,남,5.0,13.0,25.0,21.0,36.0
1624,2174024,1210000,롯데 DC카드,51.0,서울 용산구,20,디자이너,25,남,3.0,28.0,8.0,2.0,59.0
1625,2904629,1776000,토스카드,53.0,경기 수원시,30,영업,32,여,9.0,20.0,3.0,14.0,54.0
1626,2866164,1052000,현대 ZERO카드,45.0,경기 고양시,20,회계,24,남,33.0,10.0,29.0,0.0,28.0
1627,1487168,1467000,현대 ZERO카드,56.0,서울 강남구,20,개발자,29,여,3.0,65.0,8.0,10.0,14.0
1628,2201513,906000,삼성 taptap카드,62.0,인천 남동구,30,개발자,33,여,11.0,41.0,1.0,6.0,41.0
1629,2660071,1917000,토스카드,75.0,서울 송파구,20,회계,29,여,6.0,14.0,10.0,2.0,68.0
1630,2672582,1109000,현대 ZERO카드,80.0,서울 성동구,30,영업,33,남,27.0,22.0,17.0,0.0,34.0
1631,1850896,1245000,SSG 랜더스카드,61.0,부산 해운대구,20,프리랜서,23,남,50.0,22.0,7.0,7.0,14.0
1632,3712976,1344000,토스카드,72.0,서울 강동구,30,마케팅,31,남,50.0,17.0,19.0,11.0,3.0
1633,1605249,1401000,하나 Simple카드,76.0,경기 수원시,20,생산직,28,여,8.0,16.0,50.0,23.0,3.0
1634,2099210,1305000,신한 Deep카드,40.0,서울 용산구,20,프리랜서,23,여,3.0,8.0,6.0,63.0,20.0
1635,2414322,1097000,롯데 DC카드,66.0,서울 동작구,20,개발자,28,여,50.0,1.0,33.0,3.0,13.0
1636,1963090,707000,SSG 랜더스카드,55.0,서울 노원구,20,컨설턴트,26,여,32.0,47.0,0.0,1.0,20.0
1637,2641577,1331000,카카오뱅크 체크,71.0,서울 송파구,20,간호사,28,여,1.0,12.0,32.0,22.0,33.0
1638,1965561,1980000,SSG 랜더스카드,71.0,경기 고양시,20,컨설턴트,29,여,7.0,24.0,34.0,27.0,8.0
1639,3986033,1245000,우리 Young카드,54.0,경기 성남시,30,영업,32,남,5.0,7.0,43.0,37.0,8.0
1640,2187126,1789000,네이버페이 현대,56.0,서울 강동구,20,간호사,24,여,7.0,34.0,36.0,11.0,12.0
1641,2585635,1332000,네이버페이 현대,49.0,경기 고양시,20,회계,22,남,7.0,17.0,52.0,8.0,16.0
1642,2623011,1900000,KB 혜담카드,61.0,서울 노원구,20,공무원,24,여,9.0,11.0,52.0,15.0,13.0
1643,2186229,1380000,씨티 Premier카드,66.0,서울 강동구,30,공무원,39,여,17.0,26.0,1.0,39.0,17.0
1644,1473256,1207000,네이버페이 현대,53.0,서울 성동구,30,프리랜서,39,여,40.0,15.0,35.0,3.0,7.0
1645,3252529,1962000,현대 ZERO카드,63.0,세종,30,기획,36,남,25.0,19.0,8.0,44.0,4.0
1646,3050601,1729000,현대 ZERO카드,48.0,세종,30,연구원,34,남,28.0,32.0,33.0,4.0,3.0
1647,2527913,989000,네이버페이 현대,75.0,서울 마포구,20,디자이너,25,남,39.0,22.0,21.0,6.0,12.0
1648,2841430,772000,씨티 Premier카드,44.0,경기 성남시,30,컨설턴트,37,남,21.0,2.0,20.0,14.0,43.0
1649,2698700,571000,토스카드,73.0,경기 성남시,30,프리랜서,32,남,4.0,4.0,39.0,38.0,15.0
1650,3504236,954000,롯데 DC카드,47.0,광주 서구,30,기획,30,여,18.0,20.0,23.0,9.0,30.0
1651,1763822,553000,신한 Deep카드,63.0,울산 남구,30,서비스직,36,여,12.0,1.0,38.0,0.0,49.0
1652,2616975,1317000,네이버페이 현대,40.0,서울 관악구,20,영업,24,남,23.0,5.0,12.0,26.0,34.0
1653,2597778,751000,NH 농협카드,59.0,경기 성남시,30,기획,31,남,2.0,7.0,11.0,21.0,59.0
1654,2764954,1218000,씨티 Premier카드,65.0,경기 수원시,30,간호사,38,남,3.0,7.0,30.0,4.0,56.0
1655,2091448,1544000,우리 Young카드,55.0,서울 관악구,20,영업,25,여,12.0,30.0,43.0,14.0,1.0
1656,2098282,1329000,신한 Deep카드,56.0,대구 수성구,30,마케팅,34,여,82.0,3.0,9.0,5.0,1.0
1657,2535612,1455000,NH 농협카드,40.0,서울 강동구,20,서비스직,27,여,9.0,2.0,20.0,7.0,62.0
1658,2945321,1443000,신한 Deep카드,52.0,대구 수성구,20,연구원,29,남,45.0,2.0,40.0,6.0,7.0
1659,2485006,1220000,하나 Simple카드,81.0,세종,20,공무원,28,여,46.0,13.0,1.0,40.0,0.0
1660,2301690,1408000,신한 Deep카드,69.0,서울 성동구,20,간호사,27,여,46.0,8.0,8.0,13.0,25.0
1661,2309491,1982000,삼성 taptap카드,64.0,인천 남동구,30,간호사,39,남,44.0,1.0,25.0,25.0,5.0
1662,2758412,1429000,NH 농협카드,85.0,대전 유성구,30,컨설턴트,31,여,6.0,41.0,9.0,1.0,43.0
1663,3328174,1199000,IBK 두드림카드,68.0,부산 해운대구,20,데이터분석가,25,남,39.0,11.0,26.0,13.0,11.0
1664,2309652,1901000,우리 Young카드,68.0,경기 고양시,30,공무원,39,여,20.0,11.0,64.0,5.0,0.0
1665,2062008,1115000,KB 혜담카드,65.0,광주 서구,20,기획,23,남,3.0,8.0,3.0,74.0,12.0
1666,1969455,1115000,우리 Young카드,55.0,서울 용산구,20,마케팅,27,여,10.0,23.0,10.0,26.0,31.0
1667,2255292,1012000,NH 농협카드,73.0,광주 서구,30,서비스직,38,여,9.0,4.0,12.0,33.0,42.0
1668,1127350,1434000,롯데 DC카드,80.0,서울 강동구,30,마케팅,35,여,5.0,23.0,32.0,8.0,32.0
1669,2452517,663000,토스카드,53.0,서울 서초구,20,데이터분석가,23,여,20.0,19.0,30.0,6.0,25.0
1670,1827223,1528000,NH 농협카드,75.0,대전 유성구,20,데이터분석가,29,남,6.0,32.0,32.0,8.0,22.0
1671,1444868,1568000,카카오뱅크 체크,77.0,서울 노원구,20,데이터분석가,25,남,47.0,0.0,1.0,35.0,17.0
1672,3527232,1965000,이마트 KB카드,70.0,서울 용산구,30,생산직,35,남,59.0,2.0,4.0,9.0,26.0
1673,2242587,1165000,씨티 Premier카드,54.0,인천 남동구,30,서비스직,31,남,27.0,36.0,18.0,8.0,11.0
1674,2080665,2099000,우리 Young카드,48.0,경기 성남시,20,마케팅,27,여,9.0,8.0,27.0,0.0,56.0
1675,4026509,1141000,현대 ZERO카드,82.0,서울 용산구,30,대학생,30,남,12.0,16.0,3.0,17.0,52.0
1676,1545392,515000,우리 Young카드,58.0,세종,20,기획,25,여,1.0,22.0,43.0,8.0,26.0
1677,1733700,1226000,삼성 taptap카드,57.0,경기 수원시,30,공무원,38,여,26.0,7.0,13.0,22.0,32.0
1678,2384653,632000,롯데 DC카드,52.0,경기 고양시,20,프리랜서,28,여,8.0,20.0,36.0,32.0,4.0
1679,3804641,949000,네이버페이 현대,52.0,경기 고양시,30,마케팅,32,남,15.0,4.0,38.0,10.0,33.0
1680,1462829,1121000,네이버페이 현대,85.0,대전 유성구,20,생산직,25,여,34.0,7.0,37.0,21.0,1.0
1681,2703844,935000,씨티 Premier카드,76.0,부산 해운대구,30,마케팅,34,여,1.0,62.0,6.0,29.0,2.0
1682,3406699,1228000,SSG 랜더스카드,40.0,경기 고양시,30,마케팅,34,남,9.0,11.0,18.0,13.0,49.0
1683,1220419,1403000,SSG 랜더스카드,50.0,울산 남구,20,데이터분석가,26,여,6.0,37.0,30.0,26.0,1.0
1684,2649250,773000,현대 ZERO카드,66.0,부산 해운대구,20,생산직,25,여,18.0,20.0,12.0,23.0,27.0
1685,2688302,1627000,IBK 두드림카드,67.0,부산 해운대구,20,대학생,25,남,15.0,63.0,9.0,11.0,2.0
1686,2344107,1095000,IBK 두드림카드,61.0,서울 송파구,30,데이터분석가,39,여,56.0,25.0,1.0,13.0,5.0
1687,2876173,2042000,현대 ZERO카드,80.0,서울 강동구,20,영업,25,남,20.0,68.0,0.0,8.0,4.0
1688,3795518,1267000,이마트 KB카드,78.0,서울 강동구,30,데이터분석가,30,남,51.0,8.0,4.0,21.0,16.0
1689,3072182,2351000,네이버페이 현대,48.0,세종,30,데이터분석가,30,남,5.0,22.0,0.0,53.0,20.0
1690,2683988,1189000,KB 혜담카드,74.0,광주 서구,30,생산직,35,남,9.0,25.0,9.0,28.0,29.0
1691,2319020,2206000,네이버페이 현대,84.0,대구 수성구,30,기획,39,남,43.0,9.0,19.0,3.0,26.0
1692,2973705,831000,카카오뱅크 체크,78.0,세종,30,컨설턴트,38,남,32.0,11.0,43.0,8.0,6.0
1693,2784879,954000,IBK 두드림카드,64.0,대구 수성구,30,기획,33,여,1.0,23.0,6.0,53.0,17.0
1694,2087911,628000,네이버페이 현대,66.0,인천 남동구,20,프리랜서,24,여,62.0,11.0,8.0,14.0,5.0
1695,1151249,1013000,SSG 랜더스카드,65.0,세종,20,마케팅,22,여,82.0,4.0,10.0,2.0,2.0
1696,2884356,1130000,신한 Deep카드,52.0,경기 고양시,20,마케팅,23,남,17.0,11.0,8.0,49.0,15.0
1697,2345111,1185000,IBK 두드림카드,64.0,부산 해운대구,20,디자이너,26,남,15.0,34.0,5.0,41.0,5.0
1698,2310187,1215000,네이버페이 현대,69.0,서울 강동구,30,공무원,38,여,40.0,26.0,0.0,11.0,23.0
1699,3600010,1018000,NH 농협카드,66.0,인천 남동구,30,개발자,35,남,13.0,13.0,14.0,6.0,54.0
1700,3012319,1521000,KB 혜담카드,56.0,서울 송파구,20,프리랜서,29,남,7.0,12.0,9.0,28.0,44.0
1701,1099044,741000,NH 농협카드,51.0,경기 수원시,30,생산직,37,여,6.0,54.0,8.0,31.0,1.0
1702,3303984,1170000,토스카드,63.0,대전 유성구,30,서비스직,31,남,11.0,12.0,39.0,21.0,17.0
1703,1786675,1428000,네이버페이 현대,46.0,서울 용산구,30,생산직,38,여,2.0,35.0,14.0,39.0,10.0
1704,2749555,1358000,카카오뱅크 체크,61.0,서울 관악구,30,생산직,31,여,9.0,67.0,3.0,7.0,14.0
1705,3089549,998000,삼성 taptap카드,56.0,울산 남구,30,컨설턴트,34,남,20.0,4.0,34.0,27.0,15.0
1706,3445008,1351000,이마트 KB카드,65.0,경기 성남시,30,개발자,35,남,22.0,9.0,30.0,31.0,8.0
1707,2250376,1913000,씨티 Premier카드,76.0,서울 노원구,30,서비스직,32,여,45.0,22.0,3.0,25.0,5.0
1708,1313379,821000,SSG 랜더스카드,79.0,서울 동작구,20,디자이너,27,남,1.0,38.0,31.0,28.0,2.0
1709,2024815,905000,네이버페이 현대,73.0,서울 노원구,20,컨설턴트,29,남,37.0,3.0,17.0,1.0,42.0
1710,2453423,1549000,하나 Simple카드,72.0,서울 노원구,20,생산직,27,여,1.0,3.0,84.0,3.0,9.0
1711,3710774,897000,삼성 taptap카드,79.0,서울 강동구,30,기획,35,남,6.0,2.0,4.0,19.0,69.0
1712,1664084,1345000,현대 ZERO카드,72.0,서울 강남구,20,기획,29,여,0.0,60.0,19.0,17.0,4.0
1713,3013530,932000,이마트 KB카드,61.0,서울 송파구,30,서비스직,33,여,17.0,16.0,41.0,26.0,0.0
1714,2546489,1518000,현대 ZERO카드,58.0,서울 성동구,30,공무원,36,남,30.0,40.0,2.0,7.0,21.0
1715,3253714,745000,롯데 DC카드,82.0,서울 노원구,30,대학생,32,남,16.0,15.0,3.0,27.0,39.0
1716,1995053,2179000,KB 혜담카드,65.0,서울 서초구,20,프리랜서,23,남,25.0,2.0,1.0,44.0,28.0
1717,3127519,1177000,우리 Young카드,52.0,울산 남구,30,영업,32,남,30.0,23.0,12.0,18.0,17.0
1718,2695938,965000,카카오뱅크 체크,59.0,서울 서초구,20,마케팅,29,남,14.0,25.0,4.0,47.0,10.0
1719,1886492,2575000,우리 Young카드,69.0,서울 마포구,30,데이터분석가,37,여,7.0,1.0,4.0,61.0,27.0
1720,1910047,2175000,SSG 랜더스카드,65.0,경기 수원시,20,영업,29,남,45.0,21.0,23.0,8.0,3.0
1721,2342481,693000,카카오뱅크 체크,74.0,부산 해운대구,20,디자이너,24,여,5.0,10.0,74.0,1.0,10.0
1722,3700791,896000,카카오뱅크 체크,51.0,서울 송파구,30,연구원,34,여,29.0,6.0,27.0,7.0,31.0
1723,2068405,1210000,네이버페이 현대,57.0,울산 남구,30,간호사,36,여,0.0,6.0,2.0,34.0,58.0
1724,3270066,944000,롯데 DC카드,81.0,서울 강동구,20,컨설턴트,24,여,31.0,20.0,16.0,15.0,18.0
1725,4403096,1357000,현대 ZERO카드,79.0,서울 강동구,30,데이터분석가,34,남,4.0,2.0,25.0,38.0,31.0
1726,2451344,530000,네이버페이 현대,74.0,울산 남구,30,기획,31,여,55.0,4.0,39.0,1.0,1.0
1727,2100923,1498000,네이버페이 현대,43.0,경기 고양시,20,연구원,22,여,29.0,6.0,1.0,27.0,37.0
1728,1903967,1514000,KB 혜담카드,47.0,서울 강동구,20,간호사,21,남,9.0,4.0,73.0,3.0,11.0
1729,2952258,858000,현대 ZERO카드,53.0,인천 남동구,30,기획,36,남,5.0,32.0,14.0,17.0,32.0
1730,1796640,846000,이마트 KB카드,69.0,경기 수원시,30,대학생,31,여,17.0,43.0,23.0,2.0,15.0
1731,2211880,816000,씨티 Premier카드,80.0,대구 수성구,20,생산직,29,남,60.0,20.0,2.0,2.0,16.0
1732,2998440,1078000,현대 ZERO카드,73.0,서울 노원구,20,데이터분석가,28,남,2.0,7.0,60.0,9.0,22.0
1733,1944457,565000,우리 Young카드,68.0,서울 송파구,20,연구원,29,남,29.0,9.0,32.0,7.0,23.0
1734,2129637,1467000,삼성 taptap카드,79.0,경기 성남시,20,간호사,28,남,39.0,20.0,9.0,16.0,16.0
1735,1399429,2187000,IBK 두드림카드,43.0,서울 노원구,20,프리랜서,23,여,21.0,31.0,38.0,1.0,9.0
1736,2687031,1089000,우리 Young카드,62.0,서울 관악구,30,연구원,33,여,5.0,2.0,37.0,14.0,42.0
1737,2632240,1062000,카카오뱅크 체크,56.0,경기 고양시,30,생산직,39,여,7.0,7.0,29.0,8.0,49.0
1738,3044591,1235000,SSG 랜더스카드,72.0,서울 강동구,30,기획,31,남,11.0,3.0,49.0,21.0,16.0
1739,2848221,1962000,현대 ZERO카드,63.0,세종,30,기획,36,남,25.0,19.0,8.0,44.0,4.0
1740,2103621,888000,KB 혜담카드,68.0,서울 노원구,20,대학생,29,남,11.0,70.0,6.0,9.0,4.0
1741,2500950,1320000,이마트 KB카드,73.0,광주 서구,20,서비스직,25,남,30.0,13.0,45.0,5.0,7.0
1742,2979828,2061000,IBK 두드림카드,61.0,서울 노원구,30,컨설턴트,33,남,9.0,18.0,31.0,35.0,7.0
1743,2407485,1630000,현대 ZERO카드,47.0,대구 수성구,20,데이터분석가,22,여,6.0,29.0,47.0,9.0,9.0
1744,2357491,1265000,현대 ZERO카드,72.0,서울 관악구,20,공무원,24,남,16.0,2.0,65.0,2.0,15.0
1745,3061713,771000,우리 Young카드,58.0,서울 마포구,30,공무원,33,여,4.0,5.0,27.0,25.0,39.0
1746,2588497,1058000,현대 ZERO카드,46.0,경기 성남시,20,컨설턴트,24,남,4.0,40.0,21.0,15.0,20.0
1747,2346430,1202000,토스카드,61.0,서울 용산구,20,간호사,28,남,16.0,11.0,19.0,14.0,40.0
1748,4062895,1819000,현대 ZERO카드,77.0,서울 노원구,30,개발자,34,남,9.0,15.0,18.0,50.0,8.0
1749,2710134,752000,이마트 KB카드,67.0,서울 관악구,30,서비스직,30,여,0.0,75.0,2.0,21.0,2.0
1750,2902481,994000,KB 혜담카드,48.0,경기 고양시,20,영업,24,여,30.0,2.0,1.0,53.0,14.0
1751,2553471,1740000,KB 혜담카드,41.0,서울 성동구,20,생산직,27,여,27.0,9.0,1.0,5.0,58.0
1752,1329040,1003000,NH 농협카드,49.0,서울 동작구,20,서비스직,20,남,14.0,39.0,24.0,5.0,18.0
1753,3913384,1731000,하나 Simple카드,55.0,울산 남구,30,회계,39,남,5.0,15.0,32.0,45.0,3.0
1754,2567588,930000,이마트 KB카드,50.0,부산 해운대구,30,프리랜서,35,여,5.0,37.0,22.0,22.0,14.0
1755,2963631,1963000,이마트 KB카드,60.0,서울 용산구,30,개발자,33,남,16.0,32.0,18.0,32.0,2.0
1756,2640674,1224000,SSG 랜더스카드,76.0,서울 송파구,30,대학생,32,여,1.0,12.0,36.0,1.0,50.0
1757,2077508,1057000,네이버페이 현대,67.0,서울 마포구,20,컨설턴트,23,남,23.0,0.0,54.0,20.0,3.0
1758,3158920,1441000,롯데 DC카드,80.0,경기 성남시,30,디자이너,31,남,1.0,41.0,56.0,1.0,1.0
1759,2585686,1006000,카카오뱅크 체크,69.0,서울 강동구,30,간호사,30,남,5.0,43.0,5.0,42.0,5.0
1760,2887136,1496000,씨티 Premier카드,76.0,광주 서구,20,개발자,20,남,17.0,9.0,24.0,33.0,17.0
1761,2443205,1146000,네이버페이 현대,72.0,서울 강동구,30,기획,30,여,5.0,22.0,15.0,41.0,17.0
1762,2732191,1350000,IBK 두드림카드,68.0,서울 마포구,30,회계,30,남,4.0,19.0,5.0,30.0,42.0
1763,2352551,1029000,토스카드,53.0,서울 강남구,30,회계,39,남,4.0,21.0,43.0,13.0,19.0
1764,3188143,946000,KB 혜담카드,61.0,서울 강남구,30,데이터분석가,38,남,8.0,29.0,46.0,16.0,1.0
1765,3130974,1257000,네이버페이 현대,75.0,세종,30,연구원,33,남,6.0,35.0,8.0,45.0,6.0
1766,2444212,1660000,우리 Young카드,47.0,경기 성남시,20,영업,23,여,6.0,26.0,17.0,1.0,50.0
1767,1736374,868000,현대 ZERO카드,51.0,서울 마포구,20,대학생,26,여,20.0,4.0,23.0,2.0,51.0
1768,1699409,1841000,네이버페이 현대,76.0,서울 노원구,30,공무원,30,여,26.0,63.0,5.0,2.0,4.0
1769,2562795,664000,현대 ZERO카드,72.0,부산 해운대구,20,개발자,26,여,0.0,29.0,2.0,9.0,60.0
1770,2992320,1894000,하나 Simple카드,82.0,서울 강동구,20,대학생,25,남,1.0,54.0,28.0,12.0,5.0
1771,1986823,1141000,우리 Young카드,64.0,경기 수원시,30,생산직,30,여,2.0,64.0,1.0,32.0,1.0
1772,4112608,660000,우리 Young카드,51.0,경기 수원시,30,간호사,31,남,45.0,27.0,21.0,7.0,0.0
1773,2391955,1275000,네이버페이 현대,44.0,서울 강남구,20,회계,28,남,56.0,4.0,30.0,8.0,2.0
1774,2496468,1902000,이마트 KB카드,56.0,서울 강남구,30,데이터분석가,31,여,10.0,49.0,7.0,8.0,26.0
1775,2051225,1387000,카카오뱅크 체크,79.0,서울 용산구,20,회계,20,남,48.0,20.0,6.0,8.0,18.0
1776,1807740,1954000,NH 농협카드,51.0,경기 성남시,30,디자이너,30,여,45.0,28.0,4.0,7.0,16.0
1777,3691409,946000,SSG 랜더스카드,48.0,대구 수성구,30,마케팅,37,남,8.0,16.0,53.0,4.0,19.0
1778,2112196,1352000,KB 혜담카드,57.0,광주 서구,30,간호사,31,여,6.0,61.0,3.0,27.0,3.0
1779,2110096,1584000,우리 Young카드,56.0,경기 성남시,30,대학생,31,여,34.0,27.0,3.0,23.0,13.0
1780,2995963,1552000,IBK 두드림카드,74.0,울산 남구,30,마케팅,37,여,39.0,35.0,3.0,16.0,7.0
1781,1308508,1221000,하나 Simple카드,62.0,서울 송파구,20,공무원,27,여,37.0,17.0,1.0,1.0,44.0
1782,1738201,2047000,NH 농협카드,83.0,세종,30,공무원,38,여,31.0,16.0,3.0,45.0,5.0
1783,2240932,813000,현대 ZERO카드,74.0,경기 성남시,20,개발자,23,남,27.0,6.0,25.0,17.0,25.0
1784,2646642,575000,씨티 Premier카드,80.0,서울 강남구,30,개발자,33,여,9.0,2.0,87.0,1.0,1.0
1785,2492367,741000,토스카드,43.0,대전 유성구,20,공무원,27,남,13.0,40.0,3.0,24.0,20.0
1786,2099100,2220000,NH 농협카드,85.0,서울 마포구,20,생산직,25,여,23.0,2.0,22.0,30.0,23.0
1787,3765184,854000,하나 Simple카드,79.0,서울 동작구,30,영업,33,여,28.0,11.0,48.0,10.0,3.0
1788,2386053,627000,씨티 Premier카드,75.0,경기 성남시,30,생산직,33,여,34.0,1.0,4.0,45.0,16.0
1789,2134606,580000,카카오뱅크 체크,51.0,광주 서구,20,프리랜서,24,남,0.0,5.0,29.0,22.0,44.0
1790,1851506,1389000,네이버페이 현대,77.0,서울 강남구,20,프리랜서,24,남,31.0,8.0,10.0,3.0,48.0
1791,2561953,1598000,현대 ZERO카드,49.0,인천 남동구,30,데이터분석가,31,여,13.0,11.0,5.0,60.0,11.0
1792,2557480,865000,신한 Deep카드,62.0,대전 유성구,20,회계,29,남,27.0,41.0,24.0,3.0,5.0
1793,2851789,819000,이마트 KB카드,76.0,서울 강동구,20,개발자,26,남,30.0,30.0,7.0,11.0,22.0
1794,1505357,683000,현대 ZERO카드,60.0,경기 성남시,20,디자이너,25,남,16.0,62.0,14.0,3.0,5.0
1795,2127002,1386000,IBK 두드림카드,58.0,세종,20,프리랜서,29,여,32.0,12.0,34.0,16.0,6.0
1796,2473351,1177000,하나 Simple카드,59.0,서울 용산구,20,영업,25,여,35.0,5.0,23.0,8.0,29.0
1797,2543528,1026000,신한 Deep카드,40.0,서울 송파구,20,개발자,24,남,26.0,15.0,26.0,26.0,7.0
1798,2253274,1597000,네이버페이 현대,59.0,울산 남구,20,컨설턴트,26,남,3.0,21.0,28.0,14.0,34.0
1799,3379696,1191000,IBK 두드림카드,59.0,광주 서구,30,영업,32,남,39.0,5.0,6.0,26.0,24.0
1800,2095518,1519000,네이버페이 현대,73.0,울산 남구,30,회계,32,여,23.0,30.0,4.0,39.0,4.0
1801,3028952,1696000,IBK 두드림카드,56.0,서울 관악구,20,기획,27,여,8.0,7.0,2.0,50.0,33.0
1802,2746314,1660000,이마트 KB카드,43.0,경기 수원시,20,간호사,28,남,31.0,20.0,39.0,0.0,10.0
1803,1577536,975000,IBK 두드림카드,66.0,인천 남동구,20,회계,27,남,0.0,14.0,24.0,37.0,25.0
1804,1712448,1155000,네이버페이 현대,75.0,서울 성동구,20,공무원,27,남,43.0,7.0,9.0,12.0,29.0
1805,1976539,547000,우리 Young카드,42.0,서울 용산구,30,회계,31,여,26.0,38.0,2.0,23.0,11.0
1806,2588984,1740000,KB 혜담카드,41.0,서울 성동구,20,생산직,27,여,27.0,9.0,1.0,5.0,58.0
1807,2100690,1094000,KB 혜담카드,78.0,대전 유성구,30,대학생,30,남,45.0,2.0,38.0,13.0,2.0
1808,2084487,781000,SSG 랜더스카드,56.0,경기 수원시,20,간호사,23,남,4.0,79.0,5.0,7.0,5.0
1809,2477352,959000,이마트 KB카드,63.0,인천 남동구,20,간호사,22,남,9.0,27.0,50.0,10.0,4.0
1810,2216917,802000,SSG 랜더스카드,67.0,경기 고양시,20,공무원,20,여,6.0,47.0,34.0,10.0,3.0
1811,2379443,1870000,카카오뱅크 체크,60.0,서울 송파구,20,기획,25,남,56.0,3.0,1.0,6.0,34.0
1812,1967098,2155000,삼성 taptap카드,62.0,서울 성동구,30,영업,32,여,2.0,13.0,50.0,13.0,22.0
1813,2797427,1343000,SSG 랜더스카드,84.0,서울 마포구,30,기획,33,여,0.0,10.0,3.0,16.0,71.0
1814,1943394,1714000,우리 Young카드,40.0,부산 해운대구,20,대학생,25,남,26.0,32.0,4.0,19.0,19.0
1815,2087690,1116000,현대 ZERO카드,85.0,서울 서초구,20,공무원,29,남,54.0,22.0,2.0,10.0,12.0
1816,3166412,1168000,NH 농협카드,81.0,서울 강동구,30,연구원,38,남,6.0,10.0,2.0,33.0,49.0
1817,2551539,1436000,SSG 랜더스카드,66.0,서울 관악구,30,기획,31,여,35.0,8.0,20.0,14.0,23.0
1818,2261990,1638000,네이버페이 현대,57.0,광주 서구,20,컨설턴트,24,여,60.0,3.0,9.0,23.0,5.0
1819,1874686,1253000,카카오뱅크 체크,75.0,경기 고양시,20,프리랜서,25,여,3.0,18.0,26.0,37.0,16.0
1820,2350225,1056000,카카오뱅크 체크,56.0,서울 마포구,30,생산직,30,여,5.0,20.0,29.0,36.0,10.0
1821,3001528,1861000,우리 Young카드,51.0,대전 유성구,30,생산직,30,남,21.0,46.0,31.0,2.0,0.0
1822,1812457,1273000,토스카드,77.0,서울 강동구,30,개발자,32,여,24.0,5.0,36.0,28.0,7.0
1823,2268733,659000,하나 Simple카드,53.0,서울 노원구,30,컨설턴트,35,여,18.0,9.0,6.0,15.0,52.0
1824,2443839,1813000,우리 Young카드,45.0,서울 성동구,20,생산직,24,남,61.0,2.0,22.0,0.0,15.0
1825,1861281,1721000,카카오뱅크 체크,46.0,서울 용산구,30,회계,32,여,32.0,38.0,2.0,25.0,3.0
1826,2828290,561000,씨티 Premier카드,61.0,광주 서구,20,영업,23,여,25.0,22.0,11.0,26.0,16.0
1827,3134806,1251000,현대 ZERO카드,59.0,서울 송파구,30,회계,30,여,6.0,44.0,0.0,35.0,15.0
1828,1877424,1743000,KB 혜담카드,76.0,서울 송파구,30,영업,39,여,7.0,49.0,32.0,5.0,7.0
1829,2928809,952000,하나 Simple카드,58.0,서울 강남구,20,서비스직,25,여,61.0,19.0,8.0,2.0,10.0
1830,2178209,1024000,SSG 랜더스카드,61.0,세종,20,대학생,20,여,30.0,19.0,1.0,29.0,21.0
1831,3292960,992000,우리 Young카드,77.0,서울 노원구,30,기획,32,남,12.0,37.0,5.0,12.0,34.0
1832,2001674,1252000,NH 농협카드,55.0,서울 서초구,20,디자이너,21,남,1.0,17.0,13.0,69.0,0.0
1833,2711522,1292000,신한 Deep카드,43.0,서울 노원구,20,데이터분석가,29,여,0.0,2.0,52.0,20.0,26.0
1834,3284265,1804000,삼성 taptap카드,43.0,대전 유성구,30,프리랜서,31,남,45.0,36.0,13.0,6.0,0.0
1835,1842923,1784000,SSG 랜더스카드,78.0,서울 동작구,20,공무원,25,남,3.0,7.0,6.0,0.0,84.0
1836,1667399,1550000,우리 Young카드,70.0,서울 강남구,20,컨설턴트,25,남,9.0,23.0,41.0,16.0,11.0
1837,1977788,846000,이마트 KB카드,69.0,경기 수원시,30,대학생,31,남,17.0,43.0,23.0,2.0,15.0
1838,2593970,1209000,NH 농협카드,72.0,대전 유성구,30,연구원,30,여,4.0,30.0,23.0,11.0,32.0
1839,2786235,1172000,우리 Young카드,53.0,서울 서초구,30,디자이너,31,여,36.0,6.0,20.0,15.0,23.0
1840,3455675,638000,KB 혜담카드,42.0,세종,30,기획,32,남,4.0,69.0,3.0,3.0,21.0
1841,2917413,977000,우리 Young카드,46.0,경기 수원시,30,생산직,34,남,20.0,7.0,47.0,22.0,4.0
1842,2190102,1889000,하나 Simple카드,76.0,광주 서구,30,디자이너,34,남,6.0,4.0,48.0,40.0,2.0
1843,2158962,1317000,네이버페이 현대,47.0,서울 강동구,30,서비스직,33,여,29.0,4.0,43.0,8.0,16.0
1844,3076174,1175000,삼성 taptap카드,77.0,경기 수원시,30,간호사,34,여,17.0,11.0,28.0,36.0,8.0
1845,2007685,1173000,IBK 두드림카드,45.0,대전 유성구,20,연구원,29,남,10.0,22.0,48.0,19.0,1.0
1846,2321708,1050000,SSG 랜더스카드,60.0,서울 강남구,20,컨설턴트,25,여,14.0,0.0,9.0,77.0,0.0
1847,1962174,1474000,NH 농협카드,48.0,서울 강동구,30,영업,30,여,39.0,20.0,16.0,3.0,22.0
1848,2668291,1533000,KB 혜담카드,56.0,서울 동작구,30,공무원,39,여,32.0,22.0,13.0,25.0,8.0
1849,2021157,1926000,신한 Deep카드,80.0,서울 성동구,20,컨설턴트,22,여,6.0,23.0,23.0,34.0,14.0
1850,3732698,1829000,KB 혜담카드,45.0,광주 서구,30,프리랜서,34,남,5.0,22.0,6.0,9.0,58.0
1851,2636778,1936000,NH 농협카드,42.0,부산 해운대구,20,개발자,23,여,11.0,2.0,11.0,60.0,16.0
1852,2653005,1239000,KB 혜담카드,77.0,서울 용산구,30,서비스직,39,남,27.0,12.0,45.0,14.0,2.0
1853,2186667,1227000,네이버페이 현대,55.0,광주 서구,20,회계,26,여,50.0,7.0,3.0,38.0,2.0
1854,2224441,1516000,이마트 KB카드,76.0,대전 유성구,30,기획,33,여,22.0,8.0,15.0,36.0,19.0
1855,1540283,864000,우리 Young카드,67.0,서울 노원구,20,공무원,29,여,24.0,45.0,18.0,4.0,9.0
1856,1821278,1976000,우리 Young카드,44.0,서울 동작구,20,간호사,24,여,13.0,39.0,43.0,1.0,4.0
1857,2349108,1015000,토스카드,52.0,인천 남동구,20,프리랜서,22,남,1.0,4.0,48.0,16.0,31.0
1858,2662629,999000,NH 농협카드,47.0,경기 고양시,30,프리랜서,31,여,8.0,47.0,12.0,8.0,25.0
1859,2349133,798000,씨티 Premier카드,44.0,서울 노원구,30,컨설턴트,31,여,32.0,1.0,10.0,53.0,4.0
1860,3653146,528000,이마트 KB카드,74.0,인천 남동구,30,공무원,34,남,8.0,5.0,25.0,39.0,23.0
1861,2281770,1057000,카카오뱅크 체크,54.0,부산 해운대구,20,데이터분석가,24,남,18.0,16.0,54.0,8.0,4.0
1862,2601626,1546000,KB 혜담카드,57.0,대전 유성구,20,데이터분석가,23,남,28.0,29.0,8.0,13.0,22.0
1863,1613112,634000,현대 ZERO카드,77.0,광주 서구,30,마케팅,37,여,22.0,12.0,37.0,29.0,0.0
1864,1000000,570000,현대 ZERO카드,69.0,서울 노원구,20,생산직,22,여,13.0,3.0,40.0,29.0,15.0
1865,3198651,1954000,NH 농협카드,51.0,경기 성남시,30,디자이너,30,남,45.0,28.0,4.0,7.0,16.0
1866,1537617,662000,이마트 KB카드,84.0,울산 남구,20,마케팅,21,여,0.0,27.0,3.0,41.0,29.0
1867,2143774,1598000,현대 ZERO카드,83.0,서울 강남구,20,연구원,27,여,14.0,10.0,35.0,6.0,35.0
1868,2348951,1816000,삼성 taptap카드,47.0,서울 강동구,30,컨설턴트,31,여,8.0,13.0,17.0,39.0,23.0
1869,3293700,1129000,KB 혜담카드,57.0,서울 강남구,30,대학생,31,여,28.0,9.0,15.0,39.0,9.0
1870,2449998,1686000,KB 혜담카드,66.0,서울 성동구,20,컨설턴트,24,여,25.0,33.0,13.0,13.0,16.0
1871,2582929,1053000,하나 Simple카드,48.0,서울 용산구,30,디자이너,32,여,6.0,0.0,10.0,61.0,23.0
1872,3585893,1717000,롯데 DC카드,43.0,서울 노원구,30,디자이너,39,남,13.0,19.0,14.0,20.0,34.0
1873,2684248,960000,롯데 DC카드,63.0,서울 송파구,30,프리랜서,38,여,3.0,43.0,30.0,0.0,24.0
1874,2021161,2589000,네이버페이 현대,79.0,서울 강남구,20,대학생,24,여,19.0,11.0,29.0,34.0,7.0
1875,3035737,1930000,NH 농협카드,60.0,서울 강동구,30,마케팅,32,여,46.0,0.0,18.0,3.0,33.0
1876,1945124,545000,이마트 KB카드,48.0,인천 남동구,30,개발자,33,여,53.0,3.0,23.0,4.0,17.0
1877,2661623,1109000,롯데 DC카드,71.0,대전 유성구,30,영업,31,여,22.0,17.0,5.0,41.0,15.0
1878,1476215,1375000,IBK 두드림카드,68.0,서울 서초구,20,기획,21,남,50.0,17.0,6.0,6.0,21.0
1879,3142760,721000,NH 농협카드,77.0,서울 관악구,30,생산직,31,남,33.0,47.0,4.0,1.0,15.0
1880,3135092,1171000,KB 혜담카드,41.0,서울 송파구,30,컨설턴트,34,남,2.0,13.0,52.0,21.0,12.0
1881,3088227,914000,카카오뱅크 체크,51.0,경기 성남시,20,컨설턴트,25,남,47.0,18.0,18.0,7.0,10.0
1882,1467513,780000,카카오뱅크 체크,78.0,부산 해운대구,20,개발자,22,여,1.0,8.0,73.0,15.0,3.0
1883,1949556,1471000,이마트 KB카드,40.0,경기 성남시,20,연구원,28,여,16.0,58.0,1.0,9.0,16.0
1884,3575877,971000,NH 농협카드,46.0,대구 수성구,30,기획,34,남,6.0,13.0,40.0,33.0,8.0
1885,3234722,1383000,IBK 두드림카드,41.0,서울 성동구,30,컨설턴트,31,남,21.0,9.0,8.0,2.0,60.0
1886,2590152,1509000,KB 혜담카드,44.0,서울 동작구,30,회계,30,여,1.0,25.0,49.0,19.0,6.0
1887,2330705,1084000,신한 Deep카드,52.0,서울 동작구,30,연구원,36,남,50.0,2.0,14.0,8.0,26.0
1888,2204590,1287000,토스카드,84.0,대구 수성구,30,대학생,31,여,34.0,27.0,14.0,2.0,23.0
1889,2872520,1188000,SSG 랜더스카드,78.0,광주 서구,20,마케팅,29,여,42.0,7.0,1.0,38.0,12.0
1890,2474245,806000,이마트 KB카드,85.0,경기 고양시,30,간호사,31,여,13.0,0.0,11.0,18.0,58.0
1891,3262751,953000,KB 혜담카드,82.0,대전 유성구,30,컨설턴트,30,남,7.0,24.0,1.0,45.0,23.0
1892,2192405,1146000,카카오뱅크 체크,53.0,서울 마포구,20,개발자,28,남,13.0,2.0,16.0,47.0,22.0
1893,1908457,1167000,우리 Young카드,60.0,서울 동작구,30,디자이너,37,여,10.0,10.0,28.0,33.0,19.0
1894,2716905,1165000,삼성 taptap카드,70.0,서울 강남구,20,생산직,29,여,1.0,1.0,30.0,45.0,23.0
1895,3352262,1073000,SSG 랜더스카드,65.0,서울 용산구,30,데이터분석가,33,남,29.0,12.0,20.0,29.0,10.0
1896,3402818,1391000,토스카드,44.0,서울 노원구,20,연구원,27,여,34.0,26.0,19.0,14.0,7.0
1897,2289093,2000000,이마트 KB카드,43.0,인천 남동구,30,회계,33,남,11.0,36.0,10.0,17.0,26.0
1898,2661286,1051000,우리 Young카드,75.0,서울 용산구,20,컨설턴트,29,여,11.0,5.0,37.0,44.0,3.0
1899,2081919,846000,우리 Young카드,54.0,서울 관악구,30,컨설턴트,33,남,9.0,40.0,10.0,36.0,5.0
1900,2328673,1788000,SSG 랜더스카드,43.0,서울 서초구,20,개발자,22,여,2.0,22.0,30.0,37.0,9.0
1901,3683554,1260000,SSG 랜더스카드,82.0,서울 강동구,30,데이터분석가,35,남,4.0,4.0,27.0,65.0,0.0
1902,1549505,568000,NH 농협카드,46.0,대전 유성구,30,대학생,35,남,39.0,6.0,15.0,21.0,19.0
1903,2147533,890000,신한 Deep카드,69.0,광주 서구,20,기획,26,남,21.0,13.0,50.0,1.0,15.0
1904,2605753,1018000,NH 농협카드,66.0,인천 남동구,30,개발자,35,남,13.0,13.0,14.0,6.0,54.0
1905,1899021,1154000,씨티 Premier카드,45.0,서울 강동구,20,마케팅,29,여,37.0,26.0,1.0,35.0,1.0
1906,2442606,1597000,이마트 KB카드,65.0,서울 강남구,20,생산직,27,여,8.0,9.0,13.0,43.0,27.0
1907,3784479,871000,KB 혜담카드,56.0,세종,30,컨설턴트,34,남,24.0,16.0,25.0,28.0,7.0
1908,2906704,2191000,토스카드,69.0,서울 강남구,30,프리랜서,32,남,8.0,11.0,36.0,16.0,29.0
1909,2352743,1750000,카카오뱅크 체크,74.0,인천 남동구,20,연구원,22,여,0.0,26.0,16.0,45.0,13.0
1910,2307154,1632000,우리 Young카드,43.0,경기 수원시,20,컨설턴트,27,여,31.0,0.0,6.0,50.0,13.0
1911,2250901,670000,이마트 KB카드,63.0,서울 용산구,20,서비스직,21,여,30.0,51.0,6.0,10.0,3.0
1912,2237460,1164000,토스카드,60.0,경기 수원시,30,영업,32,남,10.0,13.0,21.0,16.0,40.0
1913,2804222,1377000,우리 Young카드,51.0,서울 강동구,20,개발자,29,남,15.0,31.0,9.0,14.0,31.0
1914,2397597,1394000,KB 혜담카드,52.0,광주 서구,20,대학생,25,여,30.0,40.0,7.0,11.0,12.0
1915,3276417,982000,토스카드,78.0,경기 수원시,30,기획,31,남,51.0,10.0,23.0,15.0,1.0
1916,2096745,654000,삼성 taptap카드,55.0,인천 남동구,30,디자이너,33,여,5.0,14.0,26.0,51.0,4.0
1917,2678545,1721000,롯데 DC카드,51.0,경기 수원시,30,회계,32,남,5.0,9.0,6.0,30.0,50.0
1918,2161932,1265000,현대 ZERO카드,72.0,서울 관악구,20,공무원,24,여,16.0,2.0,65.0,2.0,15.0
1919,1926112,2112000,IBK 두드림카드,75.0,광주 서구,30,개발자,33,남,10.0,37.0,34.0,4.0,15.0
1920,1405982,1303000,하나 Simple카드,41.0,서울 서초구,20,기획,26,여,15.0,16.0,20.0,12.0,37.0
1921,2579476,931000,신한 Deep카드,74.0,서울 송파구,30,컨설턴트,36,남,20.0,24.0,24.0,30.0,2.0
1922,2761260,1471000,KB 혜담카드,46.0,광주 서구,30,회계,33,여,20.0,12.0,45.0,9.0,14.0
1923,1923431,1881000,IBK 두드림카드,42.0,서울 강동구,20,개발자,20,남,11.0,18.0,21.0,26.0,24.0
1924,1990597,1058000,KB 혜담카드,69.0,대구 수성구,30,생산직,34,여,35.0,10.0,15.0,17.0,23.0
1925,2092657,913000,롯데 DC카드,43.0,광주 서구,30,공무원,36,여,33.0,8.0,12.0,9.0,38.0
1926,2272328,852000,SSG 랜더스카드,72.0,경기 수원시,30,서비스직,30,여,27.0,1.0,10.0,29.0,33.0
1927,2073070,1376000,현대 ZERO카드,75.0,서울 성동구,20,서비스직,25,여,2.0,44.0,22.0,11.0,21.0
1928,3582760,1167000,우리 Young카드,60.0,서울 동작구,30,디자이너,37,여,10.0,10.0,28.0,33.0,19.0
1929,3027310,1143000,네이버페이 현대,70.0,서울 성동구,30,서비스직,31,여,50.0,4.0,2.0,41.0,3.0
1930,3717341,1909000,네이버페이 현대,80.0,대구 수성구,30,간호사,36,남,19.0,10.0,52.0,11.0,8.0
1931,2834290,1047000,현대 ZERO카드,42.0,서울 성동구,20,회계,26,여,32.0,28.0,21.0,18.0,1.0
1932,1750589,1245000,SSG 랜더스카드,61.0,부산 해운대구,20,프리랜서,23,남,50.0,22.0,7.0,7.0,14.0
1933,1638817,1398000,SSG 랜더스카드,50.0,서울 노원구,20,데이터분석가,28,남,14.0,17.0,68.0,1.0,0.0
1934,2225190,1949000,IBK 두드림카드,63.0,서울 서초구,30,디자이너,30,남,5.0,18.0,64.0,6.0,7.0
1935,3934154,1291000,현대 ZERO카드,83.0,광주 서구,30,대학생,33,남,52.0,16.0,8.0,23.0,1.0
1936,2226404,1839000,삼성 taptap카드,80.0,세종,30,서비스직,32,여,20.0,31.0,3.0,2.0,44.0
1937,1874321,856000,토스카드,85.0,서울 송파구,30,마케팅,31,여,7.0,14.0,65.0,9.0,5.0
1938,2284501,1119000,KB 혜담카드,50.0,울산 남구,30,공무원,34,여,50.0,16.0,14.0,9.0,11.0
1939,2130697,1630000,현대 ZERO카드,47.0,대구 수성구,20,데이터분석가,22,여,6.0,29.0,47.0,9.0,9.0
1940,3187889,1077000,IBK 두드림카드,48.0,대전 유성구,30,공무원,32,남,12.0,24.0,17.0,16.0,31.0
1941,2375475,1066000,우리 Young카드,42.0,부산 해운대구,20,컨설턴트,25,남,18.0,22.0,28.0,6.0,26.0
1942,2420273,686000,씨티 Premier카드,65.0,서울 관악구,30,서비스직,39,남,25.0,10.0,8.0,1.0,56.0
1943,3479959,1344000,이마트 KB카드,64.0,경기 고양시,30,개발자,35,남,7.0,11.0,41.0,5.0,36.0
1944,2552564,1030000,우리 Young카드,49.0,서울 서초구,30,회계,30,남,49.0,27.0,17.0,6.0,1.0
1945,2171861,1362000,NH 농협카드,74.0,서울 동작구,20,공무원,27,남,59.0,1.0,5.0,17.0,18.0
1946,2593387,1452000,SSG 랜더스카드,53.0,울산 남구,20,대학생,27,여,5.0,1.0,9.0,17.0,68.0
1947,2179089,1558000,네이버페이 현대,66.0,세종,30,프리랜서,35,여,14.0,11.0,3.0,71.0,1.0
1948,1965324,1142000,토스카드,57.0,서울 마포구,20,마케팅,26,여,3.0,12.0,2.0,24.0,59.0
1949,2545834,1083000,NH 농협카드,55.0,서울 서초구,20,데이터분석가,26,여,48.0,30.0,1.0,12.0,9.0
1950,2071133,885000,SSG 랜더스카드,48.0,경기 고양시,30,개발자,36,여,16.0,6.0,3.0,73.0,2.0
1951,2730645,1027000,토스카드,49.0,광주 서구,30,공무원,33,남,4.0,41.0,10.0,16.0,29.0
1952,2527871,1876000,SSG 랜더스카드,51.0,경기 고양시,20,프리랜서,20,여,19.0,20.0,58.0,2.0,1.0
1953,3527046,1518000,하나 Simple카드,54.0,인천 남동구,30,기획,32,여,1.0,35.0,18.0,46.0,0.0
1954,3423783,1795000,네이버페이 현대,75.0,서울 강남구,30,연구원,39,남,3.0,28.0,31.0,33.0,5.0
1955,2486319,725000,네이버페이 현대,43.0,서울 강동구,20,회계,28,남,19.0,33.0,44.0,1.0,3.0
1956,2515400,765000,토스카드,62.0,부산 해운대구,20,데이터분석가,28,여,50.0,27.0,16.0,5.0,2.0
1957,2248766,1448000,카카오뱅크 체크,75.0,대구 수성구,30,회계,31,남,24.0,37.0,0.0,29.0,10.0
1958,2557798,858000,삼성 taptap카드,76.0,서울 노원구,30,생산직,34,여,18.0,35.0,12.0,21.0,14.0
1959,2235116,1713000,하나 Simple카드,42.0,경기 수원시,20,기획,26,여,9.0,14.0,40.0,32.0,5.0
1960,2410792,811000,NH 농협카드,48.0,경기 성남시,20,디자이너,27,남,7.0,5.0,5.0,35.0,48.0
1961,2308254,1768000,롯데 DC카드,77.0,인천 남동구,20,간호사,27,남,27.0,25.0,28.0,4.0,16.0
1962,2439849,1436000,현대 ZERO카드,51.0,서울 성동구,20,개발자,20,남,29.0,7.0,36.0,5.0,23.0
1963,2781972,1150000,우리 Young카드,62.0,서울 관악구,30,생산직,31,남,7.0,5.0,40.0,41.0,7.0
1964,2279304,896000,IBK 두드림카드,45.0,대구 수성구,20,기획,24,남,22.0,20.0,46.0,7.0,5.0
1965,1636085,1213000,우리 Young카드,68.0,서울 강동구,20,영업,26,여,3.0,21.0,30.0,12.0,34.0
1966,2090046,1342000,씨티 Premier카드,82.0,울산 남구,20,기획,24,남,50.0,3.0,19.0,13.0,15.0
1967,3195416,1003000,카카오뱅크 체크,67.0,광주 서구,30,데이터분석가,34,여,24.0,11.0,13.0,8.0,44.0
1968,3223165,1721000,삼성 taptap카드,53.0,서울 동작구,30,데이터분석가,31,남,11.0,33.0,1.0,2.0,53.0
1969,2239539,1291000,신한 Deep카드,64.0,서울 용산구,20,데이터분석가,28,여,57.0,14.0,6.0,15.0,8.0
1970,3198061,914000,카카오뱅크 체크,51.0,경기 성남시,20,컨설턴트,25,남,47.0,18.0,18.0,7.0,10.0
1971,1569582,1273000,SSG 랜더스카드,65.0,서울 용산구,20,대학생,27,남,12.0,17.0,12.0,59.0,0.0
1972,1945272,1114000,현대 ZERO카드,64.0,서울 마포구,30,간호사,37,여,77.0,2.0,4.0,15.0,2.0
1973,3356355,671000,신한 Deep카드,60.0,경기 수원시,30,생산직,35,여,29.0,16.0,12.0,9.0,34.0
1974,2272980,1077000,토스카드,73.0,부산 해운대구,20,연구원,25,남,9.0,41.0,23.0,25.0,2.0
1975,2128708,1468000,카카오뱅크 체크,76.0,경기 성남시,20,서비스직,29,여,39.0,11.0,6.0,34.0,10.0
1976,2160556,1026000,네이버페이 현대,75.0,세종,30,간호사,31,남,3.0,50.0,5.0,7.0,35.0
1977,3313387,727000,씨티 Premier카드,54.0,울산 남구,30,공무원,31,남,19.0,16.0,26.0,14.0,25.0
1978,2522229,898000,카카오뱅크 체크,81.0,서울 서초구,20,영업,20,남,14.0,22.0,20.0,3.0,41.0
1979,2233853,1844000,롯데 DC카드,48.0,서울 용산구,30,생산직,30,남,9.0,17.0,5.0,12.0,57.0
1980,2179862,946000,삼성 taptap카드,84.0,서울 강남구,20,디자이너,25,여,5.0,31.0,8.0,52.0,4.0
1981,2765138,846000,씨티 Premier카드,53.0,서울 노원구,30,개발자,35,남,9.0,41.0,26.0,2.0,22.0
1982,2377988,989000,NH 농협카드,54.0,서울 동작구,20,영업,26,남,20.0,54.0,11.0,4.0,11.0
1983,1690374,549000,하나 Simple카드,44.0,경기 고양시,20,영업,27,여,18.0,18.0,22.0,37.0,5.0
1984,2875973,923000,카카오뱅크 체크,65.0,울산 남구,20,디자이너,28,여,17.0,3.0,28.0,12.0,40.0
1985,3641076,1664000,SSG 랜더스카드,51.0,광주 서구,30,마케팅,36,남,6.0,23.0,15.0,46.0,10.0
1986,2068412,1731000,NH 농협카드,45.0,인천 남동구,20,공무원,23,여,15.0,1.0,62.0,0.0,22.0
1987,2848506,1346000,롯데 DC카드,75.0,경기 성남시,30,영업,32,남,26.0,38.0,15.0,9.0,12.0
1988,2181788,1245000,SSG 랜더스카드,61.0,부산 해운대구,20,프리랜서,23,여,50.0,22.0,7.0,7.0,14.0
1989,2110845,2494000,이마트 KB카드,44.0,대전 유성구,30,개발자,39,여,7.0,31.0,32.0,8.0,22.0
1990,2028285,1936000,KB 혜담카드,57.0,서울 관악구,20,개발자,27,여,13.0,19.0,9.0,25.0,34.0
1991,2810810,1581000,신한 Deep카드,64.0,서울 서초구,30,데이터분석가,31,남,32.0,7.0,41.0,6.0,14.0
1992,3056434,1150000,씨티 Premier카드,51.0,서울 마포구,20,마케팅,29,남,2.0,39.0,18.0,40.0,1.0
1993,2723309,1549000,하나 Simple카드,72.0,서울 노원구,20,생산직,27,남,1.0,3.0,84.0,3.0,9.0
1994,2717327,1138000,우리 Young카드,62.0,서울 동작구,20,대학생,29,남,21.0,7.0,14.0,10.0,48.0
1995,3258947,864000,IBK 두드림카드,61.0,서울 용산구,30,프리랜서,39,남,39.0,20.0,7.0,24.0,10.0
1996,1691336,654000,토스카드,80.0,서울 노원구,20,기획,26,여,50.0,31.0,17.0,2.0,0.0
1997,2229254,1088000,롯데 DC카드,63.0,세종,20,프리랜서,27,남,11.0,18.0,8.0,35.0,28.0
1998,2735244,612000,NH 농협카드,65.0,세종,20,대학생,25,남,16.0,61.0,10.0,3.0,10.0
1999,1870867,2061000,현대 ZERO카드,41.0,서울 용산구,30,공무원,37,여,27.0,42.0,18.0,13.0,0.0
2000,3445587,1642000,우리 Young카드,66.0,경기 성남시,30,마케팅,33,남,27.0,16.0,18.0,15.0,24.0
2001,3661304,1452000,SSG 랜더스카드,65.0,서울 마포구,30,공무원,30,여,4.0,3.0,58.0,12.0,23.0
2002,2780908,2068000,현대 ZERO카드,50.0,인천 남동구,20,회계,24,남,4.0,47.0,44.0,4.0,1.0
2003,3989820,1337000,하나 Simple카드,66.0,서울 동작구,30,개발자,37,남,32.0,9.0,19.0,11.0,29.0
2004,2359169,1263000,이마트 KB카드,59.0,서울 성동구,20,개발자,25,남,14.0,52.0,14.0,11.0,9.0
2005,2733965,2220000,NH 농협카드,85.0,서울 마포구,20,생산직,25,남,23.0,2.0,22.0,30.0,23.0
2006,2141073,987000,삼성 taptap카드,77.0,대전 유성구,30,간호사,30,여,7.0,8.0,58.0,21.0,6.0
2007,3557104,1980000,카카오뱅크 체크,61.0,서울 강동구,30,프리랜서,33,남,9.0,8.0,19.0,51.0,13.0
2008,2577194,1934000,이마트 KB카드,76.0,서울 마포구,20,개발자,28,여,9.0,1.0,10.0,19.0,61.0
2009,2394955,769000,NH 농협카드,84.0,경기 고양시,20,대학생,26,남,47.0,11.0,29.0,12.0,1.0
2010,2908003,1392000,하나 Simple카드,81.0,세종,20,간호사,28,남,67.0,2.0,15.0,7.0,9.0
2011,2230607,1250000,신한 Deep카드,84.0,서울 송파구,30,간호사,30,여,1.0,4.0,37.0,1.0,57.0
2012,2156471,1705000,토스카드,53.0,대구 수성구,20,서비스직,25,남,17.0,25.0,16.0,29.0,13.0
2013,2547731,1163000,KB 혜담카드,40.0,부산 해운대구,30,회계,30,여,10.0,34.0,31.0,6.0,19.0
2014,1985194,931000,우리 Young카드,61.0,서울 강동구,30,간호사,32,여,28.0,35.0,21.0,0.0,16.0
2015,2363465,1943000,신한 Deep카드,58.0,대구 수성구,20,영업,25,여,1.0,7.0,3.0,27.0,62.0
2016,1390534,898000,현대 ZERO카드,80.0,서울 강남구,20,연구원,26,여,4.0,28.0,23.0,41.0,4.0
2017,3732868,1799000,토스카드,74.0,대구 수성구,30,서비스직,33,남,11.0,4.0,59.0,2.0,24.0
2018,2273318,1068000,토스카드,60.0,부산 해운대구,20,회계,24,남,12.0,46.0,9.0,22.0,11.0
2019,1989553,1043000,KB 혜담카드,59.0,서울 관악구,20,개발자,20,남,38.0,37.0,6.0,10.0,9.0
2020,1832813,671000,SSG 랜더스카드,51.0,서울 노원구,20,공무원,20,여,2.0,35.0,23.0,24.0,16.0
2021,2382710,938000,삼성 taptap카드,44.0,서울 용산구,30,대학생,36,여,4.0,38.0,3.0,23.0,32.0
2022,3481781,755000,씨티 Premier카드,80.0,경기 수원시,30,컨설턴트,35,남,16.0,20.0,22.0,23.0,19.0
2023,2523869,1055000,삼성 taptap카드,51.0,부산 해운대구,20,개발자,27,여,1.0,9.0,49.0,14.0,27.0
2024,2506123,1397000,KB 혜담카드,63.0,서울 마포구,30,대학생,35,남,10.0,14.0,4.0,18.0,54.0
2025,2076980,2201000,신한 Deep카드,46.0,경기 성남시,30,회계,34,여,0.0,23.0,6.0,37.0,34.0
2026,3459829,1425000,삼성 taptap카드,84.0,대구 수성구,30,공무원,35,남,42.0,19.0,2.0,13.0,24.0
2027,1888826,1235000,토스카드,77.0,서울 동작구,20,생산직,29,여,12.0,8.0,41.0,14.0,25.0
2028,2279954,1805000,하나 Simple카드,70.0,광주 서구,20,프리랜서,25,여,4.0,21.0,1.0,7.0,67.0
2029,2311877,1166000,카카오뱅크 체크,69.0,경기 성남시,20,생산직,24,남,12.0,26.0,26.0,1.0,35.0
2030,2406031,1026000,신한 Deep카드,40.0,서울 송파구,20,개발자,24,남,26.0,15.0,26.0,26.0,7.0
2031,2679135,674000,현대 ZERO카드,55.0,서울 관악구,20,간호사,20,남,49.0,6.0,13.0,21.0,11.0
2032,2115925,846000,씨티 Premier카드,53.0,서울 노원구,30,개발자,35,남,9.0,41.0,26.0,2.0,22.0
2033,1662188,2072000,삼성 taptap카드,62.0,광주 서구,30,영업,36,남,43.0,14.0,4.0,38.0,1.0
2034,2216276,850000,NH 농협카드,67.0,대전 유성구,30,디자이너,35,여,16.0,19.0,17.0,44.0,4.0
2035,3400764,1171000,IBK 두드림카드,85.0,서울 강동구,30,대학생,38,여,3.0,47.0,16.0,22.0,12.0
2036,3511087,977000,NH 농협카드,72.0,서울 서초구,30,기획,39,여,21.0,5.0,18.0,52.0,4.0
2037,3165588,1098000,롯데 DC카드,49.0,광주 서구,20,데이터분석가,28,남,10.0,43.0,10.0,37.0,0.0
2038,2403509,864000,IBK 두드림카드,61.0,서울 용산구,30,프리랜서,39,여,39.0,20.0,7.0,24.0,10.0
2039,1608942,924000,씨티 Premier카드,60.0,경기 성남시,30,생산직,35,여,1.0,48.0,2.0,16.0,33.0
2040,1359872,596000,토스카드,71.0,경기 성남시,30,데이터분석가,33,남,36.0,4.0,25.0,20.0,15.0
2041,1942980,1172000,KB 혜담카드,77.0,광주 서구,20,디자이너,28,여,34.0,24.0,3.0,19.0,20.0
2042,2150963,1024000,SSG 랜더스카드,61.0,세종,20,대학생,20,여,30.0,19.0,1.0,29.0,21.0
2043,2900312,1820000,카카오뱅크 체크,54.0,세종,20,서비스직,27,남,31.0,50.0,1.0,0.0,18.0
2044,3607463,2019000,하나 Simple카드,65.0,부산 해운대구,30,마케팅,31,남,0.0,35.0,6.0,11.0,48.0
2045,3159183,1963000,이마트 KB카드,60.0,서울 용산구,30,개발자,33,남,16.0,32.0,18.0,32.0,2.0
2046,1805077,1332000,삼성 taptap카드,52.0,광주 서구,20,영업,29,남,6.0,23.0,28.0,25.0,18.0
2047,1769610,840000,SSG 랜더스카드,82.0,서울 성동구,20,회계,25,여,31.0,2.0,1.0,65.0,1.0
2048,2627063,2754000,네이버페이 현대,82.0,울산 남구,30,프리랜서,33,여,53.0,3.0,9.0,21.0,14.0
2049,2848525,1315000,네이버페이 현대,74.0,경기 고양시,30,대학생,33,여,14.0,9.0,16.0,1.0,60.0
2050,3274316,852000,카카오뱅크 체크,46.0,광주 서구,30,공무원,36,남,26.0,10.0,31.0,20.0,13.0
2051,1732701,1770000,씨티 Premier카드,85.0,서울 성동구,20,회계,29,남,23.0,43.0,9.0,23.0,2.0
2052,2575333,1229000,신한 Deep카드,76.0,서울 성동구,20,기획,23,여,33.0,7.0,20.0,39.0,1.0
2053,2712955,2432000,현대 ZERO카드,81.0,서울 성동구,30,마케팅,32,여,0.0,1.0,15.0,61.0,23.0
2054,1714666,967000,삼성 taptap카드,46.0,울산 남구,20,생산직,27,남,33.0,38.0,0.0,26.0,3.0
2055,1857839,1657000,NH 농협카드,60.0,경기 고양시,20,서비스직,27,여,31.0,54.0,8.0,2.0,5.0
2056,2844247,920000,하나 Simple카드,41.0,울산 남구,30,기획,33,여,23.0,4.0,5.0,62.0,6.0
2057,2835844,1022000,IBK 두드림카드,57.0,세종,30,데이터분석가,30,남,1.0,7.0,46.0,11.0,35.0
2058,3044573,1768000,롯데 DC카드,77.0,인천 남동구,20,간호사,27,남,27.0,25.0,28.0,4.0,16.0
2059,2500564,1566000,KB 혜담카드,78.0,경기 성남시,20,서비스직,20,여,54.0,8.0,13.0,21.0,4.0
2060,2006684,2294000,삼성 taptap카드,57.0,서울 동작구,20,프리랜서,25,남,5.0,13.0,46.0,4.0,32.0
2061,2992856,1124000,이마트 KB카드,75.0,서울 서초구,30,개발자,35,남,8.0,16.0,43.0,13.0,20.0
2062,2281691,820000,롯데 DC카드,63.0,인천 남동구,20,공무원,27,남,10.0,42.0,9.0,32.0,7.0
2063,1885804,1094000,이마트 KB카드,43.0,세종,20,마케팅,28,남,11.0,37.0,28.0,19.0,5.0
2064,1793705,1629000,토스카드,63.0,서울 동작구,20,프리랜서,20,여,1.0,13.0,21.0,63.0,2.0
2065,2850694,2798000,현대 ZERO카드,51.0,세종,30,연구원,31,여,23.0,71.0,2.0,1.0,3.0
2066,3591691,1326000,롯데 DC카드,67.0,서울 송파구,30,기획,30,남,4.0,2.0,51.0,14.0,29.0
2067,2551890,981000,씨티 Premier카드,41.0,인천 남동구,20,개발자,20,여,15.0,8.0,17.0,48.0,12.0
2068,3007659,872000,NH 농협카드,71.0,경기 수원시,20,마케팅,27,여,12.0,37.0,2.0,46.0,3.0
2069,2229113,893000,카카오뱅크 체크,76.0,서울 서초구,30,디자이너,30,여,23.0,2.0,37.0,4.0,34.0
2070,3087135,1981000,신한 Deep카드,53.0,서울 관악구,20,연구원,21,남,8.0,10.0,24.0,23.0,35.0
2071,1799539,1498000,IBK 두드림카드,76.0,울산 남구,20,영업,27,남,2.0,59.0,15.0,3.0,21.0
2072,1993657,1410000,현대 ZERO카드,44.0,광주 서구,30,간호사,30,여,56.0,7.0,0.0,11.0,26.0
2073,1620020,1220000,신한 Deep카드,48.0,서울 관악구,30,공무원,36,여,8.0,36.0,24.0,30.0,2.0
2074,2687943,757000,우리 Young카드,46.0,서울 노원구,30,개발자,33,남,56.0,21.0,5.0,6.0,12.0
2075,1998138,1207000,KB 혜담카드,60.0,서울 노원구,20,데이터분석가,24,남,9.0,49.0,10.0,8.0,24.0
2076,3368156,1109000,롯데 DC카드,71.0,대전 유성구,30,영업,31,남,22.0,17.0,5.0,41.0,15.0
2077,2621945,1470000,IBK 두드림카드,77.0,인천 남동구,30,간호사,32,여,25.0,39.0,4.0,26.0,6.0
2078,1653513,1036000,KB 혜담카드,73.0,서울 서초구,20,마케팅,29,여,39.0,26.0,2.0,7.0,26.0
2079,2725091,2066000,NH 농협카드,56.0,울산 남구,30,디자이너,33,남,46.0,21.0,0.0,3.0,30.0
2080,2064268,500000,이마트 KB카드,56.0,서울 송파구,20,디자이너,25,남,27.0,2.0,7.0,32.0,32.0
2081,1612008,777000,네이버페이 현대,78.0,서울 서초구,30,프리랜서,32,여,10.0,43.0,38.0,2.0,7.0
2082,1759526,1662000,우리 Young카드,56.0,서울 서초구,20,데이터분석가,23,여,36.0,25.0,30.0,5.0,4.0
2083,1864593,1810000,하나 Simple카드,85.0,서울 용산구,20,대학생,29,남,3.0,52.0,16.0,11.0,18.0
2084,3216812,1065000,현대 ZERO카드,74.0,울산 남구,30,대학생,35,여,35.0,30.0,21.0,8.0,6.0
2085,2595725,1177000,SSG 랜더스카드,48.0,서울 노원구,30,연구원,35,여,3.0,16.0,4.0,24.0,53.0
2086,3463518,1014000,현대 ZERO카드,42.0,광주 서구,30,프리랜서,31,남,19.0,11.0,24.0,10.0,36.0
2087,1750682,1250000,하나 Simple카드,50.0,인천 남동구,30,마케팅,32,여,23.0,10.0,23.0,40.0,4.0
2088,2847107,960000,KB 혜담카드,80.0,서울 용산구,20,간호사,28,남,26.0,47.0,14.0,12.0,1.0
2089,3150551,1413000,KB 혜담카드,42.0,서울 송파구,30,디자이너,31,여,15.0,23.0,11.0,2.0,49.0
2090,1500827,1386000,KB 혜담카드,67.0,서울 서초구,30,마케팅,36,여,27.0,13.0,16.0,9.0,35.0
2091,2147341,1718000,SSG 랜더스카드,56.0,서울 마포구,30,대학생,31,여,7.0,18.0,26.0,19.0,30.0
2092,2747882,1615000,현대 ZERO카드,71.0,서울 강남구,30,영업,37,여,19.0,34.0,4.0,11.0,32.0
2093,3451071,888000,KB 혜담카드,82.0,서울 강동구,30,개발자,38,남,0.0,31.0,37.0,18.0,14.0
2094,1910752,1255000,롯데 DC카드,83.0,서울 서초구,20,생산직,26,여,8.0,16.0,39.0,10.0,27.0
2095,2347250,811000,삼성 taptap카드,76.0,대구 수성구,30,연구원,30,여,45.0,15.0,16.0,18.0,6.0
2096,1951309,1967000,네이버페이 현대,61.0,서울 동작구,20,기획,29,남,15.0,8.0,35.0,28.0,14.0
2097,2555209,2180000,삼성 taptap카드,76.0,경기 성남시,30,기획,39,여,23.0,5.0,3.0,48.0,21.0
2098,3098589,1536000,SSG 랜더스카드,64.0,경기 성남시,30,간호사,39,여,39.0,24.0,2.0,14.0,21.0
2099,2460270,1330000,NH 농협카드,75.0,경기 수원시,30,영업,32,남,35.0,4.0,52.0,1.0,8.0
2100,3000410,2130000,삼성 taptap카드,71.0,광주 서구,30,마케팅,30,여,17.0,1.0,48.0,24.0,10.0
2101,2109163,871000,KB 혜담카드,56.0,세종,30,컨설턴트,34,여,24.0,16.0,25.0,28.0,7.0
2102,2406660,1917000,현대 ZERO카드,48.0,경기 고양시,30,마케팅,34,남,5.0,3.0,7.0,66.0,19.0
2103,2659297,1210000,씨티 Premier카드,75.0,울산 남구,20,컨설턴트,22,여,34.0,17.0,13.0,22.0,14.0
2104,2710968,1173000,삼성 taptap카드,59.0,서울 노원구,20,마케팅,20,남,11.0,25.0,25.0,10.0,29.0
2105,2675704,1178000,우리 Young카드,68.0,서울 성동구,20,마케팅,26,남,24.0,4.0,4.0,51.0,17.0
2106,1592101,1358000,카카오뱅크 체크,76.0,서울 용산구,20,영업,25,남,3.0,19.0,13.0,43.0,22.0
2107,2017024,1001000,삼성 taptap카드,73.0,경기 성남시,20,프리랜서,28,여,11.0,24.0,13.0,19.0,33.0
2108,2911494,1471000,IBK 두드림카드,68.0,서울 용산구,30,영업,33,여,5.0,29.0,6.0,21.0,39.0
2109,3029079,1739000,씨티 Premier카드,54.0,서울 강동구,30,회계,36,남,0.0,46.0,18.0,19.0,17.0
2110,1713153,1670000,네이버페이 현대,55.0,대전 유성구,20,기획,29,남,27.0,34.0,8.0,12.0,19.0
2111,2479158,1427000,KB 혜담카드,45.0,서울 서초구,20,공무원,26,여,76.0,2.0,6.0,14.0,2.0
2112,1892596,1510000,씨티 Premier카드,51.0,경기 고양시,20,데이터분석가,29,남,30.0,34.0,21.0,15.0,0.0
2113,3397262,1009000,SSG 랜더스카드,45.0,서울 강남구,30,데이터분석가,31,여,6.0,15.0,51.0,8.0,20.0
2114,3272420,1666000,하나 Simple카드,84.0,서울 노원구,30,마케팅,32,여,34.0,9.0,31.0,24.0,2.0
2115,2802048,1009000,SSG 랜더스카드,45.0,서울 강남구,30,데이터분석가,31,여,6.0,15.0,51.0,8.0,20.0
2116,2930503,687000,현대 ZERO카드,82.0,서울 강동구,20,회계,29,여,16.0,3.0,35.0,2.0,44.0
2117,3045353,1536000,이마트 KB카드,44.0,인천 남동구,30,간호사,32,남,10.0,22.0,37.0,25.0,6.0
2118,2632718,1284000,씨티 Premier카드,77.0,부산 해운대구,20,생산직,28,여,2.0,11.0,61.0,9.0,17.0
2119,3238860,1229000,이마트 KB카드,66.0,서울 동작구,30,회계,34,여,11.0,13.0,32.0,44.0,0.0
2120,2622749,1483000,IBK 두드림카드,82.0,경기 성남시,30,간호사,30,여,61.0,5.0,3.0,3.0,28.0
2121,2122406,928000,이마트 KB카드,57.0,서울 관악구,20,디자이너,29,남,13.0,11.0,10.0,24.0,42.0
2122,1397689,860000,IBK 두드림카드,68.0,경기 고양시,20,서비스직,25,여,42.0,10.0,12.0,2.0,34.0
2123,2208433,729000,하나 Simple카드,47.0,서울 관악구,20,컨설턴트,26,남,15.0,14.0,14.0,56.0,1.0
2124,3576396,688000,현대 ZERO카드,50.0,경기 성남시,30,프리랜서,38,남,23.0,7.0,40.0,18.0,12.0
2125,3661943,1375000,신한 Deep카드,83.0,서울 마포구,30,공무원,30,남,11.0,7.0,54.0,24.0,4.0
2126,2502182,1558000,IBK 두드림카드,71.0,울산 남구,20,연구원,27,여,17.0,15.0,4.0,35.0,29.0
2127,1979350,1810000,하나 Simple카드,71.0,서울 서초구,20,마케팅,20,여,11.0,23.0,45.0,18.0,3.0
2128,1261589,1482000,KB 혜담카드,60.0,부산 해운대구,20,컨설턴트,29,여,53.0,1.0,16.0,3.0,27.0
2129,2252392,1513000,우리 Young카드,56.0,울산 남구,30,영업,35,여,7.0,23.0,55.0,10.0,5.0
2130,2097827,1018000,NH 농협카드,74.0,광주 서구,20,마케팅,25,남,10.0,1.0,58.0,9.0,22.0
2131,2093535,603000,SSG 랜더스카드,59.0,대전 유성구,20,영업,26,여,23.0,36.0,10.0,9.0,22.0
2132,2559278,633000,KB 혜담카드,65.0,서울 노원구,20,기획,21,남,28.0,24.0,5.0,35.0,8.0
2133,3492838,1032000,KB 혜담카드,43.0,울산 남구,30,프리랜서,39,여,15.0,1.0,52.0,13.0,19.0
2134,2561764,872000,IBK 두드림카드,67.0,서울 용산구,30,컨설턴트,32,여,6.0,17.0,32.0,6.0,39.0
2135,2141634,866000,토스카드,71.0,경기 고양시,20,생산직,26,여,31.0,16.0,29.0,18.0,6.0
2136,2370389,749000,토스카드,51.0,광주 서구,30,회계,32,여,25.0,48.0,22.0,3.0,2.0
2137,3087069,1369000,카카오뱅크 체크,62.0,인천 남동구,30,디자이너,31,남,2.0,5.0,49.0,38.0,6.0
2138,1835853,1421000,NH 농협카드,81.0,대전 유성구,20,회계,22,남,9.0,9.0,40.0,32.0,10.0
2139,2310099,1568000,토스카드,40.0,광주 서구,20,공무원,25,여,22.0,39.0,1.0,25.0,13.0
2140,3315568,976000,SSG 랜더스카드,46.0,서울 용산구,30,기획,33,남,65.0,5.0,5.0,1.0,24.0
2141,3146780,657000,NH 농협카드,43.0,서울 관악구,30,간호사,30,남,6.0,8.0,81.0,2.0,3.0
2142,2478770,1010000,이마트 KB카드,67.0,부산 해운대구,20,마케팅,29,남,12.0,10.0,14.0,50.0,14.0
2143,2716873,786000,NH 농협카드,74.0,울산 남구,30,프리랜서,39,여,28.0,28.0,16.0,0.0,28.0
2144,1759672,1050000,카카오뱅크 체크,76.0,대전 유성구,30,서비스직,30,남,3.0,64.0,21.0,10.0,2.0
2145,3445809,1027000,토스카드,49.0,광주 서구,30,공무원,33,남,4.0,41.0,10.0,16.0,29.0
2146,2164492,655000,SSG 랜더스카드,73.0,인천 남동구,30,간호사,36,여,40.0,37.0,4.0,2.0,17.0
2147,1702080,984000,IBK 두드림카드,60.0,서울 송파구,20,영업,28,여,4.0,1.0,29.0,52.0,14.0
2148,1697774,1885000,현대 ZERO카드,79.0,서울 마포구,20,컨설턴트,26,남,4.0,45.0,0.0,4.0,47.0
2149,2466770,1883000,롯데 DC카드,50.0,서울 용산구,20,프리랜서,28,남,3.0,42.0,28.0,24.0,3.0
2150,2844197,1090000,SSG 랜더스카드,62.0,서울 노원구,30,서비스직,32,남,5.0,6.0,22.0,31.0,36.0
2151,1409015,1107000,네이버페이 현대,44.0,울산 남구,20,생산직,28,남,11.0,23.0,7.0,4.0,55.0
2152,2489018,1080000,씨티 Premier카드,73.0,서울 마포구,20,공무원,27,남,6.0,62.0,3.0,6.0,23.0
2153,1780195,935000,우리 Young카드,77.0,서울 관악구,30,데이터분석가,30,여,2.0,15.0,5.0,33.0,45.0
2154,2319910,823000,씨티 Premier카드,50.0,경기 수원시,20,생산직,29,여,2.0,53.0,9.0,29.0,7.0
2155,2619249,852000,카카오뱅크 체크,46.0,광주 서구,30,공무원,36,여,26.0,10.0,31.0,20.0,13.0
2156,2692788,1713000,하나 Simple카드,42.0,경기 수원시,20,기획,26,남,9.0,14.0,40.0,32.0,5.0
2157,3140842,1680000,카카오뱅크 체크,74.0,경기 수원시,20,공무원,27,여,5.0,13.0,25.0,21.0,36.0
2158,1567661,1092000,토스카드,78.0,서울 마포구,20,회계,28,남,31.0,4.0,41.0,5.0,19.0
2159,2223763,930000,우리 Young카드,45.0,경기 고양시,20,기획,24,여,15.0,6.0,4.0,29.0,46.0
2160,2111832,765000,토스카드,62.0,부산 해운대구,20,데이터분석가,28,여,50.0,27.0,16.0,5.0,2.0
2161,3303624,1563000,SSG 랜더스카드,84.0,세종,30,프리랜서,30,남,59.0,17.0,11.0,5.0,8.0
2162,2357834,865000,하나 Simple카드,56.0,세종,20,생산직,27,여,1.0,21.0,25.0,50.0,3.0
2163,2073726,1170000,하나 Simple카드,41.0,대전 유성구,20,기획,23,남,35.0,0.0,12.0,50.0,3.0
2164,2279548,699000,네이버페이 현대,79.0,울산 남구,30,데이터분석가,30,여,33.0,25.0,2.0,11.0,29.0
2165,1691774,1359000,씨티 Premier카드,67.0,서울 마포구,20,컨설턴트,27,남,38.0,3.0,24.0,18.0,17.0
2166,2743930,1220000,IBK 두드림카드,71.0,대전 유성구,20,프리랜서,28,남,19.0,2.0,21.0,8.0,50.0
2167,2479602,1133000,KB 혜담카드,46.0,서울 송파구,20,마케팅,24,여,27.0,27.0,14.0,27.0,5.0
2168,3642437,1269000,하나 Simple카드,57.0,인천 남동구,30,컨설턴트,31,남,12.0,18.0,38.0,22.0,10.0
2169,2094801,970000,카카오뱅크 체크,50.0,대전 유성구,20,서비스직,26,여,25.0,30.0,0.0,18.0,27.0
2170,1921582,2047000,롯데 DC카드,46.0,서울 서초구,20,프리랜서,26,남,21.0,11.0,4.0,2.0,62.0
2171,1960842,1369000,카카오뱅크 체크,62.0,인천 남동구,30,디자이너,31,여,2.0,5.0,49.0,38.0,6.0
2172,2429458,1681000,KB 혜담카드,63.0,서울 송파구,20,서비스직,26,여,22.0,46.0,8.0,4.0,20.0
2173,1980103,1503000,하나 Simple카드,44.0,서울 강남구,30,프리랜서,35,여,36.0,16.0,24.0,12.0,12.0
2174,4294064,1199000,씨티 Premier카드,85.0,경기 성남시,30,기획,33,남,25.0,12.0,4.0,0.0,59.0
2175,1596178,1446000,토스카드,64.0,세종,20,서비스직,27,남,16.0,14.0,20.0,32.0,18.0
2176,3191562,1129000,KB 혜담카드,57.0,서울 강남구,30,대학생,31,남,28.0,9.0,15.0,39.0,9.0
2177,3033427,918000,현대 ZERO카드,58.0,서울 강남구,20,컨설턴트,28,남,1.0,2.0,65.0,18.0,14.0
2178,2799544,650000,우리 Young카드,63.0,서울 마포구,30,생산직,35,여,28.0,8.0,38.0,22.0,4.0
2179,2587836,944000,이마트 KB카드,48.0,경기 수원시,30,기획,30,여,38.0,21.0,6.0,10.0,25.0
2180,1765758,1190000,하나 Simple카드,65.0,서울 용산구,20,연구원,29,여,34.0,39.0,3.0,5.0,19.0
2181,1809115,1654000,토스카드,70.0,서울 성동구,30,디자이너,37,여,44.0,10.0,3.0,17.0,26.0
2182,3003073,2017000,SSG 랜더스카드,45.0,서울 마포구,20,생산직,29,여,25.0,6.0,34.0,24.0,11.0
2183,2030575,1089000,씨티 Premier카드,82.0,서울 마포구,20,대학생,24,남,60.0,1.0,30.0,6.0,3.0
2184,1680469,1670000,네이버페이 현대,55.0,대전 유성구,20,기획,29,여,27.0,34.0,8.0,12.0,19.0
2185,1020915,634000,토스카드,79.0,서울 강동구,20,서비스직,24,여,35.0,7.0,3.0,44.0,11.0
2186,1759617,872000,네이버페이 현대,59.0,경기 고양시,20,연구원,26,여,3.0,31.0,40.0,6.0,20.0
2187,2193171,1636000,NH 농협카드,73.0,서울 관악구,20,개발자,24,남,25.0,32.0,2.0,16.0,25.0
2188,3049561,1135000,삼성 taptap카드,79.0,인천 남동구,20,기획,27,남,34.0,4.0,21.0,19.0,22.0
2189,3471193,1653000,이마트 KB카드,67.0,광주 서구,30,마케팅,32,남,49.0,29.0,0.0,11.0,11.0
2190,2402542,1422000,우리 Young카드,74.0,울산 남구,20,마케팅,24,여,66.0,3.0,11.0,9.0,11.0
2191,2299940,1859000,SSG 랜더스카드,56.0,서울 동작구,30,데이터분석가,33,여,7.0,2.0,9.0,65.0,17.0
2192,2591783,1424000,SSG 랜더스카드,57.0,서울 노원구,30,공무원,39,남,13.0,20.0,48.0,4.0,15.0
2193,2952823,1112000,IBK 두드림카드,66.0,울산 남구,20,데이터분석가,22,여,4.0,24.0,0.0,68.0,4.0
2194,3140516,743000,네이버페이 현대,71.0,서울 관악구,30,디자이너,39,남,44.0,37.0,0.0,1.0,18.0
2195,1528179,1441000,현대 ZERO카드,73.0,서울 용산구,30,생산직,35,남,1.0,42.0,4.0,53.0,0.0
2196,2528522,1717000,현대 ZERO카드,56.0,경기 성남시,30,개발자,33,남,3.0,2.0,31.0,40.0,24.0
2197,2070891,1157000,NH 농협카드,73.0,세종,30,프리랜서,33,여,42.0,1.0,2.0,29.0,26.0
2198,1976867,1681000,KB 혜담카드,63.0,서울 송파구,20,서비스직,26,여,22.0,46.0,8.0,4.0,20.0
2199,3394037,1536000,SSG 랜더스카드,64.0,경기 성남시,30,간호사,39,남,39.0,24.0,2.0,14.0,21.0
2200,2446277,1225000,롯데 DC카드,52.0,서울 강동구,30,공무원,33,여,60.0,9.0,13.0,13.0,5.0
2201,2946194,942000,KB 혜담카드,60.0,경기 고양시,30,서비스직,34,남,25.0,10.0,10.0,31.0,24.0
2202,2906736,1254000,IBK 두드림카드,40.0,경기 수원시,20,서비스직,20,여,2.0,16.0,43.0,27.0,12.0
2203,1901769,1566000,KB 혜담카드,78.0,경기 성남시,20,서비스직,20,여,54.0,8.0,13.0,21.0,4.0
2204,3432099,1013000,토스카드,46.0,경기 성남시,30,디자이너,37,여,9.0,28.0,2.0,51.0,10.0
2205,2530084,954000,씨티 Premier카드,66.0,서울 서초구,30,서비스직,31,남,30.0,24.0,31.0,14.0,1.0
2206,2294599,1513000,NH 농협카드,71.0,서울 동작구,20,프리랜서,28,여,26.0,2.0,42.0,19.0,11.0
2207,2109398,2314000,롯데 DC카드,69.0,경기 수원시,20,생산직,29,여,25.0,11.0,47.0,14.0,3.0
2208,2311709,875000,우리 Young카드,63.0,대전 유성구,20,개발자,26,남,27.0,19.0,8.0,45.0,1.0
2209,2472295,2219000,이마트 KB카드,50.0,경기 수원시,20,대학생,29,여,73.0,1.0,3.0,16.0,7.0
2210,3303684,980000,현대 ZERO카드,40.0,세종,30,영업,37,남,8.0,36.0,7.0,38.0,11.0
2211,2123441,1187000,삼성 taptap카드,62.0,서울 노원구,30,개발자,33,여,1.0,13.0,37.0,42.0,7.0
2212,2213959,1321000,토스카드,66.0,서울 강동구,30,공무원,36,남,24.0,39.0,12.0,13.0,12.0
2213,3751585,1013000,신한 Deep카드,83.0,서울 강동구,30,디자이너,35,여,44.0,3.0,32.0,9.0,12.0
2214,2258007,1191000,IBK 두드림카드,59.0,광주 서구,30,영업,32,여,39.0,5.0,6.0,26.0,24.0
2215,3489448,1018000,네이버페이 현대,79.0,서울 송파구,30,회계,37,남,40.0,28.0,21.0,4.0,7.0
2216,1446179,2220000,NH 농협카드,85.0,서울 마포구,20,생산직,25,남,23.0,2.0,22.0,30.0,23.0
2217,2804271,787000,삼성 taptap카드,73.0,서울 성동구,30,데이터분석가,33,남,28.0,6.0,14.0,16.0,36.0
2218,2910960,1105000,롯데 DC카드,51.0,서울 강남구,30,기획,35,남,15.0,7.0,60.0,3.0,15.0
2219,3330970,2115000,이마트 KB카드,80.0,서울 강남구,30,기획,30,남,13.0,16.0,36.0,25.0,10.0
2220,1000000,1242000,현대 ZERO카드,50.0,서울 동작구,20,회계,25,여,4.0,18.0,62.0,11.0,5.0
2221,1675129,1861000,SSG 랜더스카드,56.0,서울 서초구,20,공무원,22,남,1.0,4.0,80.0,12.0,3.0
2222,2412172,1742000,하나 Simple카드,47.0,서울 노원구,20,마케팅,23,여,23.0,15.0,1.0,45.0,16.0
2223,1731835,1580000,우리 Young카드,44.0,광주 서구,20,개발자,28,남,6.0,30.0,51.0,7.0,6.0
2224,2072258,1055000,KB 혜담카드,50.0,경기 성남시,30,연구원,33,여,8.0,22.0,63.0,1.0,6.0
2225,2113186,1760000,네이버페이 현대,54.0,울산 남구,20,개발자,27,여,5.0,18.0,5.0,62.0,10.0
2226,1973835,1090000,KB 혜담카드,46.0,서울 관악구,30,대학생,30,여,13.0,14.0,26.0,13.0,34.0
2227,2262232,1350000,IBK 두드림카드,68.0,서울 마포구,30,회계,30,여,4.0,19.0,5.0,30.0,42.0
2228,1653312,1256000,우리 Young카드,55.0,서울 마포구,20,디자이너,28,여,1.0,1.0,48.0,10.0,40.0
2229,1716780,1229000,IBK 두드림카드,46.0,경기 성남시,30,기획,32,남,11.0,38.0,0.0,37.0,14.0
2230,2758978,1173000,삼성 taptap카드,59.0,서울 노원구,20,마케팅,20,남,11.0,25.0,25.0,10.0,29.0
2231,1601975,1193000,하나 Simple카드,59.0,경기 성남시,20,영업,28,남,2.0,32.0,42.0,23.0,1.0
2232,2160659,1332000,토스카드,54.0,서울 동작구,20,개발자,26,여,18.0,17.0,1.0,63.0,1.0
2233,3527023,933000,현대 ZERO카드,67.0,경기 성남시,30,개발자,39,남,9.0,19.0,16.0,41.0,15.0
2234,1942527,1288000,우리 Young카드,62.0,서울 마포구,20,프리랜서,25,여,53.0,4.0,13.0,21.0,9.0
2235,2087417,1344000,이마트 KB카드,64.0,경기 고양시,30,개발자,35,여,7.0,11.0,41.0,5.0,36.0
2236,2363119,1308000,KB 혜담카드,50.0,서울 강남구,20,회계,29,여,17.0,5.0,46.0,24.0,8.0
2237,3058966,1772000,NH 농협카드,43.0,서울 강남구,30,공무원,35,여,19.0,11.0,40.0,8.0,22.0
2238,1665342,1101000,토스카드,63.0,서울 성동구,20,간호사,25,남,10.0,12.0,15.0,51.0,12.0
2239,2174926,1722000,씨티 Premier카드,54.0,대구 수성구,20,디자이너,22,여,49.0,20.0,5.0,18.0,8.0
2240,1383752,2282000,KB 혜담카드,72.0,서울 동작구,20,프리랜서,24,여,16.0,27.0,7.0,27.0,23.0
2241,2053399,1461000,우리 Young카드,47.0,서울 서초구,20,개발자,26,남,11.0,8.0,26.0,32.0,23.0
2242,2267102,632000,삼성 taptap카드,84.0,인천 남동구,20,컨설턴트,27,남,57.0,8.0,6.0,18.0,11.0
2243,2072687,1793000,SSG 랜더스카드,51.0,서울 강동구,30,디자이너,37,여,28.0,1.0,20.0,16.0,35.0
2244,2021504,982000,KB 혜담카드,68.0,서울 강남구,20,디자이너,28,여,2.0,44.0,8.0,23.0,23.0
2245,1545886,902000,NH 농협카드,60.0,부산 해운대구,20,서비스직,25,여,19.0,6.0,72.0,0.0,3.0
2246,2538539,2492000,NH 농협카드,76.0,대구 수성구,30,서비스직,30,여,18.0,22.0,46.0,13.0,1.0
2247,2777847,1274000,IBK 두드림카드,43.0,서울 서초구,20,마케팅,26,여,53.0,5.0,16.0,19.0,7.0
2248,1701428,935000,하나 Simple카드,55.0,서울 강동구,20,간호사,26,여,3.0,19.0,10.0,45.0,23.0
2249,2501273,710000,신한 Deep카드,79.0,광주 서구,20,대학생,28,남,14.0,1.0,69.0,15.0,1.0
2250,2856045,1114000,SSG 랜더스카드,81.0,서울 관악구,20,대학생,26,남,56.0,2.0,7.0,15.0,20.0
2251,1753405,1928000,네이버페이 현대,43.0,서울 용산구,30,디자이너,30,여,17.0,12.0,10.0,21.0,40.0
2252,2165607,2018000,롯데 DC카드,74.0,경기 고양시,20,마케팅,28,여,2.0,3.0,2.0,48.0,45.0
2253,2641565,1419000,토스카드,85.0,서울 노원구,30,회계,30,여,37.0,25.0,1.0,36.0,1.0
2254,2928560,870000,SSG 랜더스카드,50.0,울산 남구,30,개발자,35,남,24.0,12.0,23.0,30.0,11.0
2255,1011603,1461000,우리 Young카드,47.0,서울 서초구,20,개발자,26,여,11.0,8.0,26.0,32.0,23.0
2256,2750545,1082000,NH 농협카드,73.0,세종,30,생산직,30,여,22.0,5.0,66.0,3.0,4.0
2257,3009668,1625000,카카오뱅크 체크,50.0,서울 강동구,20,대학생,26,여,7.0,19.0,22.0,5.0,47.0
2258,2558330,2029000,씨티 Premier카드,75.0,경기 고양시,30,프리랜서,33,여,10.0,15.0,6.0,27.0,42.0
2259,2278225,1218000,SSG 랜더스카드,46.0,경기 고양시,30,기획,30,남,22.0,63.0,2.0,9.0,4.0
2260,1993436,1589000,신한 Deep카드,50.0,부산 해운대구,20,데이터분석가,23,여,1.0,1.0,10.0,75.0,13.0
2261,4238939,1335000,롯데 DC카드,46.0,광주 서구,30,생산직,33,남,10.0,53.0,25.0,7.0,5.0
2262,3636973,1513000,네이버페이 현대,42.0,서울 노원구,30,기획,33,남,7.0,66.0,24.0,2.0,1.0
2263,3448018,1140000,우리 Young카드,65.0,경기 성남시,30,공무원,34,남,10.0,23.0,11.0,42.0,14.0
2264,2428206,650000,현대 ZERO카드,72.0,대구 수성구,20,회계,27,여,7.0,2.0,51.0,29.0,11.0
2265,1919431,1920000,우리 Young카드,58.0,서울 강동구,20,컨설턴트,29,여,18.0,4.0,69.0,4.0,5.0
2266,2149714,1332000,토스카드,54.0,서울 동작구,20,개발자,26,여,18.0,17.0,1.0,63.0,1.0
2267,2461038,1399000,네이버페이 현대,74.0,세종,30,서비스직,32,여,20.0,34.0,4.0,22.0,20.0
2268,2774787,1032000,KB 혜담카드,43.0,울산 남구,30,프리랜서,39,여,15.0,1.0,52.0,13.0,19.0
2269,3004459,1607000,NH 농협카드,50.0,서울 관악구,20,디자이너,29,여,3.0,16.0,28.0,24.0,29.0
2270,3782836,1519000,우리 Young카드,52.0,경기 고양시,30,디자이너,32,남,7.0,12.0,42.0,33.0,6.0
2271,2006430,1284000,롯데 DC카드,42.0,울산 남구,30,생산직,31,남,43.0,9.0,5.0,14.0,29.0
2272,2361997,849000,IBK 두드림카드,48.0,서울 용산구,20,기획,28,남,28.0,1.0,40.0,28.0,3.0
2273,2618381,1106000,현대 ZERO카드,54.0,서울 관악구,20,생산직,29,남,2.0,8.0,13.0,70.0,7.0
2274,2559430,768000,토스카드,81.0,서울 성동구,20,기획,20,남,7.0,66.0,5.0,16.0,6.0
2275,1935383,1245000,SSG 랜더스카드,61.0,부산 해운대구,20,프리랜서,23,남,50.0,22.0,7.0,7.0,14.0
2276,3707054,916000,이마트 KB카드,84.0,서울 동작구,20,연구원,22,남,22.0,20.0,11.0,37.0,10.0
2277,1611457,1321000,이마트 KB카드,61.0,서울 마포구,20,회계,25,여,26.0,5.0,22.0,1.0,46.0
2278,1708405,749000,NH 농협카드,54.0,서울 서초구,20,영업,29,남,3.0,20.0,60.0,1.0,16.0
2279,3163516,1029000,토스카드,53.0,서울 강남구,30,회계,39,남,4.0,21.0,43.0,13.0,19.0
2280,4481762,784000,네이버페이 현대,45.0,서울 강동구,30,회계,36,남,18.0,17.0,18.0,30.0,17.0
2281,2081902,979000,우리 Young카드,78.0,서울 노원구,30,대학생,34,여,9.0,23.0,31.0,34.0,3.0
2282,2813920,2055000,롯데 DC카드,51.0,서울 강동구,30,대학생,30,남,16.0,38.0,23.0,13.0,10.0
2283,3754105,582000,NH 농협카드,68.0,부산 해운대구,30,컨설턴트,30,남,14.0,28.0,2.0,27.0,29.0
2284,2491068,944000,SSG 랜더스카드,66.0,서울 동작구,30,개발자,32,여,14.0,41.0,15.0,3.0,27.0
2285,2765777,1549000,SSG 랜더스카드,55.0,서울 강남구,30,서비스직,35,남,8.0,45.0,0.0,14.0,33.0
2286,3395943,1053000,씨티 Premier카드,40.0,서울 마포구,30,서비스직,37,남,1.0,1.0,31.0,6.0,61.0
2287,3190762,727000,삼성 taptap카드,40.0,대전 유성구,30,영업,31,남,21.0,25.0,29.0,23.0,2.0
2288,2765219,1823000,현대 ZERO카드,75.0,서울 동작구,20,생산직,29,남,67.0,26.0,4.0,0.0,3.0
2289,2895734,1862000,롯데 DC카드,56.0,서울 강남구,20,영업,28,남,5.0,52.0,13.0,21.0,9.0
2290,2403501,1535000,삼성 taptap카드,46.0,서울 관악구,20,마케팅,29,남,15.0,17.0,20.0,0.0,48.0
2291,2395866,729000,네이버페이 현대,82.0,서울 송파구,20,회계,23,여,17.0,0.0,70.0,11.0,2.0
2292,2357055,1325000,삼성 taptap카드,81.0,세종,20,기획,27,여,14.0,40.0,24.0,4.0,18.0
2293,2744565,1630000,롯데 DC카드,63.0,서울 용산구,30,영업,36,여,27.0,46.0,8.0,8.0,11.0
2294,2277585,1547000,네이버페이 현대,80.0,서울 노원구,20,간호사,28,남,67.0,26.0,3.0,1.0,3.0
2295,2499695,1332000,토스카드,74.0,서울 송파구,30,생산직,32,여,24.0,18.0,22.0,17.0,19.0
2296,2848313,859000,카카오뱅크 체크,63.0,서울 마포구,20,데이터분석가,22,남,11.0,14.0,7.0,27.0,41.0
2297,4061281,820000,신한 Deep카드,56.0,서울 서초구,30,기획,33,남,19.0,3.0,27.0,15.0,36.0
2298,1746223,1486000,현대 ZERO카드,58.0,서울 강동구,30,생산직,32,여,1.0,4.0,5.0,22.0,68.0
2299,3007014,1885000,네이버페이 현대,42.0,울산 남구,30,영업,35,남,4.0,8.0,59.0,6.0,23.0
2300,1905652,1623000,카카오뱅크 체크,85.0,광주 서구,20,컨설턴트,24,남,1.0,30.0,24.0,10.0,35.0
2301,2344514,1472000,삼성 taptap카드,45.0,울산 남구,30,공무원,38,여,1.0,6.0,6.0,34.0,53.0
2302,2701258,2305000,씨티 Premier카드,60.0,경기 성남시,30,컨설턴트,32,여,7.0,6.0,25.0,32.0,30.0
2303,3468606,1447000,NH 농협카드,73.0,대전 유성구,30,디자이너,31,남,17.0,9.0,40.0,5.0,29.0
2304,2443936,1712000,씨티 Premier카드,40.0,서울 동작구,30,데이터분석가,39,여,14.0,12.0,18.0,54.0,2.0
2305,1293329,1350000,네이버페이 현대,48.0,서울 용산구,20,회계,23,여,16.0,3.0,59.0,11.0,11.0
2306,2324468,1316000,KB 혜담카드,62.0,광주 서구,30,대학생,35,남,22.0,10.0,1.0,24.0,43.0
2307,2698249,859000,카카오뱅크 체크,63.0,서울 마포구,20,데이터분석가,22,남,11.0,14.0,7.0,27.0,41.0
2308,1000000,1081000,신한 Deep카드,57.0,대구 수성구,20,생산직,23,남,5.0,15.0,38.0,9.0,33.0
2309,2843713,1087000,카카오뱅크 체크,71.0,울산 남구,20,연구원,27,남,60.0,18.0,14.0,1.0,7.0
2310,2510614,1105000,IBK 두드림카드,69.0,부산 해운대구,20,기획,24,남,1.0,1.0,44.0,3.0,51.0
2311,2908088,1513000,NH 농협카드,71.0,서울 동작구,20,프리랜서,28,여,26.0,2.0,42.0,19.0,11.0
2312,2400715,1573000,씨티 Premier카드,41.0,서울 송파구,30,데이터분석가,32,여,0.0,82.0,3.0,9.0,6.0
2313,1219297,1345000,현대 ZERO카드,72.0,서울 강남구,20,기획,29,여,0.0,60.0,19.0,17.0,4.0
2314,3301253,1401000,롯데 DC카드,50.0,서울 노원구,30,연구원,38,남,6.0,30.0,62.0,1.0,1.0
2315,2887326,1834000,현대 ZERO카드,71.0,서울 동작구,20,간호사,28,여,16.0,28.0,3.0,38.0,15.0
2316,2712360,1457000,하나 Simple카드,76.0,대구 수성구,20,개발자,29,여,3.0,56.0,33.0,6.0,2.0
2317,2168654,1414000,롯데 DC카드,53.0,대전 유성구,30,데이터분석가,36,여,13.0,12.0,63.0,1.0,11.0
2318,2293380,1269000,KB 혜담카드,80.0,광주 서구,20,컨설턴트,28,남,6.0,36.0,4.0,42.0,12.0
2319,1983581,1179000,우리 Young카드,44.0,경기 성남시,20,간호사,25,여,36.0,16.0,12.0,35.0,1.0
2320,1840366,1408000,신한 Deep카드,69.0,서울 성동구,20,간호사,27,남,46.0,8.0,8.0,13.0,25.0
2321,2727694,1376000,우리 Young카드,45.0,서울 관악구,20,연구원,26,남,11.0,29.0,1.0,22.0,37.0
2322,1651233,1177000,롯데 DC카드,61.0,경기 고양시,20,공무원,23,남,22.0,38.0,22.0,12.0,6.0
2323,2053091,1426000,신한 Deep카드,44.0,서울 강동구,30,영업,37,여,7.0,58.0,13.0,20.0,2.0
2324,1697987,2082000,롯데 DC카드,50.0,서울 용산구,20,마케팅,28,여,35.0,8.0,8.0,42.0,7.0
2325,1504876,2068000,현대 ZERO카드,50.0,인천 남동구,20,회계,24,남,4.0,47.0,44.0,4.0,1.0
2326,2323207,1027000,현대 ZERO카드,84.0,서울 서초구,20,공무원,28,남,14.0,30.0,37.0,11.0,8.0
2327,2830751,696000,하나 Simple카드,46.0,서울 마포구,20,대학생,23,남,18.0,7.0,16.0,56.0,3.0
2328,2870586,1000000,롯데 DC카드,43.0,서울 관악구,30,생산직,31,남,45.0,18.0,0.0,30.0,7.0
2329,1497126,1263000,씨티 Premier카드,47.0,대구 수성구,20,연구원,24,남,8.0,11.0,23.0,40.0,18.0
2330,2669972,1722000,씨티 Premier카드,54.0,대구 수성구,20,디자이너,22,남,49.0,20.0,5.0,18.0,8.0
2331,3092850,1143000,신한 Deep카드,78.0,서울 용산구,20,프리랜서,25,여,38.0,21.0,9.0,6.0,26.0
2332,1926878,2156000,이마트 KB카드,45.0,부산 해운대구,20,컨설턴트,23,남,10.0,2.0,4.0,34.0,50.0
2333,2010722,1337000,하나 Simple카드,46.0,서울 강남구,20,컨설턴트,23,남,22.0,20.0,37.0,11.0,10.0
2334,2507830,1426000,이마트 KB카드,50.0,서울 마포구,20,서비스직,27,남,12.0,11.0,9.0,44.0,24.0
2335,3060936,1269000,하나 Simple카드,50.0,서울 관악구,20,마케팅,27,여,30.0,22.0,6.0,38.0,4.0
2336,2240082,1295000,삼성 taptap카드,82.0,서울 마포구,30,연구원,33,여,16.0,4.0,25.0,32.0,23.0
2337,1833775,771000,우리 Young카드,58.0,서울 마포구,30,공무원,33,여,4.0,5.0,27.0,25.0,39.0
2338,2565709,1783000,현대 ZERO카드,59.0,서울 강남구,20,마케팅,27,남,2.0,17.0,37.0,6.0,38.0
2339,2899534,1076000,KB 혜담카드,52.0,서울 강남구,30,영업,32,여,29.0,10.0,5.0,12.0,44.0
2340,2253065,1159000,롯데 DC카드,75.0,서울 서초구,20,생산직,27,남,1.0,47.0,11.0,38.0,3.0
2341,2220933,544000,네이버페이 현대,48.0,서울 용산구,30,공무원,38,여,30.0,5.0,50.0,7.0,8.0
2342,2747189,872000,NH 농협카드,71.0,경기 수원시,20,마케팅,27,여,12.0,37.0,2.0,46.0,3.0
2343,2764018,586000,네이버페이 현대,73.0,경기 수원시,30,서비스직,33,여,32.0,17.0,4.0,25.0,22.0
2344,1865782,1200000,IBK 두드림카드,67.0,서울 마포구,20,마케팅,28,여,40.0,13.0,26.0,21.0,0.0
2345,2274547,982000,현대 ZERO카드,55.0,서울 송파구,20,연구원,22,여,3.0,48.0,23.0,20.0,6.0
2346,2053804,1634000,씨티 Premier카드,81.0,광주 서구,30,대학생,37,남,52.0,17.0,13.0,12.0,6.0
2347,2592945,1206000,NH 농협카드,80.0,서울 성동구,20,생산직,24,여,5.0,17.0,29.0,43.0,6.0
2348,2816436,836000,삼성 taptap카드,79.0,세종,30,마케팅,33,남,17.0,44.0,8.0,20.0,11.0
2349,2032144,902000,NH 농협카드,60.0,부산 해운대구,20,서비스직,25,여,19.0,6.0,72.0,0.0,3.0
2350,2233562,1484000,SSG 랜더스카드,82.0,서울 성동구,20,디자이너,27,남,18.0,2.0,54.0,10.0,16.0
2351,2270153,743000,NH 농협카드,73.0,서울 강남구,20,영업,29,남,15.0,26.0,39.0,5.0,15.0
2352,3626451,796000,카카오뱅크 체크,56.0,경기 고양시,30,기획,31,남,13.0,11.0,36.0,7.0,33.0
2353,3413763,1666000,하나 Simple카드,84.0,서울 노원구,30,마케팅,32,남,34.0,9.0,31.0,24.0,2.0
2354,2171795,2044000,토스카드,43.0,서울 강동구,20,마케팅,20,남,5.0,0.0,14.0,43.0,38.0
2355,2881834,1060000,KB 혜담카드,63.0,인천 남동구,30,대학생,33,여,2.0,27.0,19.0,1.0,51.0
2356,2450368,662000,이마트 KB카드,84.0,울산 남구,20,마케팅,21,남,0.0,27.0,3.0,41.0,29.0
2357,2036700,860000,현대 ZERO카드,44.0,광주 서구,20,연구원,22,남,3.0,21.0,19.0,57.0,0.0
2358,2187640,646000,IBK 두드림카드,78.0,울산 남구,20,대학생,29,여,33.0,21.0,4.0,26.0,16.0
2359,2896243,1535000,하나 Simple카드,43.0,서울 강남구,30,개발자,38,남,11.0,14.0,5.0,42.0,28.0
2360,2752630,1595000,삼성 taptap카드,43.0,경기 성남시,30,서비스직,31,여,8.0,4.0,67.0,4.0,17.0
2361,2316488,1023000,SSG 랜더스카드,76.0,서울 관악구,30,영업,31,여,21.0,8.0,2.0,26.0,43.0
2362,2304795,852000,카카오뱅크 체크,46.0,광주 서구,30,공무원,36,여,26.0,10.0,31.0,20.0,13.0
2363,3234378,1431000,IBK 두드림카드,76.0,부산 해운대구,20,프리랜서,20,여,38.0,1.0,51.0,5.0,5.0
2364,2719867,1389000,하나 Simple카드,75.0,부산 해운대구,20,컨설턴트,21,남,6.0,35.0,17.0,19.0,23.0
2365,1869699,988000,이마트 KB카드,65.0,서울 노원구,20,회계,29,여,19.0,17.0,0.0,44.0,20.0
2366,2535470,1900000,KB 혜담카드,61.0,서울 노원구,20,공무원,24,남,9.0,11.0,52.0,15.0,13.0
2367,2309175,1058000,NH 농협카드,85.0,울산 남구,20,마케팅,20,남,0.0,26.0,20.0,4.0,50.0
2368,2695775,696000,SSG 랜더스카드,61.0,서울 동작구,30,프리랜서,30,여,33.0,43.0,2.0,1.0,21.0
2369,2318670,971000,KB 혜담카드,85.0,서울 성동구,20,연구원,24,남,30.0,16.0,13.0,13.0,28.0
2370,3094821,1355000,SSG 랜더스카드,68.0,서울 마포구,30,개발자,30,여,17.0,43.0,6.0,33.0,1.0
2371,2422810,1342000,우리 Young카드,44.0,세종,20,서비스직,29,여,27.0,17.0,3.0,24.0,29.0
2372,2218955,2018000,삼성 taptap카드,80.0,경기 성남시,20,대학생,29,여,6.0,32.0,17.0,0.0,45.0
2373,3021095,1841000,현대 ZERO카드,56.0,세종,30,회계,38,여,67.0,2.0,20.0,3.0,8.0
2374,3163299,1885000,네이버페이 현대,42.0,울산 남구,30,영업,35,남,4.0,8.0,59.0,6.0,23.0
2375,3085035,994000,SSG 랜더스카드,44.0,서울 성동구,30,공무원,36,남,12.0,3.0,22.0,10.0,53.0
2376,2657011,1181000,신한 Deep카드,44.0,서울 강남구,30,간호사,30,여,14.0,28.0,19.0,9.0,30.0
2377,2203195,1883000,롯데 DC카드,50.0,서울 용산구,20,프리랜서,28,남,3.0,42.0,28.0,24.0,3.0
2378,2504613,973000,롯데 DC카드,58.0,서울 서초구,30,개발자,32,여,47.0,3.0,10.0,29.0,11.0
2379,2206652,1106000,IBK 두드림카드,50.0,서울 용산구,30,디자이너,30,여,36.0,5.0,39.0,16.0,4.0
2380,1874416,1675000,우리 Young카드,65.0,대전 유성구,20,회계,24,여,33.0,11.0,10.0,30.0,16.0
2381,2301000,765000,네이버페이 현대,74.0,대전 유성구,30,영업,32,남,61.0,3.0,7.0,0.0,29.0
2382,1554008,1156000,씨티 Premier카드,82.0,서울 서초구,20,간호사,27,남,9.0,62.0,1.0,26.0,2.0
2383,2384197,1517000,현대 ZERO카드,46.0,서울 용산구,30,데이터분석가,32,남,17.0,32.0,20.0,27.0,4.0
2384,2162866,2249000,우리 Young카드,46.0,서울 노원구,20,공무원,25,남,39.0,1.0,38.0,13.0,9.0
2385,2301558,1559000,우리 Young카드,40.0,경기 수원시,20,대학생,27,여,23.0,2.0,24.0,42.0,9.0
2386,2114351,2249000,우리 Young카드,46.0,서울 노원구,20,공무원,25,남,39.0,1.0,38.0,13.0,9.0
2387,1351007,1771000,현대 ZERO카드,62.0,경기 수원시,30,영업,30,남,3.0,19.0,40.0,28.0,10.0
2388,3037293,1086000,네이버페이 현대,44.0,인천 남동구,20,디자이너,27,남,44.0,20.0,18.0,17.0,1.0
2389,2793240,1594000,SSG 랜더스카드,53.0,서울 송파구,20,연구원,28,여,25.0,0.0,17.0,0.0,58.0
2390,2472879,1440000,롯데 DC카드,54.0,서울 성동구,20,프리랜서,28,여,19.0,64.0,8.0,6.0,3.0
2391,3203745,1669000,카카오뱅크 체크,74.0,서울 성동구,20,대학생,20,남,54.0,12.0,4.0,4.0,26.0
2392,2315845,752000,이마트 KB카드,67.0,서울 관악구,30,서비스직,30,남,0.0,75.0,2.0,21.0,2.0
2393,3193812,834000,토스카드,75.0,서울 송파구,20,간호사,29,남,19.0,8.0,4.0,15.0,54.0
2394,1767392,750000,네이버페이 현대,56.0,서울 노원구,20,마케팅,23,남,16.0,30.0,14.0,21.0,19.0
2395,2369368,1421000,카카오뱅크 체크,44.0,서울 동작구,20,개발자,20,여,6.0,11.0,36.0,12.0,35.0
2396,1863081,1006000,IBK 두드림카드,47.0,광주 서구,30,디자이너,30,여,6.0,7.0,52.0,22.0,13.0
2397,2257347,2162000,우리 Young카드,55.0,인천 남동구,20,간호사,26,남,3.0,3.0,18.0,53.0,23.0
2398,3270316,1595000,카카오뱅크 체크,85.0,서울 동작구,30,영업,31,남,31.0,8.0,3.0,19.0,39.0
2399,2172654,1080000,하나 Simple카드,62.0,울산 남구,20,기획,20,여,7.0,48.0,1.0,29.0,15.0
2400,3499714,1706000,네이버페이 현대,62.0,서울 성동구,30,컨설턴트,30,남,0.0,57.0,23.0,3.0,17.0
2401,2549507,854000,KB 혜담카드,74.0,서울 용산구,30,대학생,33,여,39.0,1.0,20.0,0.0,40.0
2402,1988792,2312000,신한 Deep카드,45.0,서울 마포구,20,데이터분석가,27,남,45.0,3.0,15.0,27.0,10.0
2403,1966593,1391000,이마트 KB카드,76.0,서울 송파구,20,영업,26,남,13.0,14.0,1.0,42.0,30.0
2404,3567639,1623000,SSG 랜더스카드,51.0,세종,30,연구원,39,남,35.0,17.0,36.0,7.0,5.0
2405,2173128,1763000,삼성 taptap카드,78.0,서울 동작구,30,대학생,35,여,10.0,20.0,29.0,31.0,10.0
2406,2957701,1143000,SSG 랜더스카드,72.0,서울 송파구,30,생산직,35,여,23.0,14.0,21.0,39.0,3.0
2407,3855898,2112000,현대 ZERO카드,72.0,부산 해운대구,30,생산직,30,남,11.0,46.0,21.0,11.0,11.0
2408,1415643,1044000,신한 Deep카드,71.0,대전 유성구,20,간호사,20,남,46.0,4.0,27.0,5.0,18.0
2409,3793048,1446000,현대 ZERO카드,42.0,서울 강남구,30,영업,39,남,7.0,16.0,43.0,7.0,27.0
2410,3280211,1027000,KB 혜담카드,56.0,울산 남구,20,마케팅,25,남,4.0,52.0,2.0,20.0,22.0
2411,3176402,1255000,이마트 KB카드,52.0,대구 수성구,30,데이터분석가,31,남,46.0,7.0,14.0,27.0,6.0
2412,3419358,1305000,카카오뱅크 체크,55.0,서울 강남구,30,회계,34,남,27.0,20.0,11.0,32.0,10.0
2413,2768502,1252000,NH 농협카드,55.0,서울 서초구,20,디자이너,21,여,1.0,17.0,13.0,69.0,0.0
2414,2112258,1872000,현대 ZERO카드,68.0,서울 동작구,20,대학생,29,남,19.0,14.0,13.0,44.0,10.0
2415,3127596,1616000,우리 Young카드,82.0,서울 서초구,30,간호사,33,남,12.0,26.0,31.0,28.0,3.0
2416,1842900,913000,롯데 DC카드,43.0,광주 서구,30,공무원,36,여,33.0,8.0,12.0,9.0,38.0
2417,2319317,874000,씨티 Premier카드,56.0,서울 노원구,20,디자이너,28,남,0.0,44.0,9.0,20.0,27.0
2418,2499055,2114000,신한 Deep카드,77.0,경기 고양시,20,간호사,27,여,2.0,25.0,24.0,23.0,26.0
2419,2508081,1696000,IBK 두드림카드,56.0,서울 관악구,20,기획,27,남,8.0,7.0,2.0,50.0,33.0
2420,3032712,766000,이마트 KB카드,43.0,서울 노원구,30,대학생,33,여,11.0,3.0,31.0,32.0,23.0
2421,1862598,1589000,토스카드,61.0,인천 남동구,20,생산직,27,여,48.0,21.0,15.0,11.0,5.0
2422,2233696,1791000,KB 혜담카드,63.0,경기 수원시,30,마케팅,35,여,23.0,6.0,54.0,0.0,17.0
2423,3447753,1676000,토스카드,80.0,서울 강동구,30,공무원,35,여,8.0,3.0,39.0,26.0,24.0
2424,2894770,1124000,이마트 KB카드,75.0,서울 서초구,30,개발자,35,남,8.0,16.0,43.0,13.0,20.0
2425,2600016,938000,SSG 랜더스카드,74.0,경기 고양시,30,디자이너,31,여,4.0,36.0,9.0,6.0,45.0
2426,2953092,1072000,우리 Young카드,67.0,세종,30,디자이너,36,남,34.0,8.0,22.0,31.0,5.0
2427,1839159,789000,토스카드,64.0,서울 강동구,20,대학생,27,남,31.0,17.0,13.0,14.0,25.0
2428,3061764,1401000,IBK 두드림카드,56.0,서울 성동구,20,공무원,25,남,24.0,3.0,56.0,3.0,14.0
2429,1986149,1420000,KB 혜담카드,47.0,서울 노원구,20,영업,27,여,4.0,1.0,32.0,37.0,26.0
2430,2210900,891000,하나 Simple카드,78.0,부산 해운대구,30,데이터분석가,33,남,8.0,28.0,1.0,60.0,3.0
2431,2274629,1082000,NH 농협카드,73.0,세종,30,생산직,30,여,22.0,5.0,66.0,3.0,4.0
2432,1249146,1206000,NH 농협카드,80.0,서울 성동구,20,생산직,24,여,5.0,17.0,29.0,43.0,6.0
2433,2174356,2054000,신한 Deep카드,55.0,서울 노원구,30,영업,33,여,14.0,12.0,52.0,20.0,2.0
2434,1765935,1494000,NH 농협카드,59.0,서울 서초구,20,컨설턴트,20,여,10.0,8.0,71.0,1.0,10.0
2435,3432200,1169000,SSG 랜더스카드,63.0,서울 서초구,30,회계,31,남,4.0,9.0,0.0,62.0,25.0
2436,1913292,1163000,NH 농협카드,60.0,경기 성남시,20,데이터분석가,25,남,15.0,30.0,38.0,1.0,16.0
2437,2693901,1224000,토스카드,57.0,대전 유성구,20,간호사,27,남,11.0,4.0,58.0,19.0,8.0
2438,3978938,1419000,토스카드,85.0,서울 노원구,30,회계,30,남,37.0,25.0,1.0,36.0,1.0
2439,2640587,1191000,삼성 taptap카드,49.0,서울 용산구,20,공무원,22,남,43.0,9.0,11.0,30.0,7.0
2440,2142305,1597000,이마트 KB카드,65.0,서울 강남구,20,생산직,27,남,8.0,9.0,13.0,43.0,27.0
2441,2320557,780000,토스카드,72.0,광주 서구,20,서비스직,26,남,1.0,39.0,3.0,50.0,7.0
2442,1487507,959000,네이버페이 현대,65.0,서울 동작구,20,회계,24,여,55.0,21.0,18.0,1.0,5.0
2443,2433110,2121000,네이버페이 현대,82.0,서울 마포구,30,대학생,38,여,46.0,3.0,14.0,13.0,24.0
2444,2397693,1191000,IBK 두드림카드,59.0,광주 서구,30,영업,32,남,39.0,5.0,6.0,26.0,24.0
2445,2847163,745000,롯데 DC카드,82.0,서울 노원구,30,대학생,32,여,16.0,15.0,3.0,27.0,39.0
2446,4800926,1065000,이마트 KB카드,46.0,서울 용산구,30,생산직,33,남,28.0,31.0,31.0,2.0,8.0
2447,3349875,925000,SSG 랜더스카드,78.0,울산 남구,30,프리랜서,31,남,37.0,17.0,8.0,23.0,15.0
2448,1254429,2312000,신한 Deep카드,45.0,서울 마포구,20,데이터분석가,27,여,45.0,3.0,15.0,27.0,10.0
2449,2747138,1254000,신한 Deep카드,51.0,세종,30,디자이너,32,남,21.0,46.0,8.0,19.0,6.0
2450,3085743,891000,롯데 DC카드,49.0,서울 노원구,30,공무원,32,남,75.0,2.0,23.0,0.0,0.0
2451,2543678,1202000,KB 혜담카드,78.0,세종,30,데이터분석가,35,여,3.0,6.0,14.0,29.0,48.0
2452,2134593,1030000,신한 Deep카드,85.0,세종,30,개발자,33,여,70.0,1.0,15.0,3.0,11.0
2453,2372645,921000,삼성 taptap카드,53.0,경기 고양시,20,공무원,22,여,56.0,7.0,17.0,4.0,16.0
2454,1628749,931000,하나 Simple카드,70.0,대구 수성구,20,기획,26,여,13.0,16.0,57.0,10.0,4.0
2455,1777545,1285000,하나 Simple카드,58.0,서울 관악구,20,영업,28,여,8.0,35.0,7.0,42.0,8.0
2456,2572898,1717000,우리 Young카드,77.0,부산 해운대구,20,간호사,28,남,17.0,10.0,4.0,56.0,13.0
2457,1742168,1324000,하나 Simple카드,59.0,울산 남구,20,서비스직,29,남,20.0,19.0,28.0,7.0,26.0
2458,3376748,1593000,네이버페이 현대,68.0,광주 서구,30,공무원,34,남,63.0,25.0,5.0,7.0,0.0
2459,2041375,2180000,삼성 taptap카드,76.0,경기 성남시,30,기획,39,남,23.0,5.0,3.0,48.0,21.0
2460,3132412,1029000,삼성 taptap카드,73.0,서울 관악구,20,서비스직,24,여,12.0,15.0,19.0,32.0,22.0
2461,1862865,1733000,롯데 DC카드,47.0,서울 동작구,20,프리랜서,28,남,6.0,2.0,20.0,20.0,52.0
2462,2138166,1287000,IBK 두드림카드,43.0,서울 성동구,20,연구원,25,여,2.0,7.0,56.0,3.0,32.0
2463,2665306,976000,SSG 랜더스카드,46.0,서울 용산구,30,기획,33,여,65.0,5.0,5.0,1.0,24.0
2464,1967325,1019000,네이버페이 현대,67.0,세종,20,개발자,27,여,3.0,43.0,16.0,22.0,16.0
2465,2321702,561000,씨티 Premier카드,61.0,광주 서구,20,영업,23,여,25.0,22.0,11.0,26.0,16.0
2466,2787678,999000,NH 농협카드,47.0,경기 고양시,30,프리랜서,31,여,8.0,47.0,12.0,8.0,25.0
2467,2730306,1872000,현대 ZERO카드,68.0,서울 동작구,20,대학생,29,남,19.0,14.0,13.0,44.0,10.0
2468,2645748,2024000,씨티 Premier카드,78.0,경기 성남시,20,개발자,24,여,20.0,11.0,7.0,36.0,26.0
2469,2164094,1837000,삼성 taptap카드,62.0,경기 고양시,20,간호사,22,남,11.0,14.0,55.0,14.0,6.0
2470,2176684,646000,IBK 두드림카드,78.0,울산 남구,20,대학생,29,여,33.0,21.0,4.0,26.0,16.0
2471,3424554,2392000,롯데 DC카드,79.0,서울 마포구,20,영업,26,남,26.0,43.0,11.0,13.0,7.0
2472,2974944,1461000,삼성 taptap카드,49.0,서울 송파구,30,디자이너,32,여,6.0,23.0,19.0,11.0,41.0
2473,2039088,1176000,이마트 KB카드,61.0,서울 강동구,30,개발자,32,여,15.0,52.0,31.0,2.0,0.0
2474,3069991,1183000,네이버페이 현대,54.0,서울 송파구,30,디자이너,32,남,7.0,26.0,3.0,49.0,15.0
2475,2082428,1123000,토스카드,49.0,대구 수성구,20,컨설턴트,26,남,6.0,23.0,17.0,5.0,49.0
2476,2432332,1180000,토스카드,53.0,서울 관악구,30,영업,32,여,46.0,18.0,2.0,15.0,19.0
2477,2139353,858000,현대 ZERO카드,53.0,인천 남동구,30,기획,36,남,5.0,32.0,14.0,17.0,32.0
2478,2044038,1444000,카카오뱅크 체크,43.0,서울 서초구,20,회계,25,여,27.0,3.0,35.0,30.0,5.0
2479,3155777,1467000,SSG 랜더스카드,76.0,서울 용산구,20,간호사,24,여,7.0,48.0,30.0,13.0,2.0
2480,2539538,785000,NH 농협카드,45.0,세종,20,디자이너,23,남,7.0,4.0,30.0,33.0,26.0
2481,1004419,1736000,우리 Young카드,67.0,서울 마포구,20,마케팅,20,남,3.0,48.0,25.0,16.0,8.0
2482,2858361,1263000,이마트 KB카드,59.0,서울 성동구,20,개발자,25,남,14.0,52.0,14.0,11.0,9.0
2483,2794814,1133000,KB 혜담카드,46.0,서울 송파구,20,마케팅,24,여,27.0,27.0,14.0,27.0,5.0
2484,2748500,1090000,SSG 랜더스카드,62.0,서울 노원구,30,서비스직,32,남,5.0,6.0,22.0,31.0,36.0
2485,2608631,1367000,삼성 taptap카드,57.0,세종,20,프리랜서,28,여,52.0,24.0,13.0,4.0,7.0
2486,1820300,768000,토스카드,81.0,서울 성동구,20,기획,20,남,7.0,66.0,5.0,16.0,6.0
2487,2014872,1384000,카카오뱅크 체크,83.0,인천 남동구,20,마케팅,28,여,67.0,0.0,0.0,26.0,7.0
2488,3249273,968000,KB 혜담카드,85.0,세종,30,회계,36,여,4.0,0.0,3.0,32.0,61.0
2489,2364134,1265000,KB 혜담카드,84.0,대구 수성구,30,디자이너,30,여,15.0,3.0,16.0,64.0,2.0
2490,1691187,1286000,카카오뱅크 체크,55.0,서울 강동구,30,영업,30,남,20.0,24.0,16.0,34.0,6.0
2491,2468348,714000,삼성 taptap카드,55.0,대구 수성구,30,대학생,35,여,46.0,25.0,3.0,15.0,11.0
2492,2460705,1128000,롯데 DC카드,41.0,경기 수원시,30,간호사,32,여,25.0,1.0,30.0,7.0,37.0
2493,3099184,1230000,KB 혜담카드,66.0,서울 송파구,30,프리랜서,34,여,68.0,4.0,6.0,14.0,8.0
2494,2507168,1323000,네이버페이 현대,51.0,서울 관악구,30,디자이너,30,여,3.0,24.0,30.0,14.0,29.0
2495,2039208,1008000,토스카드,44.0,서울 관악구,20,데이터분석가,28,남,44.0,9.0,4.0,1.0,42.0
2496,2772528,1239000,현대 ZERO카드,43.0,광주 서구,20,디자이너,20,남,44.0,14.0,12.0,1.0,29.0
2497,2310395,1923000,씨티 Premier카드,56.0,울산 남구,20,회계,29,여,32.0,5.0,45.0,16.0,2.0
2498,2474984,752000,이마트 KB카드,67.0,서울 관악구,30,서비스직,30,남,0.0,75.0,2.0,21.0,2.0
2499,2827498,1396000,삼성 taptap카드,75.0,경기 고양시,20,생산직,26,여,9.0,21.0,14.0,38.0,18.0
2500,2596830,624000,네이버페이 현대,64.0,서울 동작구,30,프리랜서,35,여,32.0,16.0,21.0,14.0,17.0
2501,2251462,785000,NH 농협카드,45.0,세종,20,디자이너,23,남,7.0,4.0,30.0,33.0,26.0
2502,2588954,1339000,현대 ZERO카드,73.0,서울 서초구,30,기획,31,여,39.0,22.0,13.0,4.0,22.0
2503,2250532,1917000,하나 Simple카드,54.0,서울 성동구,30,영업,32,남,13.0,4.0,62.0,2.0,19.0
2504,2236173,1414000,롯데 DC카드,53.0,대전 유성구,30,데이터분석가,36,여,13.0,12.0,63.0,1.0,11.0
2505,2501791,870000,신한 Deep카드,42.0,서울 송파구,30,대학생,32,여,5.0,41.0,14.0,32.0,8.0
2506,2152668,1756000,NH 농협카드,41.0,대전 유성구,20,데이터분석가,25,여,18.0,6.0,3.0,12.0,61.0
2507,3890699,667000,카카오뱅크 체크,40.0,서울 동작구,30,디자이너,34,남,4.0,72.0,6.0,10.0,8.0
2508,3152184,1434000,롯데 DC카드,80.0,서울 강동구,30,마케팅,35,남,5.0,23.0,32.0,8.0,32.0
2509,2677451,1249000,KB 혜담카드,83.0,서울 강동구,20,디자이너,25,여,30.0,21.0,45.0,2.0,2.0
2510,2254697,1297000,카카오뱅크 체크,59.0,서울 동작구,20,대학생,28,여,21.0,16.0,18.0,34.0,11.0
2511,2778144,580000,카카오뱅크 체크,51.0,광주 서구,20,프리랜서,24,여,0.0,5.0,29.0,22.0,44.0
2512,2448763,1406000,우리 Young카드,41.0,인천 남동구,20,마케팅,24,남,19.0,5.0,8.0,23.0,45.0
2513,2256710,1190000,NH 농협카드,44.0,인천 남동구,20,프리랜서,21,남,9.0,32.0,6.0,1.0,52.0
2514,2990701,989000,토스카드,50.0,대구 수성구,30,컨설턴트,34,남,28.0,2.0,16.0,36.0,18.0
2515,1772780,1212000,카카오뱅크 체크,46.0,서울 용산구,20,연구원,26,여,34.0,13.0,0.0,27.0,26.0
2516,3354841,761000,토스카드,76.0,서울 관악구,30,회계,33,남,7.0,68.0,14.0,9.0,2.0
2517,2229897,953000,IBK 두드림카드,52.0,대구 수성구,20,기획,24,남,27.0,60.0,11.0,1.0,1.0
2518,1999004,1477000,SSG 랜더스카드,49.0,서울 서초구,20,컨설턴트,22,여,4.0,19.0,29.0,1.0,47.0
2519,2803230,940000,씨티 Premier카드,79.0,경기 고양시,20,영업,29,남,8.0,43.0,35.0,8.0,6.0
2520,1874891,883000,현대 ZERO카드,84.0,부산 해운대구,30,연구원,36,여,1.0,0.0,42.0,8.0,49.0
2521,2038752,809000,이마트 KB카드,65.0,서울 서초구,20,데이터분석가,23,여,5.0,14.0,6.0,22.0,53.0
2522,2763859,1926000,신한 Deep카드,80.0,서울 성동구,20,컨설턴트,22,여,6.0,23.0,23.0,34.0,14.0
2523,2407761,997000,씨티 Premier카드,64.0,서울 관악구,20,컨설턴트,26,남,43.0,8.0,31.0,1.0,17.0
2524,2226070,2196000,우리 Young카드,56.0,서울 송파구,20,마케팅,22,남,24.0,10.0,36.0,15.0,15.0
2525,2625501,1148000,네이버페이 현대,70.0,서울 용산구,30,컨설턴트,34,여,17.0,30.0,13.0,15.0,25.0
2526,2339707,754000,삼성 taptap카드,78.0,서울 노원구,20,연구원,23,여,15.0,40.0,35.0,6.0,4.0
2527,1741668,1867000,신한 Deep카드,73.0,서울 마포구,30,대학생,30,여,49.0,6.0,4.0,19.0,22.0
2528,2075369,1065000,NH 농협카드,47.0,서울 용산구,20,개발자,29,남,48.0,14.0,3.0,6.0,29.0
2529,3308260,1697000,토스카드,73.0,경기 고양시,30,서비스직,33,여,17.0,43.0,4.0,27.0,9.0
2530,2170337,1569000,하나 Simple카드,59.0,인천 남동구,30,회계,33,여,27.0,3.0,8.0,13.0,49.0
2531,2090849,1435000,현대 ZERO카드,76.0,세종,20,디자이너,24,여,4.0,21.0,0.0,50.0,25.0
2532,1979189,1775000,IBK 두드림카드,60.0,서울 강남구,20,서비스직,28,여,11.0,56.0,22.0,2.0,9.0
2533,2206492,1024000,현대 ZERO카드,42.0,경기 성남시,20,생산직,29,여,15.0,2.0,20.0,28.0,35.0
2534,2208438,1428000,네이버페이 현대,46.0,서울 용산구,30,생산직,38,여,2.0,35.0,14.0,39.0,10.0
2535,2493370,1099000,KB 혜담카드,77.0,경기 수원시,20,회계,24,남,4.0,5.0,31.0,7.0,53.0
2536,3138119,1897000,IBK 두드림카드,40.0,서울 강동구,30,개발자,32,남,29.0,6.0,2.0,29.0,34.0
2537,2636773,972000,우리 Young카드,65.0,서울 동작구,20,데이터분석가,24,남,27.0,1.0,49.0,22.0,1.0
2538,1724529,1142000,토스카드,57.0,서울 마포구,20,마케팅,26,남,3.0,12.0,2.0,24.0,59.0
2539,2761761,1272000,이마트 KB카드,43.0,서울 관악구,30,대학생,35,남,29.0,26.0,19.0,4.0,22.0
2540,2841994,1129000,신한 Deep카드,51.0,대구 수성구,30,데이터분석가,39,남,5.0,4.0,63.0,3.0,25.0
2541,3318952,1157000,카카오뱅크 체크,84.0,서울 동작구,30,데이터분석가,30,남,30.0,3.0,10.0,20.0,37.0
2542,2444745,1469000,네이버페이 현대,63.0,광주 서구,30,연구원,39,남,10.0,57.0,22.0,8.0,3.0
2543,2707826,1341000,롯데 DC카드,71.0,대전 유성구,20,개발자,28,여,13.0,6.0,0.0,13.0,68.0
2544,2843207,1715000,카카오뱅크 체크,67.0,울산 남구,20,서비스직,22,여,2.0,3.0,39.0,34.0,22.0
2545,2307789,1152000,우리 Young카드,53.0,서울 강남구,30,공무원,35,남,51.0,1.0,10.0,18.0,20.0
2546,2254563,1224000,KB 혜담카드,81.0,서울 송파구,30,공무원,35,여,21.0,10.0,14.0,26.0,29.0
2547,1984034,801000,씨티 Premier카드,68.0,부산 해운대구,20,생산직,21,여,20.0,12.0,14.0,19.0,35.0
2548,3566193,962000,신한 Deep카드,74.0,경기 수원시,20,프리랜서,22,남,47.0,3.0,3.0,6.0,41.0
2549,2035049,1549000,삼성 taptap카드,42.0,서울 용산구,20,연구원,27,남,18.0,8.0,39.0,2.0,33.0
2550,3088812,1559000,우리 Young카드,40.0,경기 수원시,20,대학생,27,여,23.0,2.0,24.0,42.0,9.0
2551,1616684,791000,씨티 Premier카드,53.0,서울 용산구,20,대학생,27,여,35.0,1.0,0.0,51.0,13.0
2552,1755174,1915000,토스카드,67.0,서울 송파구,20,간호사,28,여,2.0,52.0,3.0,10.0,33.0
2553,1906697,727000,하나 Simple카드,57.0,서울 마포구,20,연구원,24,남,17.0,42.0,13.0,28.0,0.0
2554,2408017,769000,롯데 DC카드,83.0,울산 남구,30,기획,37,남,2.0,16.0,40.0,41.0,1.0
2555,2116050,1046000,네이버페이 현대,45.0,서울 노원구,20,대학생,28,남,30.0,37.0,22.0,5.0,6.0
2556,2503855,1038000,삼성 taptap카드,82.0,서울 강남구,30,공무원,35,남,6.0,33.0,34.0,16.0,11.0
2557,2426460,2020000,IBK 두드림카드,83.0,서울 노원구,30,간호사,32,남,45.0,1.0,47.0,2.0,5.0
2558,2829235,1416000,토스카드,64.0,부산 해운대구,20,연구원,25,남,10.0,7.0,19.0,43.0,21.0
2559,2861896,1179000,우리 Young카드,66.0,서울 송파구,20,마케팅,26,여,23.0,33.0,24.0,17.0,3.0
2560,2724648,897000,씨티 Premier카드,42.0,서울 서초구,20,디자이너,26,여,25.0,9.0,8.0,24.0,34.0
2561,2511999,810000,씨티 Premier카드,83.0,서울 성동구,20,대학생,29,남,4.0,50.0,20.0,1.0,25.0
2562,2546371,944000,SSG 랜더스카드,66.0,서울 동작구,30,개발자,32,여,14.0,41.0,15.0,3.0,27.0
2563,2652078,1022000,KB 혜담카드,46.0,서울 마포구,30,공무원,33,남,24.0,50.0,10.0,15.0,1.0
2564,1773421,1343000,롯데 DC카드,71.0,경기 고양시,20,마케팅,22,남,2.0,35.0,58.0,3.0,2.0
2565,2431497,1473000,롯데 DC카드,62.0,서울 강남구,20,데이터분석가,24,남,15.0,2.0,24.0,45.0,14.0
2566,1913184,541000,KB 혜담카드,83.0,서울 송파구,30,영업,38,여,15.0,30.0,17.0,4.0,34.0
2567,2003039,668000,삼성 taptap카드,58.0,서울 노원구,30,마케팅,30,여,19.0,32.0,12.0,14.0,23.0
2568,3076456,726000,우리 Young카드,66.0,인천 남동구,30,공무원,31,여,22.0,32.0,13.0,11.0,22.0
2569,3200324,2228000,이마트 KB카드,67.0,서울 용산구,20,공무원,27,남,58.0,0.0,4.0,32.0,6.0
2570,2446647,880000,토스카드,67.0,서울 동작구,20,디자이너,28,여,30.0,24.0,11.0,22.0,13.0
2571,3774520,726000,우리 Young카드,66.0,인천 남동구,30,공무원,31,남,22.0,32.0,13.0,11.0,22.0
2572,2377075,1605000,KB 혜담카드,76.0,대전 유성구,30,공무원,39,여,69.0,0.0,1.0,28.0,2.0
2573,1581162,682000,롯데 DC카드,82.0,서울 동작구,20,데이터분석가,27,여,23.0,5.0,16.0,14.0,42.0
2574,3428520,1054000,현대 ZERO카드,74.0,경기 수원시,30,대학생,38,남,57.0,9.0,5.0,28.0,1.0
2575,2534644,1175000,롯데 DC카드,71.0,서울 용산구,20,기획,29,여,48.0,4.0,31.0,10.0,7.0
2576,2535834,2029000,네이버페이 현대,62.0,서울 성동구,30,기획,31,여,70.0,2.0,5.0,16.0,7.0
2577,2128812,1126000,카카오뱅크 체크,62.0,서울 노원구,20,기획,25,남,16.0,43.0,17.0,13.0,11.0
2578,2731105,1660000,이마트 KB카드,43.0,경기 수원시,20,간호사,28,여,31.0,20.0,39.0,0.0,10.0
2579,1757133,716000,우리 Young카드,47.0,서울 관악구,20,마케팅,20,남,30.0,20.0,4.0,7.0,39.0
2580,2113109,1732000,토스카드,54.0,경기 고양시,30,영업,34,여,3.0,60.0,1.0,15.0,21.0
2581,1745946,1326000,현대 ZERO카드,55.0,광주 서구,20,영업,20,여,30.0,4.0,25.0,13.0,28.0
2582,2292486,863000,신한 Deep카드,76.0,울산 남구,20,대학생,28,여,68.0,2.0,26.0,4.0,0.0
2583,1706053,834000,토스카드,75.0,서울 송파구,20,간호사,29,여,19.0,8.0,4.0,15.0,54.0
2584,2157878,2078000,현대 ZERO카드,51.0,서울 마포구,30,대학생,39,여,45.0,9.0,10.0,23.0,13.0
2585,1897122,725000,네이버페이 현대,43.0,서울 강동구,20,회계,28,남,19.0,33.0,44.0,1.0,3.0
2586,2369695,1177000,하나 Simple카드,73.0,광주 서구,30,데이터분석가,36,여,7.0,21.0,3.0,27.0,42.0
2587,1958837,1027000,NH 농협카드,67.0,세종,30,간호사,34,남,31.0,5.0,12.0,13.0,39.0
2588,3061043,1287000,KB 혜담카드,48.0,서울 관악구,30,회계,37,남,3.0,9.0,22.0,42.0,24.0
2589,2873651,1084000,토스카드,70.0,서울 성동구,20,데이터분석가,24,남,43.0,4.0,27.0,14.0,12.0
2590,3094843,1744000,삼성 taptap카드,75.0,인천 남동구,30,디자이너,30,남,20.0,1.0,40.0,7.0,32.0
2591,3020660,984000,이마트 KB카드,73.0,서울 노원구,20,마케팅,20,여,38.0,0.0,21.0,38.0,3.0
2592,2916999,1627000,현대 ZERO카드,72.0,서울 강남구,20,공무원,25,남,37.0,1.0,29.0,4.0,29.0
2593,2888867,752000,우리 Young카드,84.0,서울 용산구,30,서비스직,32,여,5.0,3.0,17.0,6.0,69.0
2594,2287342,888000,KB 혜담카드,68.0,서울 노원구,20,대학생,29,남,11.0,70.0,6.0,9.0,4.0
2595,2261250,1199000,삼성 taptap카드,63.0,서울 성동구,20,컨설턴트,21,남,9.0,5.0,0.0,55.0,31.0
2596,2631899,1159000,롯데 DC카드,75.0,서울 서초구,20,생산직,27,여,1.0,47.0,11.0,38.0,3.0
2597,2054164,1292000,롯데 DC카드,44.0,광주 서구,20,간호사,28,남,11.0,11.0,28.0,16.0,34.0
2598,1682235,1082000,하나 Simple카드,85.0,경기 성남시,30,개발자,34,남,20.0,8.0,8.0,0.0,64.0
2599,2746002,819000,롯데 DC카드,77.0,인천 남동구,30,컨설턴트,31,여,30.0,5.0,32.0,22.0,11.0
2600,2208251,1967000,토스카드,78.0,광주 서구,30,대학생,33,남,15.0,21.0,3.0,1.0,60.0
2601,2018929,853000,카카오뱅크 체크,60.0,세종,30,데이터분석가,32,여,11.0,5.0,19.0,15.0,50.0
2602,2250111,1920000,우리 Young카드,58.0,서울 강동구,20,컨설턴트,29,남,18.0,4.0,69.0,4.0,5.0
2603,2933412,1122000,하나 Simple카드,58.0,인천 남동구,30,생산직,31,남,17.0,0.0,41.0,10.0,32.0
2604,1793962,1028000,삼성 taptap카드,79.0,부산 해운대구,30,컨설턴트,35,여,14.0,24.0,29.0,9.0,24.0
2605,3115844,1721000,카카오뱅크 체크,46.0,서울 용산구,30,회계,32,남,32.0,38.0,2.0,25.0,3.0
2606,3676297,1359000,토스카드,40.0,경기 성남시,30,서비스직,32,남,3.0,5.0,29.0,35.0,28.0
2607,2210160,1353000,KB 혜담카드,73.0,서울 관악구,30,공무원,33,남,31.0,6.0,10.0,9.0,44.0
2608,3890738,1515000,현대 ZERO카드,56.0,대전 유성구,30,간호사,36,남,14.0,51.0,21.0,2.0,12.0
2609,1719914,1056000,롯데 DC카드,83.0,인천 남동구,30,연구원,32,여,42.0,15.0,0.0,30.0,13.0
2610,3308662,960000,신한 Deep카드,47.0,광주 서구,20,기획,29,남,0.0,3.0,38.0,37.0,22.0
2611,2044369,863000,하나 Simple카드,81.0,경기 고양시,20,간호사,26,여,6.0,7.0,1.0,46.0,40.0
2612,2572808,845000,신한 Deep카드,40.0,서울 강남구,30,간호사,39,여,7.0,30.0,15.0,36.0,12.0
2613,1303983,1357000,씨티 Premier카드,75.0,서울 강동구,20,프리랜서,29,남,14.0,5.0,19.0,7.0,55.0
2614,2468931,1795000,네이버페이 현대,75.0,서울 강남구,30,연구원,39,여,3.0,28.0,31.0,33.0,5.0
2615,2364241,1527000,씨티 Premier카드,43.0,서울 용산구,20,컨설턴트,26,남,12.0,19.0,34.0,12.0,23.0
2616,2456918,1146000,네이버페이 현대,67.0,부산 해운대구,30,연구원,34,여,2.0,17.0,19.0,22.0,40.0
2617,1968459,1526000,IBK 두드림카드,64.0,서울 서초구,20,컨설턴트,28,남,3.0,36.0,6.0,25.0,30.0
2618,2026717,1409000,하나 Simple카드,53.0,서울 관악구,30,디자이너,31,여,7.0,18.0,9.0,6.0,60.0
2619,3791368,1143000,씨티 Premier카드,69.0,서울 동작구,30,디자이너,38,남,9.0,45.0,13.0,17.0,16.0
2620,2265403,672000,SSG 랜더스카드,62.0,서울 동작구,20,기획,29,남,1.0,22.0,7.0,38.0,32.0
2621,3020376,1449000,SSG 랜더스카드,59.0,세종,20,공무원,27,여,28.0,6.0,17.0,23.0,26.0
2622,1986758,873000,신한 Deep카드,74.0,서울 마포구,20,데이터분석가,27,여,9.0,26.0,12.0,27.0,26.0
2623,2695643,960000,SSG 랜더스카드,84.0,울산 남구,30,개발자,33,남,15.0,29.0,1.0,28.0,27.0
2624,3570915,1490000,KB 혜담카드,71.0,서울 용산구,30,개발자,31,남,4.0,10.0,33.0,13.0,40.0
2625,1688512,2632000,롯데 DC카드,81.0,인천 남동구,30,서비스직,37,여,1.0,79.0,13.0,4.0,3.0
2626,1893268,942000,KB 혜담카드,60.0,경기 고양시,30,서비스직,34,여,25.0,10.0,10.0,31.0,24.0
2627,3048742,1121000,우리 Young카드,72.0,경기 고양시,30,공무원,36,여,19.0,24.0,11.0,18.0,28.0
2628,1914033,1456000,하나 Simple카드,59.0,부산 해운대구,30,회계,30,여,59.0,11.0,18.0,1.0,11.0
2629,1590474,1624000,KB 혜담카드,53.0,대전 유성구,30,영업,36,여,25.0,36.0,16.0,4.0,19.0
2630,3184263,1695000,IBK 두드림카드,62.0,서울 관악구,20,생산직,28,여,32.0,17.0,46.0,4.0,1.0
2631,2024327,993000,SSG 랜더스카드,53.0,인천 남동구,30,공무원,31,남,12.0,38.0,37.0,6.0,7.0
2632,2342059,914000,IBK 두드림카드,57.0,서울 송파구,20,컨설턴트,28,남,3.0,5.0,51.0,22.0,19.0
2633,2534542,1790000,신한 Deep카드,45.0,경기 수원시,30,서비스직,33,여,42.0,42.0,3.0,10.0,3.0
2634,1094685,2492000,NH 농협카드,76.0,대구 수성구,30,서비스직,30,여,18.0,22.0,46.0,13.0,1.0
2635,2116341,793000,KB 혜담카드,47.0,서울 마포구,20,영업,25,남,5.0,61.0,11.0,15.0,8.0
2636,2474206,762000,NH 농협카드,79.0,서울 강동구,20,데이터분석가,28,남,18.0,6.0,35.0,25.0,16.0
2637,2427154,803000,신한 Deep카드,81.0,대전 유성구,20,개발자,24,여,17.0,3.0,79.0,0.0,1.0
2638,2951760,669000,NH 농협카드,77.0,서울 강동구,30,회계,34,여,2.0,44.0,10.0,14.0,30.0
2639,2728756,1474000,NH 농협카드,48.0,서울 강동구,30,영업,30,남,39.0,20.0,16.0,3.0,22.0
2640,3498753,1536000,이마트 KB카드,44.0,인천 남동구,30,간호사,32,남,10.0,22.0,37.0,25.0,6.0
2641,2517469,1751000,카카오뱅크 체크,80.0,울산 남구,30,개발자,31,남,15.0,5.0,5.0,23.0,52.0
2642,2012672,2324000,우리 Young카드,76.0,서울 서초구,30,회계,34,남,6.0,1.0,33.0,41.0,19.0
2643,2091590,936000,삼성 taptap카드,48.0,경기 수원시,30,디자이너,32,남,6.0,17.0,50.0,21.0,6.0
2644,1976522,1471000,네이버페이 현대,66.0,경기 성남시,30,대학생,32,남,45.0,5.0,3.0,28.0,19.0
2645,2754792,1815000,우리 Young카드,58.0,서울 관악구,20,간호사,20,여,29.0,17.0,23.0,12.0,19.0
2646,1939798,1935000,하나 Simple카드,42.0,경기 고양시,30,개발자,31,남,37.0,28.0,1.0,20.0,14.0
2647,2637019,1932000,카카오뱅크 체크,66.0,서울 서초구,30,간호사,34,여,37.0,18.0,12.0,21.0,12.0
2648,2367037,1099000,카카오뱅크 체크,85.0,경기 고양시,30,생산직,31,여,1.0,67.0,29.0,2.0,1.0
2649,2928145,1323000,롯데 DC카드,40.0,경기 수원시,30,생산직,33,남,57.0,3.0,14.0,24.0,2.0
2650,3181803,1120000,삼성 taptap카드,79.0,서울 마포구,30,간호사,30,여,10.0,19.0,7.0,51.0,13.0
2651,2030786,2104000,SSG 랜더스카드,67.0,서울 관악구,20,생산직,20,남,9.0,23.0,3.0,32.0,33.0
2652,2805800,885000,토스카드,47.0,세종,30,대학생,30,여,23.0,40.0,14.0,16.0,7.0
2653,3026294,2387000,롯데 DC카드,78.0,광주 서구,30,대학생,31,남,75.0,10.0,1.0,8.0,6.0
2654,2173990,1220000,IBK 두드림카드,71.0,대전 유성구,20,프리랜서,28,여,19.0,2.0,21.0,8.0,50.0
2655,3399984,1323000,삼성 taptap카드,72.0,서울 마포구,20,프리랜서,28,여,4.0,17.0,17.0,23.0,39.0
2656,1991060,2627000,이마트 KB카드,43.0,서울 서초구,30,컨설턴트,37,남,23.0,26.0,22.0,20.0,9.0
2657,2894565,872000,네이버페이 현대,59.0,경기 고양시,20,연구원,26,남,3.0,31.0,40.0,6.0,20.0
2658,2578203,1360000,토스카드,54.0,세종,20,대학생,25,여,5.0,10.0,9.0,36.0,40.0
2659,2260237,904000,IBK 두드림카드,61.0,서울 송파구,30,공무원,34,여,15.0,37.0,20.0,15.0,13.0
2660,3064659,1381000,카카오뱅크 체크,71.0,인천 남동구,20,생산직,20,남,14.0,35.0,12.0,13.0,26.0
2661,1575944,1553000,SSG 랜더스카드,53.0,서울 노원구,30,간호사,38,여,29.0,18.0,25.0,16.0,12.0
2662,1989116,1473000,카카오뱅크 체크,70.0,서울 성동구,20,기획,22,남,6.0,44.0,32.0,16.0,2.0
2663,1645758,1262000,롯데 DC카드,73.0,광주 서구,20,연구원,25,여,43.0,28.0,6.0,5.0,18.0
2664,2456041,1163000,하나 Simple카드,61.0,서울 강동구,20,마케팅,25,남,6.0,18.0,18.0,26.0,32.0
2665,1693467,1230000,우리 Young카드,66.0,서울 송파구,20,개발자,23,여,0.0,18.0,60.0,3.0,19.0
2666,3303144,890000,토스카드,61.0,서울 용산구,30,회계,33,남,3.0,27.0,7.0,36.0,27.0
2667,2156781,977000,IBK 두드림카드,58.0,서울 강남구,20,생산직,25,남,9.0,16.0,38.0,34.0,3.0
2668,2010323,1401000,IBK 두드림카드,56.0,서울 성동구,20,공무원,25,남,24.0,3.0,56.0,3.0,14.0
2669,3272053,2008000,IBK 두드림카드,46.0,경기 성남시,30,개발자,30,남,5.0,0.0,7.0,79.0,9.0
2670,2365689,1471000,하나 Simple카드,62.0,서울 서초구,30,대학생,35,여,2.0,18.0,19.0,3.0,58.0
2671,2237955,925000,하나 Simple카드,50.0,서울 성동구,30,회계,39,남,6.0,15.0,3.0,28.0,48.0
2672,3650686,921000,카카오뱅크 체크,83.0,서울 송파구,20,공무원,22,여,67.0,14.0,13.0,4.0,2.0
2673,2006416,1277000,KB 혜담카드,45.0,서울 용산구,20,데이터분석가,26,남,6.0,19.0,35.0,35.0,5.0
2674,1447673,1417000,네이버페이 현대,45.0,서울 성동구,30,마케팅,38,남,0.0,42.0,34.0,12.0,12.0
2675,2410530,1068000,이마트 KB카드,57.0,경기 수원시,30,대학생,33,남,17.0,29.0,35.0,9.0,10.0
2676,2112906,1012000,삼성 taptap카드,54.0,서울 송파구,30,공무원,30,남,29.0,33.0,19.0,12.0,7.0
2677,3578301,839000,토스카드,67.0,서울 강남구,30,컨설턴트,33,남,4.0,32.0,6.0,37.0,21.0
2678,2410826,768000,토스카드,44.0,서울 동작구,20,마케팅,22,남,48.0,7.0,0.0,2.0,43.0
2679,3279098,1238000,우리 Young카드,77.0,서울 용산구,30,기획,34,남,3.0,1.0,26.0,53.0,17.0
2680,2740984,1226000,네이버페이 현대,53.0,광주 서구,30,개발자,33,남,2.0,53.0,15.0,9.0,21.0
2681,2110324,861000,현대 ZERO카드,46.0,광주 서구,20,대학생,25,여,22.0,2.0,18.0,41.0,17.0
2682,2064534,1127000,토스카드,48.0,울산 남구,20,서비스직,20,여,8.0,29.0,5.0,39.0,19.0
2683,2943164,1212000,하나 Simple카드,59.0,대전 유성구,30,연구원,37,남,14.0,35.0,13.0,22.0,16.0
2684,2667666,1981000,신한 Deep카드,53.0,서울 관악구,20,연구원,21,남,8.0,10.0,24.0,23.0,35.0
2685,2418037,1872000,현대 ZERO카드,68.0,서울 동작구,20,대학생,29,여,19.0,14.0,13.0,44.0,10.0
2686,2750056,1494000,하나 Simple카드,85.0,인천 남동구,30,개발자,32,여,11.0,38.0,4.0,22.0,25.0
2687,2499779,1302000,신한 Deep카드,55.0,서울 서초구,20,기획,20,여,2.0,19.0,3.0,32.0,44.0
2688,2692221,722000,NH 농협카드,80.0,인천 남동구,20,데이터분석가,25,남,14.0,4.0,27.0,21.0,34.0
2689,2394075,2249000,우리 Young카드,46.0,서울 노원구,20,공무원,25,여,39.0,1.0,38.0,13.0,9.0
2690,2679424,1665000,하나 Simple카드,43.0,광주 서구,30,데이터분석가,33,여,4.0,8.0,15.0,65.0,8.0
2691,3094403,1028000,네이버페이 현대,71.0,서울 동작구,30,연구원,39,여,7.0,3.0,18.0,62.0,10.0
2692,2167477,545000,이마트 KB카드,48.0,인천 남동구,30,개발자,33,여,53.0,3.0,23.0,4.0,17.0
2693,1822128,1920000,우리 Young카드,58.0,서울 강동구,20,컨설턴트,29,남,18.0,4.0,69.0,4.0,5.0
2694,2169854,1245000,네이버페이 현대,69.0,경기 고양시,30,서비스직,30,남,2.0,30.0,26.0,16.0,26.0
2695,2591457,766000,네이버페이 현대,82.0,서울 동작구,30,컨설턴트,30,여,16.0,1.0,56.0,0.0,27.0
2696,1573133,1497000,SSG 랜더스카드,75.0,경기 수원시,30,간호사,30,여,18.0,3.0,19.0,60.0,0.0
2697,2481077,758000,카카오뱅크 체크,75.0,서울 동작구,20,컨설턴트,27,남,47.0,28.0,7.0,15.0,3.0
2698,2195403,988000,우리 Young카드,78.0,서울 송파구,20,회계,26,남,3.0,70.0,5.0,10.0,12.0
2699,3794247,1078000,우리 Young카드,68.0,서울 용산구,30,연구원,37,남,22.0,11.0,63.0,3.0,1.0
2700,1914041,1943000,신한 Deep카드,58.0,대구 수성구,20,영업,25,남,1.0,7.0,3.0,27.0,62.0
2701,2398340,1082000,하나 Simple카드,85.0,경기 성남시,30,개발자,34,여,20.0,8.0,8.0,0.0,64.0
2702,3061101,1176000,삼성 taptap카드,64.0,세종,30,프리랜서,30,여,26.0,20.0,16.0,24.0,14.0
2703,2941567,793000,토스카드,42.0,서울 성동구,20,연구원,23,남,14.0,1.0,40.0,4.0,41.0
2704,2523893,1497000,삼성 taptap카드,59.0,인천 남동구,30,간호사,33,남,19.0,5.0,6.0,40.0,30.0
2705,3127246,994000,현대 ZERO카드,79.0,대전 유성구,30,디자이너,39,남,27.0,26.0,31.0,5.0,11.0
2706,3206093,1697000,토스카드,73.0,경기 고양시,30,서비스직,33,남,17.0,43.0,4.0,27.0,9.0
2707,2686826,2061000,IBK 두드림카드,61.0,서울 노원구,30,컨설턴트,33,여,9.0,18.0,31.0,35.0,7.0
2708,2118712,1093000,토스카드,61.0,서울 서초구,20,대학생,23,여,41.0,10.0,1.0,37.0,11.0
2709,3140691,1892000,하나 Simple카드,59.0,서울 관악구,30,공무원,31,여,46.0,8.0,6.0,37.0,3.0
2710,1305148,1155000,이마트 KB카드,45.0,대구 수성구,20,간호사,29,남,62.0,6.0,4.0,2.0,26.0
2711,2289434,1839000,삼성 taptap카드,80.0,세종,30,서비스직,32,여,20.0,31.0,3.0,2.0,44.0
2712,2473965,1083000,NH 농협카드,55.0,서울 서초구,20,데이터분석가,26,여,48.0,30.0,1.0,12.0,9.0
2713,2728612,1353000,IBK 두드림카드,71.0,서울 용산구,30,데이터분석가,36,여,3.0,14.0,28.0,1.0,54.0
2714,2926379,1052000,현대 ZERO카드,45.0,경기 고양시,20,회계,24,남,33.0,10.0,29.0,0.0,28.0
2715,2849112,1126000,KB 혜담카드,80.0,울산 남구,20,프리랜서,23,남,6.0,7.0,23.0,56.0,8.0
2716,2800120,963000,IBK 두드림카드,76.0,서울 서초구,30,공무원,30,남,2.0,40.0,15.0,5.0,38.0
2717,2899935,1315000,IBK 두드림카드,81.0,경기 고양시,20,공무원,28,남,41.0,4.0,6.0,38.0,11.0
2718,1892979,1393000,우리 Young카드,49.0,서울 노원구,20,컨설턴트,28,남,9.0,8.0,17.0,44.0,22.0
2719,2715443,1927000,씨티 Premier카드,81.0,대구 수성구,20,회계,27,남,12.0,11.0,73.0,1.0,3.0
2720,4267365,1822000,씨티 Premier카드,62.0,인천 남동구,30,연구원,35,남,38.0,5.0,4.0,17.0,36.0
2721,3107472,2155000,삼성 taptap카드,62.0,서울 성동구,30,영업,32,여,2.0,13.0,50.0,13.0,22.0
2722,2302885,1077000,토스카드,73.0,부산 해운대구,20,연구원,25,남,9.0,41.0,23.0,25.0,2.0
2723,2084110,1439000,IBK 두드림카드,42.0,서울 강동구,20,회계,25,남,11.0,15.0,12.0,5.0,57.0
2724,1735704,1677000,삼성 taptap카드,69.0,서울 동작구,30,연구원,33,여,21.0,22.0,12.0,1.0,44.0
2725,2655269,2214000,KB 혜담카드,42.0,경기 수원시,30,디자이너,30,여,4.0,50.0,6.0,8.0,32.0
2726,1942391,2588000,토스카드,64.0,서울 마포구,30,간호사,37,여,73.0,7.0,7.0,11.0,2.0
2727,2103432,1019000,현대 ZERO카드,81.0,대구 수성구,30,연구원,35,여,10.0,16.0,48.0,23.0,3.0
2728,1904627,1073000,신한 Deep카드,82.0,울산 남구,30,영업,39,여,33.0,40.0,8.0,13.0,6.0
2729,2019803,860000,IBK 두드림카드,68.0,경기 고양시,20,서비스직,25,여,42.0,10.0,12.0,2.0,34.0
2730,2236015,694000,네이버페이 현대,52.0,서울 강남구,20,데이터분석가,25,남,6.0,3.0,18.0,31.0,42.0
2731,3191530,1819000,현대 ZERO카드,77.0,서울 노원구,30,개발자,34,남,9.0,15.0,18.0,50.0,8.0
2732,1949746,2067000,KB 혜담카드,70.0,경기 성남시,20,생산직,25,남,30.0,23.0,35.0,12.0,0.0
2733,3748498,2267000,IBK 두드림카드,47.0,서울 강동구,30,서비스직,36,남,34.0,12.0,5.0,38.0,11.0
2734,2145897,1353000,네이버페이 현대,46.0,경기 고양시,20,디자이너,27,남,16.0,55.0,17.0,3.0,9.0
2735,2106138,1294000,신한 Deep카드,50.0,서울 동작구,30,생산직,30,여,11.0,6.0,8.0,23.0,52.0
2736,2363146,914000,하나 Simple카드,81.0,서울 관악구,20,영업,22,여,11.0,29.0,27.0,3.0,30.0
2737,3481776,1709000,신한 Deep카드,66.0,인천 남동구,30,프리랜서,31,여,19.0,31.0,4.0,34.0,12.0
2738,3234612,1677000,씨티 Premier카드,58.0,경기 성남시,30,서비스직,36,남,52.0,8.0,15.0,17.0,8.0
2739,2068572,1136000,네이버페이 현대,64.0,서울 성동구,20,기획,29,여,8.0,59.0,22.0,7.0,4.0
2740,1736269,1113000,토스카드,47.0,대전 유성구,30,기획,30,여,18.0,66.0,7.0,1.0,8.0
2741,2140293,838000,토스카드,40.0,서울 관악구,20,간호사,24,남,17.0,34.0,8.0,6.0,35.0
2742,2367464,558000,하나 Simple카드,65.0,서울 용산구,20,데이터분석가,24,여,8.0,1.0,1.0,45.0,45.0
2743,2728693,753000,신한 Deep카드,79.0,서울 강남구,30,개발자,34,남,13.0,35.0,12.0,31.0,9.0
2744,1417307,1267000,토스카드,65.0,서울 서초구,20,대학생,20,남,2.0,25.0,23.0,31.0,19.0
2745,1824717,1499000,신한 Deep카드,78.0,광주 서구,20,공무원,25,여,32.0,8.0,15.0,37.0,8.0
2746,2977269,1172000,KB 혜담카드,77.0,광주 서구,20,디자이너,28,남,34.0,24.0,3.0,19.0,20.0
2747,4003800,1321000,토스카드,66.0,서울 강동구,30,공무원,36,남,24.0,39.0,12.0,13.0,12.0
2748,2056680,1533000,롯데 DC카드,84.0,광주 서구,30,간호사,35,여,18.0,42.0,31.0,2.0,7.0
2749,2586378,1661000,하나 Simple카드,43.0,경기 성남시,20,기획,28,여,45.0,6.0,5.0,34.0,10.0
2750,2174999,1250000,IBK 두드림카드,42.0,서울 강동구,30,영업,30,남,29.0,2.0,48.0,10.0,11.0
2751,3983021,1084000,삼성 taptap카드,47.0,부산 해운대구,30,마케팅,35,남,12.0,34.0,13.0,35.0,6.0
2752,2372617,2012000,롯데 DC카드,60.0,서울 서초구,20,간호사,26,남,38.0,5.0,42.0,2.0,13.0
2753,2974820,1375000,롯데 DC카드,48.0,울산 남구,30,대학생,36,여,16.0,21.0,45.0,7.0,11.0
2754,1799434,1265000,카카오뱅크 체크,48.0,서울 노원구,30,생산직,38,남,11.0,21.0,9.0,0.0,59.0
2755,3474345,1379000,삼성 taptap카드,84.0,경기 고양시,30,대학생,32,남,1.0,6.0,17.0,52.0,24.0
2756,2496162,1126000,NH 농협카드,49.0,울산 남구,30,데이터분석가,30,여,37.0,4.0,7.0,42.0,10.0
2757,2925964,1757000,롯데 DC카드,76.0,인천 남동구,30,프리랜서,35,여,11.0,37.0,28.0,11.0,13.0
2758,3640407,1452000,KB 혜담카드,72.0,인천 남동구,30,데이터분석가,32,남,5.0,2.0,24.0,69.0,0.0
2759,2282892,919000,현대 ZERO카드,47.0,광주 서구,20,간호사,28,여,6.0,34.0,36.0,13.0,11.0
2760,2199585,1474000,SSG 랜더스카드,47.0,경기 수원시,30,컨설턴트,34,여,26.0,2.0,41.0,28.0,3.0
2761,3545787,1245000,우리 Young카드,57.0,세종,30,생산직,36,남,0.0,15.0,30.0,52.0,3.0
2762,2219922,743000,카카오뱅크 체크,79.0,서울 강동구,20,영업,27,남,16.0,33.0,32.0,17.0,2.0
2763,2063607,992000,SSG 랜더스카드,67.0,서울 동작구,30,영업,34,여,22.0,36.0,0.0,3.0,39.0
2764,1789923,627000,SSG 랜더스카드,71.0,광주 서구,20,마케팅,29,남,8.0,0.0,33.0,12.0,47.0
2765,1511417,773000,현대 ZERO카드,66.0,부산 해운대구,20,생산직,25,여,18.0,20.0,12.0,23.0,27.0
2766,1994854,1711000,카카오뱅크 체크,84.0,경기 수원시,20,데이터분석가,24,남,4.0,10.0,44.0,18.0,24.0
2767,2801346,823000,토스카드,50.0,서울 관악구,20,기획,26,남,7.0,2.0,24.0,22.0,45.0
2768,3124480,1392000,네이버페이 현대,84.0,경기 수원시,30,회계,34,남,14.0,5.0,5.0,35.0,41.0
2769,1985116,1233000,KB 혜담카드,48.0,경기 고양시,20,개발자,20,남,4.0,45.0,28.0,2.0,21.0
2770,3563399,1140000,우리 Young카드,65.0,경기 성남시,30,공무원,34,남,10.0,23.0,11.0,42.0,14.0
2771,1833761,798000,롯데 DC카드,64.0,부산 해운대구,20,영업,28,남,17.0,25.0,24.0,4.0,30.0
2772,2547675,738000,신한 Deep카드,47.0,서울 강남구,30,서비스직,36,여,73.0,11.0,9.0,1.0,6.0
2773,2410184,1090000,롯데 DC카드,83.0,경기 성남시,30,컨설턴트,30,여,8.0,17.0,7.0,11.0,57.0
2774,2889565,1009000,씨티 Premier카드,85.0,대전 유성구,30,대학생,34,여,20.0,27.0,49.0,2.0,2.0
2775,1711385,1742000,현대 ZERO카드,42.0,서울 강남구,30,연구원,33,여,8.0,10.0,58.0,5.0,19.0
2776,1824901,934000,토스카드,80.0,서울 성동구,20,생산직,29,남,22.0,4.0,1.0,43.0,30.0
2777,1430877,1218000,하나 Simple카드,57.0,서울 동작구,20,공무원,27,여,0.0,37.0,1.0,2.0,60.0
2778,2818282,966000,SSG 랜더스카드,73.0,부산 해운대구,30,데이터분석가,39,남,3.0,60.0,10.0,1.0,26.0
2779,3105713,807000,IBK 두드림카드,74.0,대구 수성구,30,디자이너,31,여,1.0,0.0,36.0,25.0,38.0
2780,1997276,1562000,IBK 두드림카드,79.0,광주 서구,20,간호사,29,여,8.0,36.0,12.0,19.0,25.0
2781,1994658,977000,IBK 두드림카드,58.0,서울 강남구,20,생산직,25,여,9.0,16.0,38.0,34.0,3.0
2782,2685862,1198000,이마트 KB카드,52.0,서울 강동구,20,간호사,25,여,57.0,9.0,23.0,8.0,3.0
2783,2784274,1551000,카카오뱅크 체크,75.0,경기 고양시,20,공무원,29,여,25.0,2.0,63.0,2.0,8.0
2784,2205714,2114000,신한 Deep카드,77.0,경기 고양시,20,간호사,27,남,2.0,25.0,24.0,23.0,26.0
2785,3479300,1064000,현대 ZERO카드,44.0,광주 서구,30,기획,35,남,13.0,7.0,17.0,57.0,6.0
2786,1711522,1775000,IBK 두드림카드,60.0,서울 강남구,20,서비스직,28,여,11.0,56.0,22.0,2.0,9.0
2787,3964582,1059000,토스카드,50.0,경기 성남시,30,영업,39,남,23.0,12.0,55.0,6.0,4.0
2788,3324353,1026000,삼성 taptap카드,47.0,대전 유성구,20,회계,26,여,62.0,0.0,8.0,21.0,9.0
2789,2510607,1475000,신한 Deep카드,80.0,광주 서구,20,데이터분석가,24,여,58.0,10.0,26.0,6.0,0.0
2790,1540967,950000,롯데 DC카드,58.0,서울 노원구,30,기획,30,남,5.0,4.0,57.0,14.0,20.0
2791,2220884,898000,카카오뱅크 체크,56.0,서울 관악구,30,회계,31,여,6.0,34.0,24.0,27.0,9.0
2792,2806412,854000,KB 혜담카드,74.0,서울 용산구,30,대학생,33,여,39.0,1.0,20.0,0.0,40.0
2793,2039258,674000,현대 ZERO카드,55.0,서울 관악구,20,간호사,20,여,49.0,6.0,13.0,21.0,11.0
2794,2886099,1740000,KB 혜담카드,41.0,서울 성동구,20,생산직,27,여,27.0,9.0,1.0,5.0,58.0
2795,2544078,1185000,NH 농협카드,67.0,서울 성동구,20,공무원,22,여,3.0,55.0,9.0,25.0,8.0
2796,1896762,1696000,IBK 두드림카드,56.0,서울 관악구,20,기획,27,여,8.0,7.0,2.0,50.0,33.0
2797,2516132,948000,KB 혜담카드,77.0,부산 해운대구,30,공무원,34,여,36.0,5.0,3.0,4.0,52.0
2798,1803083,928000,KB 혜담카드,65.0,서울 동작구,20,영업,28,남,31.0,15.0,52.0,1.0,1.0
2799,2158707,1914000,롯데 DC카드,77.0,경기 성남시,20,컨설턴트,29,남,55.0,1.0,15.0,1.0,28.0
2800,2222703,1256000,카카오뱅크 체크,83.0,울산 남구,30,영업,33,여,1.0,55.0,11.0,31.0,2.0
2801,3822333,1095000,IBK 두드림카드,61.0,서울 송파구,30,데이터분석가,39,남,56.0,25.0,1.0,13.0,5.0
2802,3308006,1089000,씨티 Premier카드,82.0,서울 마포구,20,대학생,24,여,60.0,1.0,30.0,6.0,3.0
2803,1784405,1835000,KB 혜담카드,75.0,서울 관악구,30,마케팅,32,여,19.0,21.0,29.0,6.0,25.0
2804,1288391,1352000,KB 혜담카드,69.0,울산 남구,20,컨설턴트,24,남,17.0,6.0,40.0,36.0,1.0
2805,2377413,1276000,이마트 KB카드,52.0,울산 남구,30,기획,32,여,43.0,2.0,22.0,25.0,8.0
2806,1740792,1943000,현대 ZERO카드,84.0,경기 성남시,30,기획,32,여,10.0,49.0,16.0,10.0,15.0
2807,2273105,1367000,IBK 두드림카드,63.0,광주 서구,20,간호사,28,남,3.0,9.0,2.0,77.0,9.0
2808,3524255,1031000,네이버페이 현대,58.0,서울 송파구,30,생산직,32,남,5.0,21.0,27.0,6.0,41.0
2809,2997070,1923000,씨티 Premier카드,56.0,울산 남구,20,회계,29,남,32.0,5.0,45.0,16.0,2.0
2810,2350697,1937000,이마트 KB카드,43.0,광주 서구,20,데이터분석가,22,남,1.0,11.0,1.0,45.0,42.0
2811,2403422,1860000,NH 농협카드,83.0,인천 남동구,30,대학생,30,여,12.0,30.0,24.0,32.0,2.0
2812,1615130,1873000,우리 Young카드,63.0,인천 남동구,30,대학생,37,남,29.0,4.0,26.0,41.0,0.0
2813,2263092,1363000,IBK 두드림카드,46.0,광주 서구,20,회계,25,여,4.0,32.0,22.0,38.0,4.0
2814,3049901,1220000,NH 농협카드,72.0,광주 서구,30,회계,34,남,3.0,32.0,15.0,41.0,9.0
2815,3447269,1177000,NH 농협카드,60.0,대구 수성구,30,회계,33,남,7.0,6.0,31.0,43.0,13.0
2816,2145755,745000,NH 농협카드,58.0,서울 마포구,30,간호사,33,여,0.0,36.0,53.0,3.0,8.0
2817,2282473,1379000,토스카드,78.0,경기 성남시,30,컨설턴트,31,여,24.0,6.0,9.0,36.0,25.0
2818,1965398,1440000,우리 Young카드,53.0,대구 수성구,30,회계,33,남,7.0,26.0,33.0,28.0,6.0
2819,1396095,1662000,롯데 DC카드,60.0,서울 송파구,30,대학생,33,남,24.0,2.0,46.0,4.0,24.0
2820,1695751,1068000,토스카드,60.0,부산 해운대구,20,회계,24,남,12.0,46.0,9.0,22.0,11.0
2821,1464837,1041000,토스카드,84.0,서울 강남구,20,개발자,29,남,18.0,17.0,11.0,12.0,42.0
2822,2668356,1355000,SSG 랜더스카드,68.0,서울 마포구,30,개발자,30,여,17.0,43.0,6.0,33.0,1.0
2823,2637306,2020000,IBK 두드림카드,83.0,서울 노원구,30,간호사,32,남,45.0,1.0,47.0,2.0,5.0
2824,2623234,1647000,네이버페이 현대,68.0,서울 관악구,30,마케팅,38,남,12.0,42.0,34.0,8.0,4.0
2825,1757793,1435000,네이버페이 현대,65.0,광주 서구,20,프리랜서,27,남,14.0,3.0,27.0,7.0,49.0
2826,1000000,1839000,삼성 taptap카드,80.0,세종,30,서비스직,32,여,20.0,31.0,3.0,2.0,44.0
2827,3254155,921000,하나 Simple카드,58.0,대전 유성구,30,간호사,30,여,14.0,49.0,14.0,21.0,2.0
2828,2299810,1624000,우리 Young카드,53.0,서울 강남구,30,영업,31,남,25.0,3.0,30.0,37.0,5.0
2829,2293789,1721000,롯데 DC카드,51.0,경기 수원시,30,회계,32,여,5.0,9.0,6.0,30.0,50.0
2830,1522553,751000,하나 Simple카드,78.0,서울 서초구,20,데이터분석가,23,남,1.0,0.0,37.0,54.0,8.0
2831,3680351,1665000,KB 혜담카드,57.0,세종,30,마케팅,32,남,18.0,10.0,10.0,4.0,58.0
2832,2321714,1627000,IBK 두드림카드,67.0,부산 해운대구,20,대학생,25,여,15.0,63.0,9.0,11.0,2.0
2833,2086817,1229000,KB 혜담카드,53.0,서울 성동구,30,기획,32,여,36.0,10.0,17.0,10.0,27.0
2834,2053885,1062000,하나 Simple카드,72.0,서울 마포구,20,대학생,23,여,45.0,22.0,23.0,1.0,9.0
2835,3339089,1175000,씨티 Premier카드,65.0,서울 성동구,30,공무원,30,여,7.0,20.0,27.0,2.0,44.0
2836,2948921,1519000,네이버페이 현대,73.0,울산 남구,30,회계,32,남,23.0,30.0,4.0,39.0,4.0
2837,2159133,528000,롯데 DC카드,79.0,세종,20,영업,27,여,1.0,18.0,52.0,23.0,6.0
2838,1779309,1013000,KB 혜담카드,67.0,서울 성동구,20,디자이너,25,남,57.0,0.0,9.0,1.0,33.0
2839,1302709,827000,카카오뱅크 체크,82.0,서울 용산구,20,마케팅,20,여,46.0,16.0,2.0,4.0,32.0
2840,2169980,687000,현대 ZERO카드,82.0,서울 강동구,20,회계,29,남,16.0,3.0,35.0,2.0,44.0
2841,2662742,852000,카카오뱅크 체크,46.0,광주 서구,30,공무원,36,여,26.0,10.0,31.0,20.0,13.0
2842,3769709,1219000,이마트 KB카드,50.0,경기 수원시,30,간호사,38,남,1.0,26.0,29.0,42.0,2.0
2843,1426052,1122000,IBK 두드림카드,82.0,광주 서구,30,마케팅,31,남,41.0,3.0,1.0,9.0,46.0
2844,1937451,2492000,NH 농협카드,76.0,대구 수성구,30,서비스직,30,여,18.0,22.0,46.0,13.0,1.0
2845,1959629,1381000,카카오뱅크 체크,71.0,인천 남동구,20,생산직,20,남,14.0,35.0,12.0,13.0,26.0
2846,2248259,911000,롯데 DC카드,78.0,서울 강동구,20,마케팅,27,여,46.0,8.0,9.0,37.0,0.0
2847,2177483,943000,우리 Young카드,47.0,울산 남구,20,디자이너,22,남,42.0,36.0,5.0,10.0,7.0
2848,2914817,1145000,네이버페이 현대,84.0,울산 남구,30,컨설턴트,31,남,2.0,17.0,32.0,7.0,42.0
2849,3285667,2224000,씨티 Premier카드,43.0,울산 남구,30,영업,30,남,1.0,32.0,51.0,1.0,15.0
2850,2367694,1029000,토스카드,53.0,서울 강남구,30,회계,39,남,4.0,21.0,43.0,13.0,19.0
2851,2717070,1170000,하나 Simple카드,41.0,대전 유성구,20,기획,23,여,35.0,0.0,12.0,50.0,3.0
2852,2466726,1253000,토스카드,73.0,대전 유성구,20,디자이너,29,남,12.0,26.0,17.0,38.0,7.0
2853,2340083,1067000,롯데 DC카드,70.0,경기 성남시,30,회계,34,여,77.0,2.0,4.0,12.0,5.0
2854,3300453,841000,토스카드,49.0,서울 성동구,30,컨설턴트,30,여,21.0,26.0,22.0,0.0,31.0
2855,4089491,571000,NH 농협카드,54.0,서울 동작구,30,프리랜서,34,남,6.0,63.0,2.0,27.0,2.0
2856,2966447,1450000,카카오뱅크 체크,66.0,서울 송파구,30,회계,30,여,15.0,7.0,37.0,33.0,8.0
2857,1000000,2307000,하나 Simple카드,60.0,경기 수원시,20,연구원,26,여,2.0,7.0,31.0,43.0,17.0
2858,3289472,1322000,우리 Young카드,45.0,서울 강동구,30,개발자,30,여,18.0,0.0,8.0,26.0,48.0
2859,3556330,1602000,KB 혜담카드,52.0,세종,30,대학생,39,남,45.0,24.0,4.0,26.0,1.0
2860,4404486,697000,토스카드,42.0,경기 고양시,30,프리랜서,35,남,76.0,5.0,6.0,2.0,11.0
2861,3118732,793000,신한 Deep카드,78.0,경기 성남시,30,프리랜서,35,여,58.0,17.0,13.0,6.0,6.0
2862,3039171,628000,네이버페이 현대,66.0,인천 남동구,20,프리랜서,24,여,62.0,11.0,8.0,14.0,5.0
2863,2939327,1474000,NH 농협카드,48.0,서울 강동구,30,영업,30,여,39.0,20.0,16.0,3.0,22.0
2864,2924346,1275000,SSG 랜더스카드,47.0,경기 고양시,20,서비스직,27,남,27.0,0.0,34.0,32.0,7.0
2865,3497061,1090000,SSG 랜더스카드,62.0,서울 노원구,30,서비스직,32,여,5.0,6.0,22.0,31.0,36.0
2866,2358277,1885000,하나 Simple카드,58.0,대전 유성구,20,마케팅,21,남,23.0,56.0,5.0,10.0,6.0
2867,1463884,1523000,롯데 DC카드,50.0,서울 노원구,20,마케팅,25,남,29.0,25.0,13.0,12.0,21.0
2868,2096269,2002000,삼성 taptap카드,70.0,대전 유성구,20,디자이너,27,남,14.0,1.0,28.0,23.0,34.0
2869,2694972,1160000,IBK 두드림카드,71.0,서울 서초구,30,영업,34,여,17.0,29.0,42.0,1.0,11.0
2870,2287443,1083000,NH 농협카드,55.0,서울 서초구,20,데이터분석가,26,남,48.0,30.0,1.0,12.0,9.0
2871,2127406,1372000,신한 Deep카드,59.0,대구 수성구,30,서비스직,39,남,13.0,1.0,37.0,33.0,16.0
2872,1684466,1624000,롯데 DC카드,80.0,서울 동작구,30,개발자,32,여,54.0,11.0,15.0,6.0,14.0
2873,2481186,1291000,현대 ZERO카드,83.0,광주 서구,30,대학생,33,남,52.0,16.0,8.0,23.0,1.0
2874,2653869,882000,NH 농협카드,50.0,부산 해운대구,20,연구원,25,남,2.0,35.0,7.0,49.0,7.0
2875,4106237,904000,현대 ZERO카드,71.0,광주 서구,30,개발자,31,남,46.0,26.0,7.0,5.0,16.0
2876,2708283,806000,KB 혜담카드,61.0,서울 송파구,20,간호사,28,여,7.0,51.0,13.0,23.0,6.0
2877,2778713,702000,우리 Young카드,44.0,서울 강동구,20,대학생,28,여,1.0,40.0,1.0,47.0,11.0
2878,2943429,1772000,현대 ZERO카드,60.0,울산 남구,30,공무원,33,남,13.0,6.0,3.0,78.0,0.0
2879,1378958,1359000,KB 혜담카드,79.0,서울 관악구,20,영업,29,여,2.0,7.0,44.0,41.0,6.0
2880,2022389,1049000,씨티 Premier카드,55.0,서울 관악구,20,연구원,29,여,27.0,13.0,24.0,18.0,18.0
2881,2818864,1054000,IBK 두드림카드,76.0,서울 관악구,30,대학생,34,남,13.0,14.0,17.0,10.0,46.0
2882,2251473,1169000,SSG 랜더스카드,63.0,서울 서초구,30,회계,31,여,4.0,9.0,0.0,62.0,25.0
2883,2277347,1109000,SSG 랜더스카드,60.0,대전 유성구,20,영업,29,여,3.0,50.0,11.0,18.0,18.0
2884,2720709,883000,현대 ZERO카드,84.0,부산 해운대구,30,연구원,36,여,1.0,0.0,42.0,8.0,49.0
2885,3597110,1065000,NH 농협카드,49.0,서울 강동구,30,간호사,34,남,14.0,63.0,14.0,9.0,0.0
2886,2360940,917000,우리 Young카드,81.0,울산 남구,30,디자이너,37,여,4.0,14.0,62.0,2.0,18.0
2887,1298120,1414000,IBK 두드림카드,75.0,서울 강동구,20,프리랜서,26,여,5.0,11.0,11.0,41.0,32.0
2888,2661985,1228000,SSG 랜더스카드,40.0,경기 고양시,30,마케팅,34,남,9.0,11.0,18.0,13.0,49.0
2889,3030597,1347000,NH 농협카드,80.0,부산 해운대구,30,회계,32,남,15.0,56.0,27.0,1.0,1.0
2890,2861403,602000,SSG 랜더스카드,49.0,경기 수원시,20,서비스직,29,남,2.0,38.0,26.0,33.0,1.0
2891,2602534,1107000,현대 ZERO카드,55.0,서울 노원구,30,연구원,39,남,59.0,1.0,1.0,23.0,16.0
2892,2506271,1751000,신한 Deep카드,84.0,세종,20,개발자,22,여,11.0,55.0,25.0,4.0,5.0
2893,2395043,1431000,IBK 두드림카드,76.0,부산 해운대구,20,프리랜서,20,남,38.0,1.0,51.0,5.0,5.0
2894,2271950,905000,현대 ZERO카드,64.0,울산 남구,20,간호사,29,남,10.0,35.0,39.0,9.0,7.0
2895,2715266,1403000,네이버페이 현대,85.0,서울 서초구,20,기획,27,여,48.0,6.0,21.0,0.0,25.0
2896,1919579,1202000,토스카드,57.0,광주 서구,20,연구원,29,남,26.0,54.0,15.0,3.0,2.0
2897,2212406,1170000,삼성 taptap카드,41.0,경기 성남시,30,디자이너,32,여,12.0,11.0,52.0,9.0,16.0
2898,2991669,1122000,우리 Young카드,68.0,광주 서구,30,데이터분석가,34,남,13.0,12.0,42.0,18.0,15.0
2899,2551897,870000,SSG 랜더스카드,50.0,울산 남구,30,개발자,35,남,24.0,12.0,23.0,30.0,11.0
2900,2504006,2379000,우리 Young카드,58.0,대전 유성구,20,대학생,25,남,42.0,10.0,2.0,21.0,25.0
2901,2500765,1689000,네이버페이 현대,48.0,대전 유성구,30,연구원,30,남,38.0,25.0,2.0,21.0,14.0
2902,3158412,1105000,롯데 DC카드,51.0,서울 강남구,30,기획,35,남,15.0,7.0,60.0,3.0,15.0
2903,2199913,833000,이마트 KB카드,83.0,서울 강동구,20,대학생,24,여,27.0,12.0,10.0,24.0,27.0
2904,2357462,1341000,신한 Deep카드,53.0,서울 강남구,20,연구원,27,여,9.0,10.0,32.0,40.0,9.0
2905,2020129,1942000,롯데 DC카드,70.0,서울 강동구,20,개발자,29,남,10.0,17.0,40.0,33.0,0.0
2906,2080455,1029000,삼성 taptap카드,73.0,서울 관악구,20,서비스직,24,여,12.0,15.0,19.0,32.0,22.0
2907,2548004,1066000,현대 ZERO카드,40.0,울산 남구,30,생산직,34,여,11.0,32.0,36.0,6.0,15.0
2908,2601037,848000,네이버페이 현대,76.0,세종,30,간호사,38,여,20.0,17.0,27.0,9.0,27.0
2909,2247899,1906000,우리 Young카드,67.0,서울 서초구,20,공무원,25,남,17.0,37.0,3.0,31.0,12.0
2910,3102681,1403000,IBK 두드림카드,70.0,서울 용산구,20,디자이너,29,남,16.0,17.0,3.0,39.0,25.0
2911,2306484,1264000,삼성 taptap카드,82.0,서울 마포구,30,회계,34,남,28.0,1.0,14.0,45.0,12.0
2912,2217898,1098000,롯데 DC카드,49.0,광주 서구,20,데이터분석가,28,여,10.0,43.0,10.0,37.0,0.0
2913,1463185,1164000,이마트 KB카드,61.0,세종,20,개발자,28,여,25.0,12.0,48.0,8.0,7.0
2914,3260457,1795000,롯데 DC카드,77.0,서울 강동구,30,데이터분석가,39,남,9.0,25.0,1.0,64.0,1.0
2915,2219327,765000,카카오뱅크 체크,54.0,서울 서초구,30,프리랜서,31,남,0.0,15.0,49.0,13.0,23.0
2916,2110844,553000,우리 Young카드,73.0,서울 송파구,20,데이터분석가,24,여,11.0,53.0,15.0,14.0,7.0
2917,2063967,1031000,KB 혜담카드,82.0,대구 수성구,20,영업,29,여,3.0,37.0,16.0,7.0,37.0
2918,2640445,931000,신한 Deep카드,74.0,서울 송파구,30,컨설턴트,36,여,20.0,24.0,24.0,30.0,2.0
2919,2223604,1456000,이마트 KB카드,68.0,대전 유성구,30,컨설턴트,33,여,6.0,48.0,9.0,21.0,16.0
2920,1952347,1563000,씨티 Premier카드,47.0,경기 수원시,20,간호사,25,남,27.0,13.0,32.0,7.0,21.0
2921,3217928,596000,토스카드,71.0,경기 성남시,30,데이터분석가,33,여,36.0,4.0,25.0,20.0,15.0
2922,2392283,1760000,이마트 KB카드,59.0,서울 강동구,20,공무원,20,여,1.0,8.0,16.0,5.0,70.0
2923,2607264,893000,씨티 Premier카드,72.0,세종,30,개발자,33,남,3.0,45.0,23.0,28.0,1.0
2924,2124583,922000,IBK 두드림카드,65.0,경기 고양시,20,프리랜서,27,여,38.0,3.0,55.0,3.0,1.0
2925,3322677,1256000,카카오뱅크 체크,83.0,울산 남구,30,영업,33,여,1.0,55.0,11.0,31.0,2.0
2926,2132417,608000,씨티 Premier카드,72.0,울산 남구,20,영업,25,남,70.0,3.0,1.0,8.0,18.0
2927,2155361,1268000,씨티 Premier카드,45.0,경기 고양시,30,데이터분석가,34,여,1.0,19.0,10.0,15.0,55.0
2928,2157501,1210000,네이버페이 현대,57.0,울산 남구,30,간호사,36,여,0.0,6.0,2.0,34.0,58.0
2929,1975436,1427000,SSG 랜더스카드,53.0,서울 노원구,20,회계,25,여,3.0,18.0,38.0,29.0,12.0
2930,2583851,1276000,우리 Young카드,57.0,광주 서구,30,공무원,36,남,62.0,1.0,18.0,11.0,8.0
2931,1610176,1731000,롯데 DC카드,56.0,광주 서구,20,개발자,27,남,15.0,1.0,16.0,65.0,3.0
2932,1937899,1155000,씨티 Premier카드,46.0,서울 성동구,30,컨설턴트,37,여,54.0,8.0,3.0,17.0,18.0
2933,1835339,1179000,KB 혜담카드,59.0,서울 용산구,20,서비스직,24,남,15.0,59.0,3.0,18.0,5.0
2934,2795785,1795000,롯데 DC카드,77.0,서울 강동구,30,데이터분석가,39,여,9.0,25.0,1.0,64.0,1.0
2935,2059381,1107000,NH 농협카드,60.0,서울 노원구,20,회계,28,여,29.0,2.0,8.0,17.0,44.0
2936,2854986,1255000,이마트 KB카드,52.0,대구 수성구,30,데이터분석가,31,남,46.0,7.0,14.0,27.0,6.0
2937,2885044,1530000,이마트 KB카드,67.0,서울 서초구,20,대학생,27,여,6.0,8.0,3.0,82.0,1.0
2938,2897503,1064000,신한 Deep카드,72.0,울산 남구,20,생산직,23,여,7.0,51.0,8.0,29.0,5.0
2939,2802512,1432000,삼성 taptap카드,77.0,서울 동작구,30,데이터분석가,30,남,9.0,5.0,50.0,16.0,20.0
2940,1934568,816000,하나 Simple카드,42.0,서울 송파구,20,마케팅,28,여,22.0,3.0,37.0,30.0,8.0
2941,2067784,972000,신한 Deep카드,79.0,경기 성남시,30,서비스직,36,여,9.0,6.0,5.0,43.0,37.0
2942,2846387,1541000,네이버페이 현대,42.0,서울 송파구,30,마케팅,30,여,26.0,11.0,3.0,45.0,15.0
2943,2397646,1611000,삼성 taptap카드,52.0,서울 관악구,30,데이터분석가,31,여,23.0,4.0,31.0,24.0,18.0
2944,2729453,606000,IBK 두드림카드,55.0,대구 수성구,30,프리랜서,34,남,1.0,11.0,7.0,46.0,35.0
2945,1843167,1489000,롯데 DC카드,83.0,서울 노원구,20,생산직,26,여,59.0,14.0,12.0,7.0,8.0
2946,2115166,864000,카카오뱅크 체크,56.0,울산 남구,30,공무원,37,여,23.0,17.0,2.0,45.0,13.0
2947,2410029,1668000,이마트 KB카드,51.0,서울 관악구,20,생산직,20,여,9.0,5.0,32.0,37.0,17.0
2948,1592280,918000,카카오뱅크 체크,57.0,서울 송파구,20,대학생,22,여,0.0,15.0,19.0,26.0,40.0
2949,3696408,1655000,이마트 KB카드,48.0,대구 수성구,30,데이터분석가,35,남,13.0,4.0,7.0,34.0,42.0
2950,2233077,1051000,IBK 두드림카드,52.0,서울 서초구,30,공무원,36,여,41.0,13.0,5.0,17.0,24.0
2951,2895254,1150000,이마트 KB카드,73.0,부산 해운대구,30,서비스직,34,남,10.0,19.0,25.0,20.0,26.0
2952,1581511,1199000,IBK 두드림카드,68.0,부산 해운대구,20,데이터분석가,25,남,39.0,11.0,26.0,13.0,11.0
2953,2991343,975000,IBK 두드림카드,44.0,인천 남동구,30,생산직,39,남,12.0,19.0,16.0,8.0,45.0
2954,2085839,1060000,IBK 두드림카드,73.0,광주 서구,20,개발자,27,여,24.0,1.0,63.0,3.0,9.0
2955,2224959,1677000,토스카드,51.0,서울 송파구,20,데이터분석가,29,여,20.0,32.0,8.0,22.0,18.0
2956,3235854,1292000,카카오뱅크 체크,70.0,서울 동작구,30,회계,34,여,39.0,9.0,1.0,50.0,1.0
2957,2338849,1649000,카카오뱅크 체크,61.0,경기 고양시,20,데이터분석가,23,여,16.0,14.0,55.0,15.0,0.0
2958,2102670,1261000,이마트 KB카드,63.0,울산 남구,30,대학생,30,여,10.0,54.0,14.0,20.0,2.0
2959,2144340,1148000,롯데 DC카드,41.0,서울 성동구,30,디자이너,30,여,34.0,32.0,11.0,15.0,8.0
2960,3416591,1949000,우리 Young카드,82.0,서울 강남구,30,회계,33,남,31.0,10.0,4.0,10.0,45.0
2961,2899346,1369000,KB 혜담카드,52.0,대전 유성구,20,서비스직,25,남,5.0,35.0,26.0,30.0,4.0
2962,2390959,1233000,KB 혜담카드,48.0,경기 고양시,20,개발자,20,남,4.0,45.0,28.0,2.0,21.0
2963,2844356,1059000,하나 Simple카드,42.0,서울 용산구,30,서비스직,34,여,4.0,19.0,38.0,26.0,13.0
2964,2804868,1760000,토스카드,74.0,서울 송파구,30,마케팅,33,여,4.0,12.0,42.0,11.0,31.0
2965,2959532,541000,이마트 KB카드,52.0,서울 송파구,20,연구원,21,남,24.0,21.0,42.0,7.0,6.0
2966,1635286,947000,IBK 두드림카드,50.0,서울 마포구,30,디자이너,33,남,38.0,41.0,8.0,6.0,7.0
2967,2583609,686000,SSG 랜더스카드,66.0,서울 마포구,20,디자이너,28,여,27.0,2.0,24.0,19.0,28.0
2968,2741868,1285000,SSG 랜더스카드,69.0,세종,20,마케팅,26,남,4.0,32.0,4.0,47.0,13.0
2969,1830638,858000,현대 ZERO카드,53.0,인천 남동구,30,기획,36,여,5.0,32.0,14.0,17.0,32.0
2970,2057165,1272000,NH 농협카드,84.0,서울 관악구,30,서비스직,30,여,26.0,19.0,17.0,34.0,4.0
2971,1824608,1152000,신한 Deep카드,80.0,서울 노원구,20,개발자,25,남,1.0,11.0,47.0,40.0,1.0
2972,1885604,729000,토스카드,51.0,경기 성남시,20,마케팅,22,남,63.0,18.0,1.0,11.0,7.0
2973,2259141,1497000,삼성 taptap카드,59.0,인천 남동구,30,간호사,33,여,19.0,5.0,6.0,40.0,30.0
2974,2682837,747000,우리 Young카드,51.0,서울 송파구,20,연구원,22,여,14.0,14.0,60.0,7.0,5.0
2975,2790658,1230000,우리 Young카드,66.0,서울 송파구,20,개발자,23,여,0.0,18.0,60.0,3.0,19.0
2976,1831088,1564000,SSG 랜더스카드,51.0,세종,20,디자이너,26,남,10.0,29.0,9.0,39.0,13.0
2977,3157910,588000,롯데 DC카드,44.0,세종,30,생산직,33,여,13.0,22.0,9.0,37.0,19.0
2978,2573371,674000,현대 ZERO카드,55.0,서울 관악구,20,간호사,20,여,49.0,6.0,13.0,21.0,11.0
2979,3058005,1889000,하나 Simple카드,76.0,광주 서구,30,디자이너,34,남,6.0,4.0,48.0,40.0,2.0
2980,2486668,1140000,이마트 KB카드,69.0,대구 수성구,20,마케팅,27,여,12.0,19.0,17.0,15.0,37.0
2981,2485098,603000,네이버페이 현대,58.0,울산 남구,30,공무원,31,여,5.0,19.0,28.0,19.0,29.0
2982,2512292,826000,NH 농협카드,65.0,인천 남동구,20,개발자,29,남,5.0,6.0,2.0,61.0,26.0
2983,2764753,1121000,이마트 KB카드,83.0,서울 마포구,30,컨설턴트,31,남,11.0,37.0,21.0,8.0,23.0
2984,2634402,1698000,SSG 랜더스카드,42.0,광주 서구,30,연구원,35,여,26.0,9.0,4.0,15.0,46.0
2985,1494726,1882000,삼성 taptap카드,80.0,서울 서초구,20,서비스직,24,남,3.0,2.0,36.0,52.0,7.0
2986,2518550,2640000,우리 Young카드,77.0,경기 성남시,30,서비스직,33,남,17.0,27.0,22.0,12.0,22.0
2987,1911494,1422000,우리 Young카드,74.0,울산 남구,20,마케팅,24,남,66.0,3.0,11.0,9.0,11.0
2988,2062804,1298000,우리 Young카드,43.0,서울 송파구,20,디자이너,21,여,15.0,8.0,59.0,12.0,6.0
2989,1786743,1915000,하나 Simple카드,73.0,서울 관악구,20,서비스직,29,여,74.0,2.0,15.0,7.0,2.0
2990,1983228,1572000,IBK 두드림카드,56.0,서울 강동구,20,서비스직,28,여,13.0,5.0,30.0,11.0,41.0
2991,1939910,632000,신한 Deep카드,74.0,서울 서초구,30,연구원,32,남,30.0,7.0,2.0,23.0,38.0
2992,2774350,1884000,KB 혜담카드,43.0,서울 성동구,30,간호사,31,여,30.0,11.0,14.0,23.0,22.0
2993,2208743,823000,씨티 Premier카드,50.0,경기 수원시,20,생산직,29,여,2.0,53.0,9.0,29.0,7.0
2994,1647396,1713000,하나 Simple카드,47.0,경기 수원시,30,회계,34,여,8.0,4.0,70.0,10.0,8.0
2995,1832585,790000,IBK 두드림카드,54.0,서울 서초구,20,생산직,25,여,44.0,13.0,19.0,12.0,12.0
2996,3235620,529000,IBK 두드림카드,82.0,서울 노원구,30,영업,37,남,8.0,16.0,12.0,52.0,12.0
2997,2228489,1295000,SSG 랜더스카드,44.0,부산 해운대구,30,간호사,33,여,19.0,5.0,8.0,58.0,10.0
2998,2512140,1461000,삼성 taptap카드,49.0,서울 송파구,30,디자이너,32,남,6.0,23.0,19.0,11.0,41.0
2999,2212703,1542000,현대 ZERO카드,75.0,서울 강동구,20,연구원,27,여,11.0,16.0,4.0,17.0,52.0
3000,3240518,1187000,삼성 taptap카드,62.0,서울 노원구,30,개발자,33,남,1.0,13.0,37.0,42.0,7.0
3001,1531823,944000,롯데 DC카드,81.0,서울 강동구,20,컨설턴트,24,남,31.0,20.0,16.0,15.0,18.0
3002,3385089,1620000,SSG 랜더스카드,74.0,서울 마포구,30,생산직,35,남,22.0,18.0,42.0,15.0,3.0
3003,2099853,1953000,씨티 Premier카드,71.0,세종,30,생산직,31,여,46.0,26.0,9.0,15.0,4.0
3004,2241036,791000,씨티 Premier카드,53.0,서울 용산구,20,대학생,27,남,35.0,1.0,0.0,51.0,13.0
3005,2482289,1841000,IBK 두드림카드,63.0,울산 남구,30,서비스직,30,여,33.0,12.0,2.0,14.0,39.0
3006,2631053,1361000,하나 Simple카드,57.0,서울 송파구,30,대학생,39,남,6.0,5.0,28.0,46.0,15.0
3007,2283438,1351000,이마트 KB카드,65.0,경기 성남시,30,개발자,35,남,22.0,9.0,30.0,31.0,8.0
3008,2107156,1883000,신한 Deep카드,48.0,세종,20,연구원,20,여,46.0,5.0,38.0,5.0,6.0
3009,4137731,1266000,네이버페이 현대,85.0,서울 동작구,30,마케팅,32,남,8.0,54.0,17.0,10.0,11.0
3010,2046827,1835000,NH 농협카드,79.0,부산 해운대구,30,기획,34,남,2.0,15.0,43.0,38.0,2.0
3011,3346156,1260000,SSG 랜더스카드,82.0,서울 강동구,30,데이터분석가,35,여,4.0,4.0,27.0,65.0,0.0
3012,2120139,890000,신한 Deep카드,69.0,광주 서구,20,기획,26,남,21.0,13.0,50.0,1.0,15.0
3013,3024759,866000,SSG 랜더스카드,40.0,서울 송파구,30,프리랜서,35,남,38.0,34.0,14.0,9.0,5.0
3014,2239302,1662000,카카오뱅크 체크,78.0,광주 서구,30,대학생,33,남,15.0,0.0,41.0,9.0,35.0
3015,1864365,603000,SSG 랜더스카드,59.0,대전 유성구,20,영업,26,여,23.0,36.0,10.0,9.0,22.0
3016,1998545,697000,NH 농협카드,71.0,울산 남구,20,공무원,20,여,11.0,31.0,9.0,25.0,24.0
3017,1977152,1726000,NH 농협카드,51.0,서울 서초구,30,서비스직,32,여,57.0,9.0,14.0,10.0,10.0
3018,2395541,1145000,삼성 taptap카드,81.0,경기 수원시,30,영업,33,여,4.0,41.0,7.0,24.0,24.0
3019,2046492,1559000,우리 Young카드,40.0,경기 수원시,20,대학생,27,남,23.0,2.0,24.0,42.0,9.0
3020,3175390,2067000,KB 혜담카드,70.0,경기 성남시,20,생산직,25,남,30.0,23.0,35.0,12.0,0.0
3021,1917012,1403000,IBK 두드림카드,81.0,인천 남동구,30,디자이너,32,여,1.0,49.0,27.0,11.0,12.0
3022,3071883,1410000,현대 ZERO카드,44.0,광주 서구,30,간호사,30,남,56.0,7.0,0.0,11.0,26.0
3023,2373923,1110000,KB 혜담카드,49.0,서울 강동구,20,컨설턴트,27,남,6.0,24.0,56.0,13.0,1.0
3024,1714839,1358000,카카오뱅크 체크,76.0,서울 용산구,20,영업,25,남,3.0,19.0,13.0,43.0,22.0
3025,2593413,741000,NH 농협카드,82.0,세종,20,개발자,29,남,26.0,34.0,29.0,6.0,5.0
3026,2050836,861000,NH 농협카드,78.0,서울 마포구,20,디자이너,27,여,29.0,10.0,12.0,22.0,27.0
3027,1003805,1319000,삼성 taptap카드,58.0,경기 성남시,20,컨설턴트,28,남,9.0,21.0,8.0,44.0,18.0
3028,2579924,2565000,토스카드,71.0,경기 성남시,20,간호사,28,여,9.0,13.0,32.0,24.0,22.0
3029,2218141,1332000,카카오뱅크 체크,50.0,대전 유성구,30,영업,32,남,3.0,8.0,50.0,10.0,29.0
3030,1726112,1052000,현대 ZERO카드,45.0,경기 고양시,20,회계,24,여,33.0,10.0,29.0,0.0,28.0
3031,3481531,906000,현대 ZERO카드,76.0,대전 유성구,30,영업,34,남,12.0,60.0,15.0,11.0,2.0
3032,2076419,1094000,현대 ZERO카드,45.0,서울 마포구,20,서비스직,28,남,15.0,13.0,40.0,20.0,12.0
3033,2708886,1473000,카카오뱅크 체크,70.0,서울 성동구,20,기획,22,여,6.0,44.0,32.0,16.0,2.0
3034,2855083,1566000,KB 혜담카드,78.0,경기 성남시,20,서비스직,20,여,54.0,8.0,13.0,21.0,4.0
3035,2548550,1696000,삼성 taptap카드,85.0,대구 수성구,30,프리랜서,32,남,40.0,17.0,11.0,18.0,14.0
3036,2646631,1860000,우리 Young카드,72.0,광주 서구,20,생산직,22,남,11.0,64.0,6.0,1.0,18.0
3037,1872269,858000,하나 Simple카드,62.0,서울 동작구,20,개발자,27,남,5.0,16.0,51.0,22.0,6.0
3038,4563181,1805000,카카오뱅크 체크,81.0,서울 강동구,30,개발자,39,남,1.0,57.0,28.0,9.0,5.0
3039,1903521,1463000,토스카드,72.0,서울 관악구,20,생산직,26,남,11.0,25.0,59.0,2.0,3.0
3040,3718261,563000,IBK 두드림카드,54.0,서울 서초구,30,마케팅,33,남,16.0,6.0,32.0,29.0,17.0
3041,2671895,1559000,삼성 taptap카드,52.0,서울 성동구,20,영업,28,남,7.0,16.0,14.0,0.0,63.0
3042,3221261,1516000,KB 혜담카드,77.0,서울 서초구,30,서비스직,30,남,15.0,23.0,26.0,16.0,20.0
3043,1914728,1313000,NH 농협카드,67.0,부산 해운대구,20,연구원,20,여,5.0,30.0,14.0,1.0,50.0
3044,2174301,546000,삼성 taptap카드,47.0,서울 강남구,20,회계,26,여,21.0,32.0,8.0,32.0,7.0
3045,1173205,925000,우리 Young카드,71.0,부산 해운대구,20,기획,29,여,4.0,15.0,26.0,55.0,0.0
3046,3157094,1926000,네이버페이 현대,85.0,경기 성남시,30,개발자,39,남,20.0,7.0,0.0,63.0,10.0
3047,2424807,1332000,네이버페이 현대,49.0,경기 고양시,20,회계,22,남,7.0,17.0,52.0,8.0,16.0
3048,2316749,729000,토스카드,51.0,경기 성남시,20,마케팅,22,여,63.0,18.0,1.0,11.0,7.0
3049,1000000,920000,현대 ZERO카드,82.0,경기 고양시,30,컨설턴트,37,남,2.0,37.0,4.0,19.0,38.0
3050,1617181,843000,카카오뱅크 체크,72.0,대전 유성구,20,마케팅,26,남,20.0,11.0,14.0,3.0,52.0
3051,2125954,2182000,하나 Simple카드,47.0,대전 유성구,30,컨설턴트,37,여,8.0,14.0,26.0,13.0,39.0
3052,2645829,1598000,현대 ZERO카드,49.0,인천 남동구,30,데이터분석가,31,여,13.0,11.0,5.0,60.0,11.0
3053,2394669,1688000,씨티 Premier카드,78.0,서울 동작구,20,연구원,20,여,1.0,27.0,2.0,60.0,10.0
3054,2880843,889000,IBK 두드림카드,57.0,서울 성동구,30,기획,34,남,6.0,1.0,53.0,39.0,1.0
3055,2567622,1775000,IBK 두드림카드,60.0,서울 강남구,20,서비스직,28,남,11.0,56.0,22.0,2.0,9.0
3056,1986878,664000,IBK 두드림카드,67.0,부산 해운대구,30,개발자,30,여,2.0,2.0,23.0,69.0,4.0
3057,3427164,1024000,네이버페이 현대,84.0,대전 유성구,30,간호사,30,남,2.0,1.0,48.0,20.0,29.0
3058,2737371,1194000,토스카드,77.0,울산 남구,30,대학생,30,여,5.0,31.0,5.0,46.0,13.0
3059,2438777,1041000,카카오뱅크 체크,74.0,서울 강남구,20,간호사,26,여,13.0,35.0,13.0,34.0,5.0
3060,2408979,1630000,롯데 DC카드,63.0,서울 용산구,30,영업,36,여,27.0,46.0,8.0,8.0,11.0
3061,3165371,1150000,씨티 Premier카드,51.0,서울 마포구,20,마케팅,29,남,2.0,39.0,18.0,40.0,1.0
3062,3345236,1800000,토스카드,46.0,서울 용산구,30,회계,36,남,31.0,4.0,25.0,1.0,39.0
3063,2015832,1135000,IBK 두드림카드,62.0,서울 동작구,30,간호사,33,여,9.0,12.0,35.0,24.0,20.0
3064,2624152,1294000,신한 Deep카드,50.0,서울 동작구,30,생산직,30,여,11.0,6.0,8.0,23.0,52.0
3065,2626241,576000,KB 혜담카드,63.0,대전 유성구,20,마케팅,28,여,33.0,4.0,31.0,3.0,29.0
3066,1955945,1001000,IBK 두드림카드,48.0,인천 남동구,20,공무원,24,남,14.0,5.0,33.0,38.0,10.0
3067,2794636,847000,현대 ZERO카드,85.0,대구 수성구,20,개발자,20,남,5.0,6.0,23.0,26.0,40.0
3068,2691016,1558000,네이버페이 현대,66.0,세종,30,프리랜서,35,여,14.0,11.0,3.0,71.0,1.0
3069,1328760,1616000,SSG 랜더스카드,61.0,서울 관악구,30,연구원,39,여,3.0,33.0,27.0,18.0,19.0
3070,2649835,1293000,하나 Simple카드,45.0,서울 서초구,30,연구원,35,여,43.0,1.0,43.0,12.0,1.0
3071,2715779,1176000,삼성 taptap카드,64.0,세종,30,프리랜서,30,남,26.0,20.0,16.0,24.0,14.0
3072,2518589,922000,IBK 두드림카드,65.0,경기 고양시,20,프리랜서,27,여,38.0,3.0,55.0,3.0,1.0
3073,2722107,1345000,하나 Simple카드,68.0,경기 성남시,20,생산직,29,여,21.0,49.0,8.0,19.0,3.0
3074,2597581,1278000,KB 혜담카드,52.0,울산 남구,30,공무원,33,여,18.0,65.0,2.0,2.0,13.0
3075,4165676,2097000,KB 혜담카드,48.0,서울 마포구,30,대학생,33,남,64.0,12.0,2.0,11.0,11.0
3076,2160646,1610000,토스카드,73.0,서울 강동구,20,서비스직,29,남,39.0,13.0,5.0,43.0,0.0
3077,2812408,529000,IBK 두드림카드,82.0,서울 노원구,30,영업,37,여,8.0,16.0,12.0,52.0,12.0
3078,2652471,890000,카카오뱅크 체크,82.0,서울 성동구,20,데이터분석가,27,남,15.0,43.0,15.0,16.0,11.0
3079,2931857,917000,롯데 DC카드,47.0,서울 마포구,30,간호사,30,남,49.0,26.0,10.0,5.0,10.0
3080,2889387,1072000,씨티 Premier카드,73.0,서울 동작구,30,데이터분석가,39,여,59.0,21.0,0.0,5.0,15.0
3081,1952663,1059000,하나 Simple카드,48.0,서울 동작구,20,대학생,26,남,27.0,25.0,5.0,18.0,25.0
3082,2038715,1116000,현대 ZERO카드,85.0,서울 서초구,20,공무원,29,여,54.0,22.0,2.0,10.0,12.0
3083,2081257,1735000,네이버페이 현대,78.0,서울 송파구,30,연구원,35,남,35.0,12.0,21.0,24.0,8.0
3084,2620704,1064000,KB 혜담카드,60.0,인천 남동구,30,영업,33,여,18.0,40.0,22.0,8.0,12.0
3085,2412625,824000,이마트 KB카드,61.0,대구 수성구,20,프리랜서,29,여,0.0,43.0,8.0,14.0,35.0
3086,3825484,1523000,토스카드,55.0,울산 남구,30,생산직,32,남,7.0,34.0,46.0,11.0,2.0
3087,2645570,809000,현대 ZERO카드,71.0,경기 수원시,20,연구원,23,남,34.0,12.0,20.0,11.0,23.0
3088,2107602,1342000,우리 Young카드,44.0,세종,20,서비스직,29,남,27.0,17.0,3.0,24.0,29.0
3089,1660910,1227000,KB 혜담카드,57.0,경기 수원시,20,서비스직,24,남,19.0,46.0,19.0,7.0,9.0
3090,2466425,1202000,우리 Young카드,62.0,경기 수원시,20,데이터분석가,27,여,17.0,30.0,31.0,7.0,15.0
3091,2805376,969000,IBK 두드림카드,51.0,서울 성동구,20,간호사,27,여,30.0,14.0,7.0,48.0,1.0
3092,3528629,1386000,NH 농협카드,67.0,인천 남동구,30,회계,36,남,47.0,0.0,6.0,44.0,3.0
3093,2792238,895000,네이버페이 현대,53.0,서울 용산구,20,서비스직,28,남,19.0,24.0,5.0,49.0,3.0
3094,2144055,1107000,이마트 KB카드,68.0,대구 수성구,20,대학생,22,남,27.0,16.0,17.0,14.0,26.0
3095,2266690,1965000,이마트 KB카드,70.0,서울 용산구,30,생산직,35,여,59.0,2.0,4.0,9.0,26.0
3096,1881549,1458000,IBK 두드림카드,58.0,서울 성동구,20,서비스직,23,남,7.0,52.0,29.0,11.0,1.0
3097,2222051,1365000,토스카드,46.0,광주 서구,20,컨설턴트,25,여,1.0,5.0,60.0,3.0,31.0
3098,2460704,1061000,네이버페이 현대,62.0,서울 성동구,30,간호사,35,여,11.0,7.0,36.0,20.0,26.0
3099,2353338,829000,우리 Young카드,45.0,서울 노원구,20,개발자,28,여,7.0,14.0,24.0,28.0,27.0
3100,2185351,994000,하나 Simple카드,44.0,서울 송파구,20,데이터분석가,28,남,60.0,15.0,9.0,6.0,10.0
3101,2433186,1353000,IBK 두드림카드,71.0,서울 용산구,30,데이터분석가,36,여,3.0,14.0,28.0,1.0,54.0
3102,1861652,1044000,롯데 DC카드,84.0,대구 수성구,20,간호사,23,남,7.0,58.0,16.0,9.0,10.0
3103,3659133,933000,현대 ZERO카드,67.0,경기 성남시,30,개발자,39,남,9.0,19.0,16.0,41.0,15.0
3104,2538259,611000,이마트 KB카드,81.0,경기 수원시,30,회계,34,여,15.0,7.0,22.0,27.0,29.0
3105,2162778,1242000,NH 농협카드,65.0,서울 용산구,20,회계,29,여,29.0,14.0,24.0,12.0,21.0
3106,2476799,1219000,씨티 Premier카드,62.0,경기 고양시,30,연구원,30,남,48.0,6.0,17.0,2.0,27.0
3107,1584043,1703000,KB 혜담카드,55.0,서울 동작구,20,프리랜서,20,남,6.0,60.0,4.0,17.0,13.0
3108,3915574,711000,토스카드,58.0,서울 마포구,30,프리랜서,30,남,30.0,4.0,24.0,38.0,4.0
3109,3388247,697000,토스카드,74.0,서울 동작구,30,간호사,33,남,25.0,11.0,62.0,1.0,1.0
3110,1863257,938000,현대 ZERO카드,64.0,서울 용산구,30,연구원,39,남,8.0,21.0,30.0,25.0,16.0
3111,3534199,891000,롯데 DC카드,49.0,서울 노원구,30,공무원,32,남,75.0,2.0,23.0,0.0,0.0
3112,2711240,1182000,네이버페이 현대,79.0,서울 마포구,20,연구원,21,남,20.0,11.0,30.0,37.0,2.0
3113,2312188,873000,신한 Deep카드,74.0,서울 마포구,20,데이터분석가,27,여,9.0,26.0,12.0,27.0,26.0
3114,3049055,2010000,현대 ZERO카드,43.0,서울 성동구,20,마케팅,24,여,1.0,27.0,46.0,16.0,10.0
3115,2358359,1213000,네이버페이 현대,77.0,서울 송파구,20,데이터분석가,25,여,22.0,0.0,36.0,2.0,40.0
3116,1541588,2307000,하나 Simple카드,60.0,경기 수원시,20,연구원,26,남,2.0,7.0,31.0,43.0,17.0
3117,2432584,1057000,네이버페이 현대,66.0,서울 성동구,20,개발자,23,여,63.0,0.0,19.0,15.0,3.0
3118,2622448,1084000,신한 Deep카드,48.0,서울 마포구,30,개발자,31,여,6.0,60.0,6.0,18.0,10.0
3119,1948351,1397000,카카오뱅크 체크,59.0,세종,20,프리랜서,29,여,19.0,13.0,11.0,3.0,54.0
3120,2786779,1412000,우리 Young카드,40.0,부산 해운대구,30,기획,31,여,5.0,47.0,19.0,12.0,17.0
3121,1416167,1312000,네이버페이 현대,85.0,광주 서구,20,영업,29,여,6.0,38.0,35.0,15.0,6.0
3122,2995283,918000,KB 혜담카드,82.0,경기 수원시,30,공무원,30,여,27.0,11.0,10.0,47.0,5.0
3123,2385314,2130000,삼성 taptap카드,71.0,광주 서구,30,마케팅,30,남,17.0,1.0,48.0,24.0,10.0
3124,1757526,1033000,네이버페이 현대,56.0,서울 서초구,20,간호사,28,여,17.0,0.0,18.0,18.0,47.0
3125,2443087,1863000,KB 혜담카드,84.0,서울 마포구,30,마케팅,31,여,45.0,18.0,8.0,3.0,26.0
3126,2716486,1303000,하나 Simple카드,51.0,대구 수성구,30,개발자,35,여,18.0,36.0,22.0,4.0,20.0
3127,2331962,918000,하나 Simple카드,51.0,인천 남동구,20,서비스직,26,여,69.0,1.0,12.0,7.0,11.0
3128,1878670,1177000,씨티 Premier카드,42.0,경기 고양시,20,개발자,23,남,31.0,12.0,20.0,18.0,19.0
3129,1996955,1194000,현대 ZERO카드,60.0,대전 유성구,20,디자이너,28,남,11.0,23.0,40.0,19.0,7.0
3130,1683478,1549000,삼성 taptap카드,42.0,서울 용산구,20,연구원,27,여,18.0,8.0,39.0,2.0,33.0
3131,2137660,1159000,삼성 taptap카드,49.0,서울 서초구,20,회계,22,여,17.0,59.0,6.0,9.0,9.0
3132,2787510,846000,이마트 KB카드,72.0,세종,20,컨설턴트,26,여,15.0,27.0,34.0,11.0,13.0
3133,2997015,1319000,KB 혜담카드,55.0,대전 유성구,30,영업,30,남,38.0,5.0,1.0,10.0,46.0
3134,2679707,1149000,네이버페이 현대,67.0,서울 강동구,20,개발자,27,남,25.0,26.0,29.0,20.0,0.0
3135,2977700,697000,토스카드,79.0,서울 노원구,20,생산직,24,여,31.0,12.0,12.0,29.0,16.0
3136,2205990,1451000,카카오뱅크 체크,72.0,대전 유성구,30,디자이너,32,여,11.0,36.0,10.0,38.0,5.0
3137,2406713,833000,우리 Young카드,49.0,서울 노원구,30,디자이너,31,여,2.0,13.0,76.0,8.0,1.0
3138,4519835,2570000,현대 ZERO카드,67.0,서울 관악구,30,컨설턴트,32,남,3.0,24.0,42.0,3.0,28.0
3139,3222171,1021000,이마트 KB카드,66.0,서울 서초구,30,기획,32,여,0.0,76.0,6.0,2.0,16.0
3140,1413797,811000,SSG 랜더스카드,80.0,경기 수원시,20,간호사,21,남,34.0,11.0,8.0,23.0,24.0
3141,2693574,830000,씨티 Premier카드,45.0,서울 용산구,30,영업,31,여,7.0,15.0,18.0,38.0,22.0
3142,3000391,931000,우리 Young카드,61.0,서울 강동구,30,간호사,32,남,28.0,35.0,21.0,0.0,16.0
3143,2663226,1465000,KB 혜담카드,61.0,서울 성동구,20,간호사,29,남,48.0,43.0,1.0,3.0,5.0
3144,1877510,1569000,NH 농협카드,48.0,대전 유성구,20,서비스직,21,여,36.0,35.0,7.0,4.0,18.0
3145,2080195,603000,네이버페이 현대,58.0,울산 남구,30,공무원,31,여,5.0,19.0,28.0,19.0,29.0
3146,2526750,673000,네이버페이 현대,69.0,대전 유성구,30,프리랜서,39,남,7.0,20.0,7.0,47.0,19.0
3147,2214035,2305000,씨티 Premier카드,60.0,경기 성남시,30,컨설턴트,32,여,7.0,6.0,25.0,32.0,30.0
3148,3570726,889000,IBK 두드림카드,57.0,서울 성동구,30,기획,34,남,6.0,1.0,53.0,39.0,1.0
3149,2173159,1943000,현대 ZERO카드,84.0,경기 성남시,30,기획,32,남,10.0,49.0,16.0,10.0,15.0
3150,2564170,1316000,SSG 랜더스카드,77.0,경기 성남시,30,연구원,32,남,30.0,20.0,9.0,3.0,38.0
3151,1747691,862000,이마트 KB카드,58.0,대전 유성구,30,디자이너,31,남,0.0,30.0,62.0,5.0,3.0
3152,2753558,750000,네이버페이 현대,56.0,서울 노원구,20,마케팅,23,여,16.0,30.0,14.0,21.0,19.0
3153,3889721,1598000,IBK 두드림카드,76.0,서울 노원구,30,디자이너,31,남,16.0,37.0,24.0,17.0,6.0
3154,2086463,1320000,이마트 KB카드,73.0,광주 서구,20,서비스직,25,남,30.0,13.0,45.0,5.0,7.0
3155,2351025,1272000,이마트 KB카드,43.0,서울 관악구,30,대학생,35,여,29.0,26.0,19.0,4.0,22.0
3156,2476610,1898000,IBK 두드림카드,66.0,서울 용산구,20,기획,27,남,15.0,17.0,38.0,15.0,15.0
3157,3237241,1605000,KB 혜담카드,76.0,대전 유성구,30,공무원,39,여,69.0,0.0,1.0,28.0,2.0
3158,2454305,1994000,우리 Young카드,67.0,광주 서구,20,생산직,27,남,2.0,8.0,44.0,44.0,2.0
3159,2151229,930000,이마트 KB카드,50.0,부산 해운대구,30,프리랜서,35,여,5.0,37.0,22.0,22.0,14.0
3160,1440588,1210000,롯데 DC카드,51.0,서울 용산구,20,디자이너,25,남,3.0,28.0,8.0,2.0,59.0
3161,2219411,1185000,토스카드,51.0,대구 수성구,30,프리랜서,34,남,48.0,15.0,3.0,26.0,8.0
3162,2286609,3000000,우리 Young카드,57.0,경기 수원시,20,데이터분석가,28,남,44.0,4.0,17.0,6.0,29.0
3163,1922336,1636000,우리 Young카드,62.0,서울 서초구,20,생산직,28,남,25.0,18.0,44.0,1.0,12.0
3164,2347483,567000,삼성 taptap카드,83.0,서울 관악구,20,마케팅,29,남,3.0,15.0,30.0,1.0,51.0
3165,2223537,1413000,KB 혜담카드,42.0,서울 송파구,30,디자이너,31,여,15.0,23.0,11.0,2.0,49.0
3166,1720926,639000,SSG 랜더스카드,64.0,경기 수원시,20,간호사,28,여,47.0,7.0,6.0,8.0,32.0
3167,1661484,1989000,삼성 taptap카드,69.0,서울 서초구,20,영업,21,여,21.0,8.0,58.0,3.0,10.0
3168,3281177,825000,현대 ZERO카드,85.0,경기 고양시,30,기획,30,여,10.0,35.0,1.0,23.0,31.0
3169,3622291,1049000,현대 ZERO카드,57.0,서울 동작구,30,생산직,33,남,6.0,15.0,25.0,6.0,48.0
3170,3115258,1131000,IBK 두드림카드,75.0,경기 수원시,20,디자이너,26,남,21.0,7.0,30.0,31.0,11.0
3171,3377965,1898000,토스카드,84.0,광주 서구,30,간호사,31,남,4.0,26.0,18.0,11.0,41.0
3172,2035004,1316000,IBK 두드림카드,71.0,대구 수성구,20,생산직,29,남,7.0,5.0,18.0,51.0,19.0
3173,2911670,1939000,롯데 DC카드,79.0,인천 남동구,20,영업,28,여,2.0,40.0,37.0,6.0,15.0
3174,2233465,724000,토스카드,80.0,서울 관악구,20,회계,23,여,1.0,15.0,17.0,46.0,21.0
3175,3154589,1665000,하나 Simple카드,43.0,광주 서구,30,데이터분석가,33,남,4.0,8.0,15.0,65.0,8.0
3176,2228587,879000,롯데 DC카드,57.0,서울 관악구,20,연구원,21,남,10.0,65.0,22.0,2.0,1.0
3177,1000000,822000,네이버페이 현대,71.0,경기 성남시,20,프리랜서,29,여,27.0,40.0,2.0,4.0,27.0
3178,3302367,885000,KB 혜담카드,54.0,광주 서구,30,마케팅,30,여,12.0,6.0,44.0,3.0,35.0
3179,2495501,570000,NH 농협카드,64.0,서울 동작구,20,공무원,25,남,14.0,7.0,23.0,50.0,6.0
3180,2664911,868000,신한 Deep카드,56.0,서울 노원구,30,기획,32,여,17.0,2.0,22.0,21.0,38.0
3181,2219111,1779000,하나 Simple카드,44.0,경기 성남시,20,프리랜서,20,여,6.0,27.0,63.0,4.0,0.0
3182,2331713,1112000,우리 Young카드,49.0,서울 성동구,20,영업,25,남,50.0,4.0,27.0,15.0,4.0
3183,1951360,1708000,KB 혜담카드,43.0,서울 용산구,20,서비스직,26,남,57.0,9.0,16.0,16.0,2.0
3184,2808289,1714000,네이버페이 현대,70.0,서울 강동구,30,컨설턴트,32,여,23.0,0.0,44.0,0.0,33.0
3185,1596450,1446000,SSG 랜더스카드,74.0,경기 수원시,20,연구원,29,여,4.0,10.0,81.0,3.0,2.0
3186,2343034,1669000,카카오뱅크 체크,74.0,서울 성동구,20,대학생,20,여,54.0,12.0,4.0,4.0,26.0
3187,2530786,811000,우리 Young카드,54.0,서울 송파구,20,개발자,28,남,17.0,41.0,11.0,27.0,4.0
3188,2860931,1224000,현대 ZERO카드,42.0,경기 고양시,30,회계,34,남,10.0,8.0,10.0,2.0,70.0
3189,2435433,1833000,롯데 DC카드,65.0,광주 서구,20,회계,29,여,23.0,1.0,36.0,26.0,14.0
3190,1754332,1421000,카카오뱅크 체크,44.0,서울 동작구,20,개발자,20,여,6.0,11.0,36.0,12.0,35.0
3191,2323921,1169000,네이버페이 현대,54.0,인천 남동구,30,마케팅,36,남,23.0,9.0,11.0,14.0,43.0
3192,2618358,1230000,삼성 taptap카드,71.0,경기 고양시,30,회계,31,여,19.0,1.0,13.0,5.0,62.0
3193,2589274,1032000,KB 혜담카드,73.0,서울 강남구,20,공무원,25,여,15.0,53.0,11.0,8.0,13.0
3194,1562567,2029000,씨티 Premier카드,75.0,경기 고양시,30,프리랜서,33,여,10.0,15.0,6.0,27.0,42.0
3195,2511010,1798000,카카오뱅크 체크,72.0,대전 유성구,20,기획,28,여,24.0,55.0,2.0,1.0,18.0
3196,2228399,1306000,NH 농협카드,44.0,경기 성남시,30,개발자,36,여,1.0,24.0,3.0,28.0,44.0
3197,2865035,2053000,우리 Young카드,45.0,대구 수성구,30,회계,33,남,21.0,13.0,41.0,22.0,3.0
3198,1580241,632000,삼성 taptap카드,84.0,인천 남동구,20,컨설턴트,27,여,57.0,8.0,6.0,18.0,11.0
3199,1824191,1829000,NH 농협카드,53.0,경기 수원시,20,개발자,28,남,1.0,21.0,7.0,55.0,16.0
3200,2983062,1046000,하나 Simple카드,77.0,경기 고양시,30,회계,32,여,7.0,7.0,46.0,12.0,28.0
3201,2266431,1074000,삼성 taptap카드,50.0,인천 남동구,20,생산직,20,남,10.0,51.0,6.0,22.0,11.0
3202,2308610,1680000,토스카드,46.0,서울 성동구,30,프리랜서,32,여,1.0,30.0,10.0,11.0,48.0
3203,2918458,1932000,카카오뱅크 체크,66.0,서울 서초구,30,간호사,34,남,37.0,18.0,12.0,21.0,12.0
3204,2494605,1265000,현대 ZERO카드,72.0,서울 관악구,20,공무원,24,남,16.0,2.0,65.0,2.0,15.0
3205,3308346,1103000,삼성 taptap카드,47.0,서울 동작구,30,연구원,37,남,4.0,21.0,1.0,67.0,7.0
3206,2212486,1337000,하나 Simple카드,46.0,서울 강남구,20,컨설턴트,23,남,22.0,20.0,37.0,11.0,10.0
3207,2796479,1056000,토스카드,70.0,서울 관악구,20,마케팅,27,여,35.0,5.0,40.0,19.0,1.0
3208,2735231,682000,카카오뱅크 체크,44.0,세종,20,디자이너,20,여,1.0,28.0,55.0,1.0,15.0
3209,2706686,1082000,이마트 KB카드,74.0,서울 관악구,30,공무원,37,여,18.0,4.0,54.0,10.0,14.0
3210,2277305,1549000,하나 Simple카드,72.0,서울 노원구,20,생산직,27,남,1.0,3.0,84.0,3.0,9.0
3211,3460124,1459000,삼성 taptap카드,60.0,서울 강동구,30,컨설턴트,31,남,45.0,16.0,12.0,18.0,9.0
3212,2407133,1159000,롯데 DC카드,75.0,서울 서초구,20,생산직,27,남,1.0,47.0,11.0,38.0,3.0
3213,3742560,1074000,이마트 KB카드,85.0,서울 서초구,30,회계,31,남,48.0,7.0,18.0,22.0,5.0
3214,2949780,1141000,우리 Young카드,64.0,경기 수원시,30,생산직,30,여,2.0,64.0,1.0,32.0,1.0
3215,1740873,909000,우리 Young카드,59.0,서울 동작구,20,컨설턴트,27,남,0.0,29.0,30.0,6.0,35.0
3216,1707018,1360000,토스카드,54.0,세종,20,대학생,25,남,5.0,10.0,9.0,36.0,40.0
3217,1899375,1007000,현대 ZERO카드,85.0,경기 수원시,20,간호사,26,남,15.0,15.0,66.0,1.0,3.0
3218,2738069,1423000,토스카드,74.0,서울 강남구,20,마케팅,23,남,7.0,2.0,41.0,13.0,37.0
3219,1461845,974000,네이버페이 현대,40.0,서울 관악구,20,개발자,25,여,71.0,3.0,9.0,14.0,3.0
3220,2697378,1658000,신한 Deep카드,77.0,인천 남동구,30,마케팅,32,여,24.0,2.0,1.0,4.0,69.0
3221,2431271,1173000,씨티 Premier카드,64.0,서울 강남구,20,영업,28,남,23.0,28.0,32.0,5.0,12.0
3222,3813853,1014000,우리 Young카드,64.0,대구 수성구,30,간호사,32,남,4.0,9.0,24.0,32.0,31.0
3223,2340169,1795000,NH 농협카드,68.0,대전 유성구,20,공무원,29,남,25.0,13.0,13.0,41.0,8.0
3224,1578395,1086000,카카오뱅크 체크,74.0,인천 남동구,20,회계,24,남,30.0,32.0,29.0,5.0,4.0
3225,1770322,1637000,토스카드,53.0,서울 용산구,20,기획,29,남,39.0,24.0,9.0,15.0,13.0
3226,1659002,787000,이마트 KB카드,66.0,부산 해운대구,20,연구원,21,여,17.0,17.0,10.0,40.0,16.0
3227,1981028,845000,삼성 taptap카드,67.0,서울 동작구,20,기획,27,여,17.0,27.0,17.0,9.0,30.0
3228,2408549,1400000,NH 농협카드,78.0,서울 강동구,30,공무원,31,여,1.0,43.0,16.0,40.0,0.0
3229,2184190,582000,삼성 taptap카드,72.0,서울 강남구,30,컨설턴트,33,남,1.0,54.0,7.0,9.0,29.0
3230,2985330,2795000,하나 Simple카드,47.0,서울 노원구,20,디자이너,27,남,25.0,3.0,49.0,7.0,16.0
3231,1837359,1023000,SSG 랜더스카드,76.0,서울 관악구,30,영업,31,여,21.0,8.0,2.0,26.0,43.0
3232,3173051,871000,KB 혜담카드,56.0,세종,30,컨설턴트,34,여,24.0,16.0,25.0,28.0,7.0
3233,2842581,1227000,KB 혜담카드,72.0,서울 성동구,20,디자이너,28,여,28.0,23.0,24.0,21.0,4.0
3234,3628811,944000,이마트 KB카드,48.0,경기 수원시,30,기획,30,남,38.0,21.0,6.0,10.0,25.0
3235,2153116,949000,네이버페이 현대,52.0,경기 고양시,30,마케팅,32,여,15.0,4.0,38.0,10.0,33.0
3236,3239715,1126000,IBK 두드림카드,70.0,서울 송파구,30,기획,33,남,9.0,27.0,2.0,33.0,29.0
3237,1611314,1460000,네이버페이 현대,55.0,서울 노원구,20,기획,23,여,41.0,29.0,3.0,23.0,4.0
3238,2705453,872000,NH 농협카드,71.0,경기 수원시,20,마케팅,27,여,12.0,37.0,2.0,46.0,3.0
3239,2463007,1844000,신한 Deep카드,45.0,서울 노원구,30,기획,30,여,5.0,35.0,28.0,2.0,30.0
3240,2045339,1672000,카카오뱅크 체크,56.0,경기 성남시,20,개발자,23,남,5.0,14.0,9.0,58.0,14.0
3241,1888127,1732000,토스카드,54.0,경기 고양시,30,영업,34,여,3.0,60.0,1.0,15.0,21.0
3242,1265745,1017000,우리 Young카드,83.0,서울 강동구,30,기획,30,남,3.0,9.0,0.0,87.0,1.0
3243,1730729,1798000,카카오뱅크 체크,72.0,대전 유성구,20,기획,28,남,24.0,55.0,2.0,1.0,18.0
3244,3778958,903000,카카오뱅크 체크,45.0,서울 강남구,30,회계,33,남,54.0,14.0,4.0,23.0,5.0
3245,2048583,2114000,신한 Deep카드,77.0,경기 고양시,20,간호사,27,여,2.0,25.0,24.0,23.0,26.0
3246,2165335,1822000,우리 Young카드,73.0,경기 고양시,20,컨설턴트,25,남,26.0,11.0,7.0,40.0,16.0
3247,3458888,544000,현대 ZERO카드,72.0,서울 노원구,30,마케팅,38,남,32.0,10.0,49.0,3.0,6.0
3248,3402834,1493000,KB 혜담카드,45.0,경기 고양시,30,생산직,30,여,32.0,4.0,25.0,22.0,17.0
3249,3927503,934000,NH 농협카드,82.0,부산 해운대구,30,영업,30,남,1.0,7.0,67.0,6.0,19.0
3250,1763832,801000,씨티 Premier카드,68.0,부산 해운대구,20,생산직,21,여,20.0,12.0,14.0,19.0,35.0
3251,1640200,1309000,네이버페이 현대,43.0,서울 마포구,30,생산직,34,남,40.0,0.0,53.0,4.0,3.0
3252,4651729,1071000,삼성 taptap카드,63.0,서울 강남구,30,영업,35,남,75.0,17.0,6.0,1.0,1.0
3253,3384495,1739000,카카오뱅크 체크,65.0,서울 마포구,20,마케팅,24,여,9.0,18.0,47.0,12.0,14.0
3254,2344226,1870000,카카오뱅크 체크,60.0,서울 송파구,20,기획,25,남,56.0,3.0,1.0,6.0,34.0
3255,2110658,827000,우리 Young카드,47.0,서울 마포구,30,대학생,32,남,25.0,6.0,17.0,32.0,20.0
3256,2731613,2315000,IBK 두드림카드,58.0,서울 관악구,20,개발자,26,여,27.0,17.0,35.0,2.0,19.0
3257,2196008,1086000,카카오뱅크 체크,74.0,인천 남동구,20,회계,24,여,30.0,32.0,29.0,5.0,4.0
3258,2443509,1245000,네이버페이 현대,69.0,경기 고양시,30,서비스직,30,여,2.0,30.0,26.0,16.0,26.0
3259,2697229,911000,NH 농협카드,58.0,서울 성동구,20,영업,29,남,13.0,40.0,9.0,9.0,29.0
3260,2417187,2002000,삼성 taptap카드,70.0,대전 유성구,20,디자이너,27,남,14.0,1.0,28.0,23.0,34.0
3261,1657092,1194000,현대 ZERO카드,60.0,대전 유성구,20,디자이너,28,여,11.0,23.0,40.0,19.0,7.0
3262,2087629,989000,NH 농협카드,54.0,서울 동작구,20,영업,26,여,20.0,54.0,11.0,4.0,11.0
3263,2830576,883000,IBK 두드림카드,54.0,대전 유성구,30,영업,39,여,25.0,20.0,26.0,19.0,10.0
3264,2505126,540000,롯데 DC카드,45.0,경기 성남시,20,생산직,27,여,17.0,43.0,19.0,6.0,15.0
3265,2631008,1254000,신한 Deep카드,51.0,세종,30,디자이너,32,여,21.0,46.0,8.0,19.0,6.0
3266,2716711,2196000,우리 Young카드,56.0,서울 송파구,20,마케팅,22,남,24.0,10.0,36.0,15.0,15.0
3267,2069141,780000,카카오뱅크 체크,52.0,경기 고양시,20,생산직,26,남,13.0,28.0,20.0,6.0,33.0
3268,2589334,1301000,하나 Simple카드,78.0,경기 성남시,30,프리랜서,39,여,2.0,32.0,7.0,54.0,5.0
3269,1000000,1706000,IBK 두드림카드,68.0,서울 송파구,20,개발자,21,남,8.0,30.0,5.0,48.0,9.0
3270,2685244,2062000,SSG 랜더스카드,42.0,서울 노원구,30,마케팅,32,남,28.0,8.0,32.0,25.0,7.0
3271,2631951,1431000,IBK 두드림카드,76.0,부산 해운대구,20,프리랜서,20,여,38.0,1.0,51.0,5.0,5.0
3272,2054802,1096000,씨티 Premier카드,73.0,경기 성남시,20,프리랜서,28,여,1.0,1.0,8.0,16.0,74.0
3273,2016886,1047000,NH 농협카드,79.0,울산 남구,20,생산직,29,남,7.0,49.0,14.0,27.0,3.0
3274,1729273,868000,현대 ZERO카드,51.0,서울 마포구,20,대학생,26,남,20.0,4.0,23.0,2.0,51.0
3275,3702356,1229000,IBK 두드림카드,46.0,경기 성남시,30,기획,32,남,11.0,38.0,0.0,37.0,14.0
3276,2774231,1034000,신한 Deep카드,44.0,서울 송파구,30,기획,30,여,3.0,32.0,13.0,42.0,10.0
3277,2912707,755000,씨티 Premier카드,80.0,경기 수원시,30,컨설턴트,35,여,16.0,20.0,22.0,23.0,19.0
3278,1386893,1146000,KB 혜담카드,55.0,서울 노원구,20,프리랜서,26,남,31.0,13.0,32.0,1.0,23.0
3279,2887684,1078000,우리 Young카드,68.0,서울 용산구,30,연구원,37,남,22.0,11.0,63.0,3.0,1.0
3280,2359944,1713000,하나 Simple카드,47.0,경기 수원시,30,회계,34,여,8.0,4.0,70.0,10.0,8.0
3281,2803599,648000,현대 ZERO카드,65.0,대전 유성구,30,디자이너,33,남,17.0,19.0,10.0,4.0,50.0
3282,2191986,960000,롯데 DC카드,63.0,서울 마포구,30,영업,32,여,28.0,13.0,2.0,51.0,6.0
3283,2326947,1731000,네이버페이 현대,53.0,세종,30,간호사,31,여,24.0,19.0,46.0,5.0,6.0
3284,2674822,756000,하나 Simple카드,65.0,경기 성남시,20,공무원,20,남,3.0,39.0,20.0,23.0,15.0
3285,1293574,1448000,씨티 Premier카드,74.0,서울 동작구,20,공무원,21,여,16.0,1.0,32.0,3.0,48.0
3286,3138647,1915000,우리 Young카드,79.0,서울 송파구,20,컨설턴트,22,남,21.0,34.0,8.0,17.0,20.0
3287,2491920,1001000,토스카드,45.0,경기 수원시,20,연구원,28,남,31.0,1.0,20.0,18.0,30.0
3288,2228834,1833000,SSG 랜더스카드,83.0,부산 해운대구,20,대학생,24,여,4.0,51.0,32.0,4.0,9.0
3289,3634783,904000,KB 혜담카드,57.0,서울 동작구,30,연구원,30,남,62.0,9.0,2.0,18.0,9.0
3290,1524082,986000,롯데 DC카드,71.0,인천 남동구,20,연구원,28,여,37.0,21.0,6.0,19.0,17.0
3291,2167649,1829000,KB 혜담카드,45.0,광주 서구,30,프리랜서,34,여,5.0,22.0,6.0,9.0,58.0
3292,2915247,1141000,토스카드,46.0,경기 수원시,30,회계,36,남,23.0,11.0,25.0,40.0,1.0
3293,2932780,1018000,하나 Simple카드,44.0,대구 수성구,20,개발자,25,남,13.0,29.0,8.0,42.0,8.0
3294,2967452,1723000,카카오뱅크 체크,71.0,경기 고양시,30,개발자,35,남,2.0,2.0,4.0,79.0,13.0
3295,2475027,838000,KB 혜담카드,47.0,서울 강남구,20,개발자,27,남,1.0,11.0,38.0,7.0,43.0
3296,2587294,679000,씨티 Premier카드,47.0,서울 강동구,30,대학생,31,남,1.0,79.0,1.0,1.0,18.0
3297,3340789,1198000,KB 혜담카드,48.0,서울 마포구,30,마케팅,30,남,4.0,31.0,48.0,5.0,12.0
3298,3088619,1540000,신한 Deep카드,68.0,인천 남동구,20,영업,22,남,11.0,15.0,9.0,37.0,28.0
3299,2747763,1325000,롯데 DC카드,80.0,서울 동작구,20,회계,20,여,11.0,5.0,5.0,24.0,55.0
3300,2459272,1149000,하나 Simple카드,61.0,경기 성남시,30,영업,36,여,45.0,15.0,5.0,26.0,9.0
3301,2837745,1243000,현대 ZERO카드,40.0,서울 관악구,30,공무원,30,여,4.0,4.0,67.0,3.0,22.0
3302,2538758,1715000,카카오뱅크 체크,67.0,울산 남구,20,서비스직,22,남,2.0,3.0,39.0,34.0,22.0
3303,2503293,1003000,이마트 KB카드,52.0,대전 유성구,20,디자이너,26,남,11.0,61.0,9.0,5.0,14.0
3304,2805976,887000,신한 Deep카드,50.0,서울 동작구,20,기획,28,여,3.0,13.0,19.0,18.0,47.0
3305,2802238,900000,토스카드,75.0,광주 서구,20,마케팅,20,남,20.0,28.0,12.0,15.0,25.0
3306,2910988,1336000,IBK 두드림카드,53.0,대전 유성구,30,영업,31,남,59.0,2.0,2.0,1.0,36.0
3307,2570939,1040000,우리 Young카드,60.0,서울 용산구,20,공무원,27,여,2.0,13.0,35.0,46.0,4.0
3308,2058452,2279000,NH 농협카드,79.0,서울 성동구,20,간호사,27,여,15.0,8.0,19.0,40.0,18.0
3309,1788463,1376000,씨티 Premier카드,43.0,대전 유성구,20,데이터분석가,20,여,5.0,41.0,46.0,5.0,3.0
3310,2811354,746000,롯데 DC카드,78.0,서울 노원구,30,컨설턴트,37,남,26.0,7.0,5.0,15.0,47.0
3311,2211860,1449000,하나 Simple카드,54.0,부산 해운대구,20,마케팅,25,여,36.0,17.0,13.0,33.0,1.0
3312,1419209,1126000,신한 Deep카드,62.0,경기 고양시,20,간호사,28,여,18.0,31.0,4.0,27.0,20.0
3313,2680166,1149000,우리 Young카드,52.0,서울 강동구,20,대학생,29,여,53.0,2.0,13.0,2.0,30.0
3314,1000000,1774000,하나 Simple카드,50.0,서울 용산구,20,마케팅,29,여,12.0,2.0,1.0,40.0,45.0
3315,3607408,781000,SSG 랜더스카드,56.0,경기 수원시,20,간호사,23,여,4.0,79.0,5.0,7.0,5.0
3316,3000939,1503000,삼성 taptap카드,53.0,서울 성동구,20,회계,29,여,7.0,2.0,3.0,38.0,50.0
3317,2119495,1396000,삼성 taptap카드,75.0,경기 고양시,20,생산직,26,남,9.0,21.0,14.0,38.0,18.0
3318,2504713,1698000,신한 Deep카드,59.0,인천 남동구,30,영업,39,여,52.0,17.0,1.0,2.0,28.0
3319,2651485,1549000,삼성 taptap카드,53.0,서울 강남구,30,생산직,33,여,54.0,2.0,19.0,7.0,18.0
3320,2205419,1795000,네이버페이 현대,75.0,서울 강남구,30,연구원,39,여,3.0,28.0,31.0,33.0,5.0
3321,3134833,1621000,롯데 DC카드,53.0,경기 수원시,30,연구원,35,남,16.0,42.0,23.0,7.0,12.0
3322,2178000,1220000,IBK 두드림카드,71.0,대전 유성구,20,프리랜서,28,남,19.0,2.0,21.0,8.0,50.0
3323,2202863,1047000,현대 ZERO카드,42.0,서울 성동구,20,회계,26,여,32.0,28.0,21.0,18.0,1.0
3324,2340730,1482000,KB 혜담카드,60.0,부산 해운대구,20,컨설턴트,29,여,53.0,1.0,16.0,3.0,27.0
3325,1843236,1024000,현대 ZERO카드,43.0,서울 송파구,30,컨설턴트,34,여,14.0,14.0,15.0,19.0,38.0
3326,2269784,701000,우리 Young카드,65.0,서울 서초구,20,간호사,23,여,18.0,27.0,28.0,27.0,0.0
3327,2331723,804000,토스카드,63.0,서울 관악구,20,생산직,29,여,21.0,7.0,19.0,2.0,51.0
3328,2314424,636000,신한 Deep카드,59.0,서울 동작구,20,회계,28,여,46.0,2.0,3.0,2.0,47.0
3329,2392084,779000,롯데 DC카드,77.0,서울 강동구,30,프리랜서,34,여,21.0,30.0,3.0,10.0,36.0
3330,3068928,859000,토스카드,49.0,서울 동작구,30,개발자,30,여,22.0,21.0,8.0,44.0,5.0
3331,2323173,1271000,SSG 랜더스카드,63.0,서울 노원구,30,디자이너,32,여,6.0,13.0,21.0,0.0,60.0
3332,3159128,540000,네이버페이 현대,40.0,서울 용산구,30,기획,39,남,7.0,21.0,20.0,21.0,31.0
3333,2898648,1385000,IBK 두드림카드,68.0,대전 유성구,20,마케팅,26,남,7.0,2.0,67.0,12.0,12.0
3334,2460311,1623000,네이버페이 현대,78.0,서울 동작구,30,회계,33,여,18.0,8.0,13.0,42.0,19.0
3335,2357231,1050000,현대 ZERO카드,53.0,경기 수원시,20,디자이너,26,남,2.0,5.0,15.0,16.0,62.0
3336,2201807,1138000,카카오뱅크 체크,46.0,서울 강남구,20,서비스직,25,남,4.0,15.0,8.0,44.0,29.0
3337,3866158,1085000,현대 ZERO카드,60.0,서울 노원구,30,생산직,38,남,12.0,4.0,8.0,30.0,46.0
3338,2121137,1862000,롯데 DC카드,56.0,서울 강남구,20,영업,28,남,5.0,52.0,13.0,21.0,9.0
3339,2891677,756000,하나 Simple카드,65.0,경기 성남시,20,공무원,20,남,3.0,39.0,20.0,23.0,15.0
3340,2927488,1015000,토스카드,57.0,서울 서초구,30,간호사,31,남,10.0,30.0,35.0,2.0,23.0
3341,1820270,1419000,카카오뱅크 체크,70.0,광주 서구,20,디자이너,25,여,31.0,16.0,16.0,17.0,20.0
3342,2839686,2246000,우리 Young카드,78.0,세종,30,컨설턴트,37,여,11.0,8.0,0.0,76.0,5.0
3343,2786732,1707000,NH 농협카드,54.0,경기 수원시,30,서비스직,38,남,5.0,33.0,3.0,19.0,40.0
3344,3434350,982000,토스카드,78.0,경기 수원시,30,기획,31,남,51.0,10.0,23.0,15.0,1.0
3345,1000000,1870000,카카오뱅크 체크,60.0,서울 송파구,20,기획,25,여,56.0,3.0,1.0,6.0,34.0
3346,2252602,715000,우리 Young카드,44.0,서울 용산구,20,마케팅,26,남,2.0,4.0,19.0,52.0,23.0
3347,2270197,1979000,이마트 KB카드,56.0,서울 성동구,30,연구원,30,여,12.0,19.0,24.0,30.0,15.0
3348,1718370,1095000,롯데 DC카드,61.0,서울 마포구,20,기획,27,여,40.0,7.0,23.0,19.0,11.0
3349,1973379,553000,우리 Young카드,73.0,서울 송파구,20,데이터분석가,24,여,11.0,53.0,15.0,14.0,7.0
3350,2598407,1380000,씨티 Premier카드,66.0,서울 강동구,30,공무원,39,남,17.0,26.0,1.0,39.0,17.0
3351,2476007,930000,KB 혜담카드,72.0,대구 수성구,30,생산직,37,여,32.0,19.0,29.0,0.0,20.0
3352,2042871,1505000,삼성 taptap카드,74.0,서울 용산구,30,영업,37,남,18.0,21.0,38.0,9.0,14.0
3353,2658136,1064000,KB 혜담카드,60.0,인천 남동구,30,영업,33,여,18.0,40.0,22.0,8.0,12.0
3354,3183107,941000,씨티 Premier카드,53.0,서울 마포구,30,마케팅,34,여,23.0,11.0,20.0,39.0,7.0
3355,3196649,1841000,토스카드,59.0,서울 송파구,30,간호사,30,남,38.0,20.0,28.0,9.0,5.0
3356,2654494,793000,KB 혜담카드,47.0,서울 마포구,20,영업,25,남,5.0,61.0,11.0,15.0,8.0
3357,2797281,1695000,롯데 DC카드,54.0,인천 남동구,20,컨설턴트,20,남,21.0,53.0,18.0,0.0,8.0
3358,4309097,1149000,토스카드,71.0,부산 해운대구,30,대학생,31,남,37.0,2.0,8.0,16.0,37.0
3359,2250399,1696000,삼성 taptap카드,85.0,대구 수성구,30,프리랜서,32,여,40.0,17.0,11.0,18.0,14.0
3360,1890758,1850000,네이버페이 현대,58.0,세종,20,연구원,27,남,17.0,1.0,2.0,41.0,39.0
3361,2641732,1696000,SSG 랜더스카드,48.0,인천 남동구,20,개발자,28,여,38.0,20.0,18.0,22.0,2.0
3362,2854133,918000,KB 혜담카드,82.0,경기 수원시,30,공무원,30,여,27.0,11.0,10.0,47.0,5.0
3363,2637837,1425000,카카오뱅크 체크,64.0,서울 용산구,20,간호사,28,여,21.0,24.0,7.0,43.0,5.0
3364,3194641,1854000,현대 ZERO카드,68.0,경기 고양시,20,연구원,27,여,11.0,15.0,26.0,12.0,36.0
3365,2255684,1810000,하나 Simple카드,71.0,서울 서초구,20,마케팅,20,남,11.0,23.0,45.0,18.0,3.0
3366,2463078,1876000,SSG 랜더스카드,51.0,경기 고양시,20,프리랜서,20,남,19.0,20.0,58.0,2.0,1.0
3367,2009805,1272000,NH 농협카드,84.0,서울 관악구,30,서비스직,30,여,26.0,19.0,17.0,34.0,4.0
3368,4494724,2363000,카카오뱅크 체크,70.0,서울 용산구,30,기획,35,남,28.0,1.0,5.0,6.0,60.0
3369,2764418,1950000,카카오뱅크 체크,68.0,서울 성동구,30,데이터분석가,34,남,1.0,48.0,27.0,20.0,4.0
3370,2784248,605000,이마트 KB카드,59.0,부산 해운대구,30,마케팅,36,남,54.0,2.0,3.0,19.0,22.0
3371,2757275,1187000,삼성 taptap카드,62.0,서울 노원구,30,개발자,33,남,1.0,13.0,37.0,42.0,7.0
3372,2548572,1196000,우리 Young카드,53.0,경기 성남시,30,영업,30,남,10.0,12.0,38.0,28.0,12.0
3373,1885281,1538000,네이버페이 현대,50.0,인천 남동구,20,생산직,28,여,15.0,22.0,9.0,46.0,8.0
3374,2633407,799000,현대 ZERO카드,66.0,경기 수원시,30,대학생,37,남,6.0,23.0,40.0,1.0,30.0
3375,1817102,1062000,카카오뱅크 체크,56.0,경기 고양시,30,생산직,39,여,7.0,7.0,29.0,8.0,49.0
3376,1857341,975000,IBK 두드림카드,66.0,인천 남동구,20,회계,27,남,0.0,14.0,24.0,37.0,25.0
3377,3474481,1388000,삼성 taptap카드,54.0,경기 수원시,30,기획,31,여,44.0,5.0,9.0,13.0,29.0
3378,3514958,775000,현대 ZERO카드,81.0,대전 유성구,30,생산직,39,남,37.0,27.0,8.0,7.0,21.0
3379,2962952,856000,토스카드,85.0,서울 송파구,30,마케팅,31,여,7.0,14.0,65.0,9.0,5.0
3380,3088604,1223000,KB 혜담카드,62.0,부산 해운대구,30,연구원,36,여,34.0,10.0,35.0,0.0,21.0
3381,4283894,1992000,NH 농협카드,79.0,광주 서구,30,간호사,30,남,1.0,27.0,46.0,18.0,8.0
3382,1614288,672000,이마트 KB카드,74.0,서울 송파구,30,간호사,38,여,5.0,11.0,50.0,23.0,11.0
3383,1635058,1610000,토스카드,73.0,서울 강동구,20,서비스직,29,여,39.0,13.0,5.0,43.0,0.0
3384,2098138,796000,IBK 두드림카드,58.0,울산 남구,30,대학생,31,여,8.0,46.0,21.0,20.0,5.0
3385,2265135,775000,KB 혜담카드,47.0,경기 수원시,30,서비스직,31,여,7.0,54.0,3.0,11.0,25.0
3386,2789601,1691000,네이버페이 현대,67.0,세종,30,간호사,34,남,8.0,14.0,37.0,15.0,26.0
3387,2276511,1332000,토스카드,74.0,서울 송파구,30,생산직,32,여,24.0,18.0,22.0,17.0,19.0
3388,2359654,612000,NH 농협카드,65.0,세종,20,대학생,25,남,16.0,61.0,10.0,3.0,10.0
3389,3024706,1508000,하나 Simple카드,67.0,서울 용산구,30,연구원,33,남,5.0,21.0,38.0,24.0,12.0
3390,1888582,1360000,토스카드,67.0,서울 강남구,20,서비스직,26,여,26.0,5.0,18.0,12.0,39.0
3391,1477115,1179000,KB 혜담카드,75.0,서울 서초구,30,영업,34,남,4.0,35.0,9.0,6.0,46.0
3392,1753565,1383000,하나 Simple카드,80.0,울산 남구,20,컨설턴트,28,여,26.0,3.0,18.0,1.0,52.0
3393,1975380,834000,토스카드,75.0,서울 송파구,20,간호사,29,여,19.0,8.0,4.0,15.0,54.0
3394,2376460,1062000,카카오뱅크 체크,56.0,경기 고양시,30,생산직,39,여,7.0,7.0,29.0,8.0,49.0
3395,1685166,1358000,카카오뱅크 체크,76.0,서울 용산구,20,영업,25,여,3.0,19.0,13.0,43.0,22.0
3396,2656435,1148000,롯데 DC카드,41.0,서울 성동구,30,디자이너,30,남,34.0,32.0,11.0,15.0,8.0
3397,2208308,1276000,이마트 KB카드,52.0,울산 남구,30,기획,32,남,43.0,2.0,22.0,25.0,8.0
3398,2187090,1001000,우리 Young카드,55.0,인천 남동구,20,데이터분석가,20,남,10.0,38.0,13.0,35.0,4.0
3399,1713454,1511000,씨티 Premier카드,65.0,서울 성동구,20,회계,28,남,33.0,2.0,6.0,20.0,39.0
3400,2405766,1202000,우리 Young카드,46.0,서울 동작구,30,대학생,35,남,40.0,34.0,17.0,3.0,6.0
3401,1595657,830000,씨티 Premier카드,77.0,서울 강동구,20,간호사,27,남,18.0,25.0,23.0,22.0,12.0
3402,2423249,1656000,신한 Deep카드,44.0,경기 수원시,30,프리랜서,31,여,26.0,35.0,1.0,1.0,37.0
3403,1816776,1427000,SSG 랜더스카드,53.0,서울 노원구,20,회계,25,여,3.0,18.0,38.0,29.0,12.0
3404,2703392,880000,우리 Young카드,61.0,인천 남동구,20,생산직,29,남,18.0,33.0,3.0,45.0,1.0
3405,2452925,1734000,우리 Young카드,60.0,광주 서구,20,연구원,29,여,28.0,31.0,24.0,4.0,13.0
3406,2215074,1050000,현대 ZERO카드,53.0,경기 수원시,20,디자이너,26,남,2.0,5.0,15.0,16.0,62.0
3407,1851257,962000,신한 Deep카드,74.0,경기 수원시,20,프리랜서,22,남,47.0,3.0,3.0,6.0,41.0
3408,2440260,1731000,롯데 DC카드,72.0,서울 마포구,20,마케팅,27,여,21.0,13.0,39.0,1.0,26.0
3409,2845350,980000,현대 ZERO카드,40.0,세종,30,영업,37,여,8.0,36.0,7.0,38.0,11.0
3410,2571344,1331000,하나 Simple카드,62.0,대구 수성구,30,개발자,33,여,21.0,29.0,16.0,30.0,4.0
3411,3051850,1068000,롯데 DC카드,76.0,서울 서초구,20,서비스직,27,남,53.0,21.0,3.0,3.0,20.0
3412,2479818,1912000,IBK 두드림카드,69.0,경기 고양시,20,공무원,24,여,51.0,9.0,1.0,34.0,5.0
3413,2956803,1591000,씨티 Premier카드,53.0,울산 남구,30,기획,35,여,16.0,42.0,2.0,5.0,35.0
3414,2566782,1698000,삼성 taptap카드,80.0,세종,30,마케팅,39,여,20.0,8.0,9.0,18.0,45.0
3415,2587832,1801000,신한 Deep카드,64.0,서울 용산구,20,공무원,22,여,12.0,5.0,15.0,43.0,25.0
3416,2101609,1753000,삼성 taptap카드,43.0,서울 관악구,30,회계,34,여,19.0,24.0,22.0,6.0,29.0
3417,2270800,1566000,네이버페이 현대,59.0,서울 강남구,30,마케팅,32,여,9.0,16.0,54.0,14.0,7.0
3418,2424681,822000,네이버페이 현대,71.0,경기 성남시,20,프리랜서,29,여,27.0,40.0,2.0,4.0,27.0
3419,2421049,1325000,삼성 taptap카드,81.0,세종,20,기획,27,여,14.0,40.0,24.0,4.0,18.0
3420,2503805,1936000,KB 혜담카드,57.0,서울 관악구,20,개발자,27,여,13.0,19.0,9.0,25.0,34.0
3421,2800196,902000,SSG 랜더스카드,55.0,서울 관악구,20,개발자,29,남,11.0,15.0,8.0,66.0,0.0
3422,1537514,1760000,토스카드,62.0,서울 서초구,20,디자이너,27,여,0.0,7.0,46.0,4.0,43.0
3423,1762773,1199000,IBK 두드림카드,68.0,부산 해운대구,20,데이터분석가,25,남,39.0,11.0,26.0,13.0,11.0
3424,3160700,1796000,이마트 KB카드,83.0,서울 강남구,30,프리랜서,35,남,19.0,2.0,6.0,4.0,69.0
3425,2137818,659000,현대 ZERO카드,60.0,서울 강남구,30,데이터분석가,32,여,42.0,4.0,19.0,19.0,16.0
3426,3938884,2118000,씨티 Premier카드,75.0,경기 고양시,20,공무원,29,여,11.0,5.0,45.0,26.0,13.0
3427,2507859,897000,하나 Simple카드,82.0,서울 서초구,20,기획,29,여,3.0,26.0,26.0,24.0,21.0
3428,2210834,716000,이마트 KB카드,46.0,서울 노원구,20,영업,27,남,15.0,3.0,26.0,29.0,27.0
3429,1992265,792000,우리 Young카드,58.0,서울 동작구,20,컨설턴트,29,여,20.0,8.0,22.0,45.0,5.0
3430,2009918,1312000,IBK 두드림카드,74.0,세종,20,서비스직,26,남,21.0,26.0,40.0,6.0,7.0
3431,2515070,999000,NH 농협카드,47.0,경기 고양시,30,프리랜서,31,여,8.0,47.0,12.0,8.0,25.0
3432,2555990,1928000,네이버페이 현대,43.0,서울 용산구,30,디자이너,30,여,17.0,12.0,10.0,21.0,40.0
3433,2271650,1953000,씨티 Premier카드,71.0,세종,30,생산직,31,여,46.0,26.0,9.0,15.0,4.0
3434,2113423,2465000,우리 Young카드,63.0,서울 강동구,20,간호사,20,여,10.0,30.0,23.0,24.0,13.0
3435,3172142,1883000,씨티 Premier카드,71.0,서울 용산구,30,개발자,31,여,27.0,3.0,9.0,44.0,17.0
3436,3192252,1403000,이마트 KB카드,76.0,인천 남동구,30,연구원,33,여,59.0,3.0,8.0,19.0,11.0
3437,2376016,1577000,우리 Young카드,54.0,대구 수성구,20,영업,22,남,5.0,37.0,43.0,12.0,3.0
3438,2061118,582000,삼성 taptap카드,72.0,서울 강남구,30,컨설턴트,33,남,1.0,54.0,7.0,9.0,29.0
3439,2519251,736000,씨티 Premier카드,61.0,인천 남동구,20,연구원,25,여,4.0,3.0,72.0,17.0,4.0
3440,3027141,1447000,네이버페이 현대,54.0,경기 성남시,20,영업,26,여,0.0,16.0,33.0,40.0,11.0
3441,3958846,1844000,신한 Deep카드,45.0,서울 노원구,30,기획,30,남,5.0,35.0,28.0,2.0,30.0
3442,2867212,944000,이마트 KB카드,77.0,세종,30,간호사,39,여,23.0,1.0,16.0,44.0,16.0
3443,3995696,1005000,SSG 랜더스카드,60.0,서울 성동구,30,대학생,30,남,3.0,1.0,81.0,6.0,9.0
3444,2526692,654000,이마트 KB카드,69.0,서울 노원구,30,영업,34,여,15.0,44.0,18.0,10.0,13.0
3445,2814051,1218000,신한 Deep카드,81.0,서울 성동구,30,생산직,31,여,3.0,60.0,3.0,0.0,34.0
3446,1909612,1526000,하나 Simple카드,71.0,서울 관악구,20,회계,27,여,1.0,3.0,54.0,0.0,42.0
3447,2646132,1013000,KB 혜담카드,81.0,서울 강남구,30,프리랜서,33,여,24.0,56.0,5.0,11.0,4.0
3448,2914767,1409000,IBK 두드림카드,76.0,경기 수원시,20,디자이너,26,남,28.0,25.0,33.0,9.0,5.0
3449,1955288,1014000,KB 혜담카드,45.0,경기 고양시,20,대학생,25,남,33.0,28.0,5.0,27.0,7.0
3450,2069278,1558000,네이버페이 현대,66.0,세종,30,프리랜서,35,여,14.0,11.0,3.0,71.0,1.0
3451,2298744,804000,토스카드,63.0,서울 관악구,20,생산직,29,여,21.0,7.0,19.0,2.0,51.0
3452,2136668,1261000,IBK 두드림카드,69.0,서울 서초구,20,대학생,29,남,14.0,67.0,14.0,4.0,1.0
3453,2574573,1310000,롯데 DC카드,78.0,대전 유성구,20,생산직,20,여,29.0,11.0,10.0,49.0,1.0
3454,2682718,1680000,토스카드,46.0,서울 성동구,30,프리랜서,32,남,1.0,30.0,10.0,11.0,48.0
3455,3359219,2112000,현대 ZERO카드,72.0,부산 해운대구,30,생산직,30,여,11.0,46.0,21.0,11.0,11.0
3456,1605161,970000,현대 ZERO카드,81.0,인천 남동구,20,데이터분석가,29,여,7.0,0.0,14.0,36.0,43.0
3457,2876867,1163000,하나 Simple카드,61.0,서울 강동구,20,마케팅,25,남,6.0,18.0,18.0,26.0,32.0
3458,2464605,1008000,이마트 KB카드,71.0,서울 마포구,30,컨설턴트,33,남,7.0,16.0,20.0,2.0,55.0
3459,1352008,974000,NH 농협카드,57.0,서울 마포구,20,간호사,28,여,19.0,33.0,41.0,4.0,3.0
3460,2618937,1009000,NH 농협카드,76.0,서울 마포구,30,프리랜서,30,여,5.0,7.0,6.0,15.0,67.0
3461,2122696,1238000,카카오뱅크 체크,77.0,서울 마포구,20,데이터분석가,27,여,9.0,1.0,74.0,3.0,13.0
3462,1695195,1688000,씨티 Premier카드,78.0,서울 동작구,20,연구원,20,여,1.0,27.0,2.0,60.0,10.0
3463,1659311,950000,이마트 KB카드,43.0,서울 용산구,30,생산직,32,여,23.0,22.0,32.0,14.0,9.0
3464,2245819,874000,씨티 Premier카드,56.0,서울 노원구,20,디자이너,28,여,0.0,44.0,9.0,20.0,27.0
3465,2737918,1247000,신한 Deep카드,54.0,울산 남구,20,연구원,29,여,3.0,14.0,33.0,28.0,22.0
3466,2542476,1883000,신한 Deep카드,48.0,세종,20,연구원,20,남,46.0,5.0,38.0,5.0,6.0
3467,3039694,1346000,롯데 DC카드,44.0,울산 남구,30,영업,33,남,11.0,28.0,14.0,31.0,16.0
3468,2489423,942000,NH 농협카드,74.0,광주 서구,20,생산직,27,남,12.0,27.0,15.0,9.0,37.0
3469,2486392,978000,NH 농협카드,59.0,서울 서초구,30,디자이너,32,여,54.0,8.0,22.0,16.0,0.0
3470,1999193,1704000,현대 ZERO카드,58.0,경기 수원시,30,프리랜서,39,남,7.0,51.0,3.0,0.0,39.0
3471,1539553,1731000,롯데 DC카드,56.0,광주 서구,20,개발자,27,여,15.0,1.0,16.0,65.0,3.0
3472,2148415,1944000,KB 혜담카드,55.0,경기 수원시,20,서비스직,22,여,2.0,17.0,32.0,4.0,45.0
3473,2419673,1387000,하나 Simple카드,50.0,세종,30,회계,35,여,4.0,1.0,38.0,54.0,3.0
3474,2675491,1569000,신한 Deep카드,60.0,경기 고양시,20,마케팅,27,남,44.0,5.0,25.0,23.0,3.0
3475,2628652,1170000,하나 Simple카드,41.0,대전 유성구,20,기획,23,남,35.0,0.0,12.0,50.0,3.0
3476,2552566,1046000,IBK 두드림카드,43.0,서울 동작구,20,디자이너,27,남,12.0,11.0,0.0,33.0,44.0
3477,2803802,1376000,롯데 DC카드,54.0,대전 유성구,30,영업,33,남,46.0,10.0,19.0,22.0,3.0
3478,2033543,1664000,SSG 랜더스카드,51.0,광주 서구,30,마케팅,36,남,6.0,23.0,15.0,46.0,10.0
3479,2456035,2795000,하나 Simple카드,47.0,서울 노원구,20,디자이너,27,여,25.0,3.0,49.0,7.0,16.0
3480,2762584,1410000,현대 ZERO카드,44.0,광주 서구,30,간호사,30,여,56.0,7.0,0.0,11.0,26.0
3481,1305734,1021000,이마트 KB카드,66.0,서울 서초구,30,기획,32,여,0.0,76.0,6.0,2.0,16.0
3482,1832830,881000,신한 Deep카드,84.0,부산 해운대구,20,개발자,25,여,51.0,27.0,4.0,13.0,5.0
3483,2516261,619000,NH 농협카드,65.0,인천 남동구,30,서비스직,39,남,14.0,19.0,51.0,8.0,8.0
3484,2559175,1654000,우리 Young카드,42.0,대구 수성구,30,대학생,31,여,4.0,14.0,42.0,16.0,24.0
3485,2098319,1677000,삼성 taptap카드,69.0,서울 동작구,30,연구원,33,여,21.0,22.0,12.0,1.0,44.0
3486,2230932,1108000,현대 ZERO카드,71.0,울산 남구,20,공무원,21,남,7.0,2.0,50.0,38.0,3.0
3487,2144732,1077000,신한 Deep카드,60.0,서울 관악구,20,영업,22,여,15.0,6.0,16.0,12.0,51.0
3488,2170425,1411000,SSG 랜더스카드,49.0,대구 수성구,20,마케팅,24,남,1.0,7.0,42.0,41.0,9.0
3489,2141802,780000,신한 Deep카드,54.0,광주 서구,30,마케팅,31,여,4.0,16.0,45.0,13.0,22.0
3490,2180507,1355000,SSG 랜더스카드,68.0,서울 마포구,30,개발자,30,여,17.0,43.0,6.0,33.0,1.0
3491,2243813,2173000,이마트 KB카드,79.0,서울 용산구,30,공무원,31,남,30.0,7.0,45.0,15.0,3.0
3492,2440033,1144000,씨티 Premier카드,82.0,부산 해운대구,20,마케팅,29,여,46.0,21.0,11.0,17.0,5.0
3493,2535551,1099000,SSG 랜더스카드,45.0,서울 관악구,20,회계,27,여,19.0,20.0,3.0,56.0,2.0
3494,2114691,939000,씨티 Premier카드,55.0,서울 서초구,30,데이터분석가,31,여,6.0,35.0,4.0,38.0,17.0
3495,3010320,2202000,토스카드,48.0,서울 마포구,20,생산직,24,남,0.0,38.0,11.0,15.0,36.0
3496,2092699,1269000,하나 Simple카드,50.0,서울 관악구,20,마케팅,27,여,30.0,22.0,6.0,38.0,4.0
3497,4071129,2150000,SSG 랜더스카드,48.0,서울 송파구,30,대학생,33,남,20.0,13.0,32.0,14.0,21.0
3498,1928936,2111000,SSG 랜더스카드,72.0,경기 고양시,20,데이터분석가,21,남,60.0,7.0,27.0,1.0,5.0
3499,1581395,1063000,롯데 DC카드,55.0,서울 송파구,30,생산직,30,남,11.0,22.0,42.0,24.0,1.0
3500,2451098,1287000,IBK 두드림카드,43.0,서울 성동구,20,연구원,25,여,2.0,7.0,56.0,3.0,32.0
3501,2624272,1867000,신한 Deep카드,73.0,서울 마포구,30,대학생,30,여,49.0,6.0,4.0,19.0,22.0
3502,2178883,1897000,롯데 DC카드,68.0,광주 서구,30,프리랜서,30,여,11.0,0.0,49.0,23.0,17.0
3503,2975799,1555000,NH 농협카드,77.0,서울 서초구,30,대학생,31,남,32.0,13.0,15.0,1.0,39.0
3504,2642118,1093000,이마트 KB카드,65.0,서울 서초구,30,프리랜서,31,남,1.0,25.0,60.0,2.0,12.0
3505,2788355,672000,삼성 taptap카드,81.0,울산 남구,30,공무원,38,남,49.0,6.0,6.0,35.0,4.0
3506,3589142,532000,롯데 DC카드,78.0,서울 서초구,30,연구원,33,남,40.0,23.0,5.0,15.0,17.0
3507,3128952,1416000,카카오뱅크 체크,59.0,부산 해운대구,30,간호사,34,남,7.0,31.0,15.0,36.0,11.0
3508,2554975,707000,SSG 랜더스카드,55.0,서울 노원구,20,컨설턴트,26,남,32.0,47.0,0.0,1.0,20.0
3509,2134065,1178000,우리 Young카드,68.0,서울 성동구,20,마케팅,26,남,24.0,4.0,4.0,51.0,17.0
3510,2078991,1135000,삼성 taptap카드,79.0,인천 남동구,20,기획,27,남,34.0,4.0,21.0,19.0,22.0
3511,2192562,1359000,현대 ZERO카드,64.0,울산 남구,30,데이터분석가,34,남,41.0,1.0,23.0,28.0,7.0
3512,2064981,870000,SSG 랜더스카드,73.0,경기 수원시,20,디자이너,22,남,2.0,31.0,36.0,22.0,9.0
3513,1000000,1218000,SSG 랜더스카드,46.0,경기 고양시,30,기획,30,여,22.0,63.0,2.0,9.0,4.0
3514,1954889,1325000,삼성 taptap카드,81.0,세종,20,기획,27,여,14.0,40.0,24.0,4.0,18.0
3515,2209062,1467000,삼성 taptap카드,79.0,경기 성남시,20,간호사,28,여,39.0,20.0,9.0,16.0,16.0
3516,2531836,2136000,우리 Young카드,56.0,경기 성남시,20,연구원,24,남,1.0,39.0,10.0,18.0,32.0
3517,2115661,1343000,롯데 DC카드,71.0,경기 고양시,20,마케팅,22,남,2.0,35.0,58.0,3.0,2.0
3518,2673836,2053000,우리 Young카드,45.0,대구 수성구,30,회계,33,여,21.0,13.0,41.0,22.0,3.0
3519,1474147,1595000,삼성 taptap카드,43.0,경기 성남시,30,서비스직,31,남,8.0,4.0,67.0,4.0,17.0
3520,2221581,967000,삼성 taptap카드,46.0,울산 남구,20,생산직,27,남,33.0,38.0,0.0,26.0,3.0
3521,1410248,1630000,이마트 KB카드,41.0,서울 강남구,20,대학생,28,남,33.0,10.0,1.0,37.0,19.0
3522,2154187,1558000,네이버페이 현대,66.0,세종,30,프리랜서,35,남,14.0,11.0,3.0,71.0,1.0
3523,2156417,986000,NH 농협카드,53.0,서울 송파구,20,개발자,22,남,37.0,8.0,2.0,23.0,30.0
3524,3893384,883000,씨티 Premier카드,76.0,부산 해운대구,30,마케팅,31,남,13.0,23.0,1.0,20.0,43.0
3525,2435603,1439000,이마트 KB카드,45.0,서울 송파구,20,디자이너,20,여,2.0,50.0,26.0,15.0,7.0
3526,3012761,986000,현대 ZERO카드,74.0,부산 해운대구,30,생산직,35,남,26.0,4.0,34.0,20.0,16.0
3527,2240234,897000,씨티 Premier카드,42.0,서울 서초구,20,디자이너,26,남,25.0,9.0,8.0,24.0,34.0
3528,2143185,832000,우리 Young카드,59.0,경기 수원시,30,디자이너,39,여,7.0,35.0,39.0,8.0,11.0
3529,2619211,1223000,KB 혜담카드,62.0,부산 해운대구,30,연구원,36,남,34.0,10.0,35.0,0.0,21.0
3530,3299163,1890000,IBK 두드림카드,59.0,경기 고양시,30,프리랜서,35,남,23.0,38.0,21.0,12.0,6.0
3531,1557319,902000,토스카드,48.0,서울 마포구,20,마케팅,27,여,29.0,15.0,15.0,15.0,26.0
3532,2546527,1371000,토스카드,45.0,경기 고양시,20,대학생,20,남,62.0,23.0,3.0,6.0,6.0
3533,2728045,669000,SSG 랜더스카드,81.0,서울 마포구,30,연구원,35,남,32.0,12.0,5.0,30.0,21.0
3534,3577889,1391000,삼성 taptap카드,77.0,서울 노원구,30,회계,34,남,5.0,21.0,15.0,17.0,42.0
3535,3672765,2173000,이마트 KB카드,79.0,서울 용산구,30,공무원,31,남,30.0,7.0,45.0,15.0,3.0
3536,1663457,2110000,KB 혜담카드,79.0,경기 고양시,30,프리랜서,33,여,7.0,60.0,0.0,24.0,9.0
3537,2209209,679000,씨티 Premier카드,47.0,서울 강동구,30,대학생,31,여,1.0,79.0,1.0,1.0,18.0
3538,2401130,1493000,KB 혜담카드,45.0,경기 고양시,30,생산직,30,남,32.0,4.0,25.0,22.0,17.0
3539,1593636,1220000,네이버페이 현대,71.0,경기 성남시,30,프리랜서,33,여,10.0,28.0,34.0,25.0,3.0
3540,1733733,1729000,신한 Deep카드,67.0,대구 수성구,20,영업,24,여,37.0,7.0,33.0,2.0,21.0
3541,3470627,1134000,우리 Young카드,59.0,서울 마포구,20,대학생,21,남,5.0,37.0,41.0,10.0,7.0
3542,2804754,741000,현대 ZERO카드,51.0,서울 강동구,30,디자이너,31,여,18.0,41.0,10.0,6.0,25.0
3543,3208643,626000,하나 Simple카드,44.0,부산 해운대구,20,영업,27,남,20.0,24.0,37.0,17.0,2.0
3544,3580368,1844000,롯데 DC카드,48.0,서울 용산구,30,생산직,30,남,9.0,17.0,5.0,12.0,57.0
3545,1879078,1382000,SSG 랜더스카드,68.0,서울 성동구,20,서비스직,29,남,8.0,0.0,24.0,21.0,47.0
3546,2059114,1764000,하나 Simple카드,79.0,울산 남구,20,생산직,23,남,57.0,9.0,4.0,16.0,14.0
3547,3411905,2028000,씨티 Premier카드,84.0,서울 강동구,30,개발자,37,남,13.0,56.0,2.0,17.0,12.0
3548,2718753,1156000,씨티 Premier카드,79.0,서울 동작구,30,컨설턴트,34,여,24.0,3.0,35.0,8.0,30.0
3549,2595860,727000,삼성 taptap카드,40.0,대전 유성구,30,영업,31,남,21.0,25.0,29.0,23.0,2.0
3550,1495003,1251000,씨티 Premier카드,62.0,경기 고양시,20,프리랜서,22,남,4.0,3.0,3.0,72.0,18.0
3551,3893880,1771000,카카오뱅크 체크,71.0,경기 고양시,20,컨설턴트,20,남,30.0,29.0,3.0,20.0,18.0
3552,2179425,1819000,삼성 taptap카드,56.0,서울 노원구,20,기획,28,여,30.0,1.0,11.0,37.0,21.0
3553,2087130,856000,우리 Young카드,77.0,서울 마포구,20,프리랜서,21,여,55.0,1.0,4.0,18.0,22.0
3554,2306667,1131000,IBK 두드림카드,75.0,경기 수원시,20,디자이너,26,여,21.0,7.0,30.0,31.0,11.0
3555,2378635,924000,하나 Simple카드,84.0,대전 유성구,30,기획,30,여,34.0,13.0,23.0,12.0,18.0
3556,2561364,1411000,네이버페이 현대,55.0,서울 성동구,30,프리랜서,31,여,30.0,33.0,22.0,1.0,14.0
3557,3900863,1435000,씨티 Premier카드,41.0,서울 용산구,30,생산직,30,남,37.0,31.0,18.0,5.0,9.0
3558,2187725,1175000,신한 Deep카드,60.0,대구 수성구,20,연구원,23,여,3.0,0.0,65.0,14.0,18.0
3559,1918644,1068000,현대 ZERO카드,83.0,대구 수성구,30,컨설턴트,37,여,12.0,53.0,19.0,7.0,9.0
3560,2169178,1178000,SSG 랜더스카드,72.0,부산 해운대구,20,연구원,28,여,2.0,23.0,12.0,23.0,40.0
3561,2017799,1660000,카카오뱅크 체크,61.0,인천 남동구,20,영업,27,여,1.0,28.0,13.0,27.0,31.0
3562,3996729,1645000,카카오뱅크 체크,50.0,대전 유성구,30,공무원,31,남,18.0,39.0,21.0,9.0,13.0
3563,3819783,942000,씨티 Premier카드,72.0,서울 노원구,30,마케팅,34,남,17.0,22.0,25.0,35.0,1.0
3564,3075267,1329000,신한 Deep카드,56.0,대구 수성구,30,마케팅,34,남,82.0,3.0,9.0,5.0,1.0
3565,1610632,1638000,신한 Deep카드,40.0,대구 수성구,20,프리랜서,24,여,3.0,15.0,40.0,33.0,9.0
3566,2141875,1518000,롯데 DC카드,62.0,서울 성동구,30,공무원,30,남,30.0,33.0,5.0,12.0,20.0
3567,3010586,1224000,KB 혜담카드,81.0,서울 송파구,30,공무원,35,남,21.0,10.0,14.0,26.0,29.0
3568,2668161,2055000,롯데 DC카드,51.0,서울 강동구,30,대학생,30,여,16.0,38.0,23.0,13.0,10.0
3569,2737764,1594000,신한 Deep카드,49.0,울산 남구,30,영업,36,남,3.0,7.0,0.0,23.0,67.0
3570,2259915,1032000,KB 혜담카드,43.0,울산 남구,30,프리랜서,39,여,15.0,1.0,52.0,13.0,19.0
3571,2585040,1897000,IBK 두드림카드,40.0,서울 강동구,30,개발자,32,남,29.0,6.0,2.0,29.0,34.0
3572,2983624,852000,SSG 랜더스카드,46.0,경기 고양시,30,서비스직,39,남,16.0,77.0,4.0,2.0,1.0
3573,1332066,1276000,이마트 KB카드,52.0,울산 남구,30,기획,32,남,43.0,2.0,22.0,25.0,8.0
3574,1949336,946000,신한 Deep카드,57.0,서울 강남구,30,데이터분석가,39,여,34.0,31.0,3.0,7.0,25.0
3575,1936474,959000,NH 농협카드,43.0,서울 용산구,20,프리랜서,23,남,13.0,5.0,62.0,0.0,20.0
3576,3845252,931000,신한 Deep카드,74.0,서울 송파구,30,컨설턴트,36,남,20.0,24.0,24.0,30.0,2.0
3577,2093093,1681000,카카오뱅크 체크,77.0,서울 강동구,30,간호사,34,여,29.0,3.0,35.0,18.0,15.0
3578,3126327,1718000,SSG 랜더스카드,56.0,서울 마포구,30,대학생,31,남,7.0,18.0,26.0,19.0,30.0
3579,2363271,1044000,이마트 KB카드,77.0,부산 해운대구,20,생산직,29,여,5.0,58.0,10.0,7.0,20.0
3580,2898958,2067000,KB 혜담카드,70.0,경기 성남시,20,생산직,25,여,30.0,23.0,35.0,12.0,0.0
3581,2881288,1589000,우리 Young카드,63.0,경기 성남시,20,간호사,29,남,3.0,61.0,19.0,12.0,5.0
3582,2221248,1928000,네이버페이 현대,65.0,서울 강남구,20,서비스직,24,여,27.0,19.0,10.0,10.0,34.0
3583,2012257,736000,씨티 Premier카드,61.0,인천 남동구,20,연구원,25,남,4.0,3.0,72.0,17.0,4.0
3584,2168083,1236000,카카오뱅크 체크,57.0,부산 해운대구,30,간호사,36,여,13.0,52.0,11.0,12.0,12.0
3585,2831255,1031000,네이버페이 현대,68.0,부산 해운대구,30,데이터분석가,34,남,18.0,37.0,10.0,9.0,26.0
3586,2282983,998000,이마트 KB카드,61.0,인천 남동구,30,디자이너,32,여,2.0,2.0,79.0,15.0,2.0
3587,3387539,1252000,하나 Simple카드,59.0,서울 서초구,30,마케팅,31,남,0.0,15.0,25.0,24.0,36.0
3588,2710154,1201000,토스카드,62.0,경기 수원시,30,간호사,34,여,34.0,32.0,11.0,23.0,0.0
3589,2545900,1207000,KB 혜담카드,60.0,서울 노원구,20,데이터분석가,24,남,9.0,49.0,10.0,8.0,24.0
3590,2879641,1489000,삼성 taptap카드,45.0,서울 관악구,20,마케팅,24,남,6.0,15.0,64.0,3.0,12.0
3591,4304008,807000,IBK 두드림카드,74.0,대구 수성구,30,디자이너,31,남,1.0,0.0,36.0,25.0,38.0
3592,3087264,1145000,현대 ZERO카드,57.0,대전 유성구,30,생산직,35,남,18.0,14.0,4.0,26.0,38.0
3593,3049731,1305000,카카오뱅크 체크,55.0,서울 강남구,30,회계,34,여,27.0,20.0,11.0,32.0,10.0
3594,2753837,2019000,토스카드,74.0,광주 서구,30,서비스직,32,남,23.0,7.0,7.0,18.0,45.0
3595,3092503,1158000,신한 Deep카드,64.0,서울 서초구,30,디자이너,39,여,27.0,6.0,33.0,27.0,7.0
3596,2780754,1514000,토스카드,49.0,대구 수성구,20,마케팅,24,여,4.0,4.0,37.0,9.0,46.0
3597,2754207,1479000,SSG 랜더스카드,79.0,광주 서구,20,공무원,26,여,2.0,34.0,6.0,41.0,17.0
3598,2297034,1226000,현대 ZERO카드,79.0,서울 노원구,20,컨설턴트,21,남,37.0,48.0,0.0,9.0,6.0
3599,2532149,1053000,하나 Simple카드,48.0,서울 용산구,30,디자이너,32,남,6.0,0.0,10.0,61.0,23.0
3600,1552735,1159000,하나 Simple카드,49.0,서울 관악구,20,개발자,20,여,12.0,0.0,10.0,60.0,18.0
3601,2229981,1436000,현대 ZERO카드,51.0,서울 성동구,20,개발자,20,남,29.0,7.0,36.0,5.0,23.0
3602,3016506,683000,현대 ZERO카드,60.0,경기 성남시,20,디자이너,25,남,16.0,62.0,14.0,3.0,5.0
3603,2345077,1784000,우리 Young카드,42.0,서울 용산구,30,프리랜서,33,여,6.0,23.0,40.0,8.0,23.0
3604,2642563,570000,현대 ZERO카드,69.0,서울 노원구,20,생산직,22,여,13.0,3.0,40.0,29.0,15.0
3605,2921975,1102000,하나 Simple카드,72.0,서울 용산구,30,공무원,31,여,0.0,34.0,35.0,29.0,2.0
3606,2801419,1397000,토스카드,70.0,서울 용산구,30,대학생,39,남,2.0,27.0,32.0,32.0,7.0
3607,2908172,1114000,카카오뱅크 체크,67.0,서울 관악구,20,영업,26,여,28.0,5.0,45.0,2.0,20.0
3608,1000000,834000,신한 Deep카드,57.0,서울 동작구,20,서비스직,29,남,38.0,19.0,28.0,12.0,3.0
3609,2144074,1000000,롯데 DC카드,43.0,서울 관악구,30,생산직,31,남,45.0,18.0,0.0,30.0,7.0
3610,2042183,1442000,신한 Deep카드,79.0,서울 용산구,30,대학생,33,여,54.0,18.0,2.0,11.0,15.0
3611,1840142,994000,하나 Simple카드,61.0,서울 노원구,20,대학생,29,남,4.0,12.0,22.0,29.0,33.0
3612,2418131,1126000,KB 혜담카드,80.0,울산 남구,20,프리랜서,23,남,6.0,7.0,23.0,56.0,8.0
3613,3203026,1347000,NH 농협카드,80.0,부산 해운대구,30,회계,32,남,15.0,56.0,27.0,1.0,1.0
3614,2696995,1332000,카카오뱅크 체크,50.0,대전 유성구,30,영업,32,여,3.0,8.0,50.0,10.0,29.0
3615,2548040,798000,롯데 DC카드,64.0,부산 해운대구,20,영업,28,여,17.0,25.0,24.0,4.0,30.0
3616,1774947,912000,하나 Simple카드,77.0,대전 유성구,20,연구원,22,여,1.0,12.0,37.0,10.0,40.0
3617,1890911,1312000,SSG 랜더스카드,55.0,서울 강동구,30,개발자,31,여,22.0,11.0,32.0,4.0,31.0
3618,2448159,1182000,IBK 두드림카드,62.0,서울 성동구,20,컨설턴트,26,남,3.0,42.0,9.0,10.0,36.0
3619,2558837,2145000,NH 농협카드,77.0,부산 해운대구,30,프리랜서,30,남,18.0,22.0,3.0,10.0,47.0
3620,1900667,954000,IBK 두드림카드,80.0,서울 동작구,30,간호사,36,남,8.0,9.0,15.0,30.0,38.0
3621,2735672,840000,SSG 랜더스카드,82.0,서울 성동구,20,회계,25,남,31.0,2.0,1.0,65.0,1.0
3622,3976571,664000,KB 혜담카드,68.0,경기 수원시,30,프리랜서,36,남,49.0,6.0,1.0,11.0,33.0
3623,3028580,1859000,롯데 DC카드,50.0,서울 성동구,20,회계,29,여,17.0,1.0,14.0,40.0,28.0
3624,2343503,1779000,하나 Simple카드,49.0,경기 성남시,20,생산직,28,남,28.0,15.0,26.0,31.0,0.0
3625,3438152,1059000,하나 Simple카드,42.0,서울 용산구,30,서비스직,34,남,4.0,19.0,38.0,26.0,13.0
3626,2934934,1274000,IBK 두드림카드,43.0,서울 서초구,20,마케팅,26,남,53.0,5.0,16.0,19.0,7.0
3627,1929292,1852000,토스카드,83.0,울산 남구,20,프리랜서,29,남,28.0,28.0,32.0,7.0,5.0
3628,3055338,1391000,우리 Young카드,41.0,서울 강남구,30,컨설턴트,30,여,5.0,6.0,20.0,62.0,7.0
3629,2387698,1027000,KB 혜담카드,56.0,울산 남구,20,마케팅,25,남,4.0,52.0,2.0,20.0,22.0
3630,2706855,1177000,씨티 Premier카드,42.0,경기 고양시,20,개발자,23,남,31.0,12.0,20.0,18.0,19.0
3631,2593046,1053000,하나 Simple카드,48.0,서울 용산구,30,디자이너,32,여,6.0,0.0,10.0,61.0,23.0
3632,2898128,787000,이마트 KB카드,66.0,부산 해운대구,20,연구원,21,남,17.0,17.0,10.0,40.0,16.0
3633,2361761,1589000,신한 Deep카드,50.0,부산 해운대구,20,데이터분석가,23,남,1.0,1.0,10.0,75.0,13.0
3634,1961214,2374000,현대 ZERO카드,63.0,서울 관악구,30,간호사,31,남,27.0,11.0,25.0,1.0,36.0
3635,3225963,923000,하나 Simple카드,70.0,서울 노원구,30,회계,30,여,2.0,8.0,3.0,64.0,23.0
3636,2026234,813000,신한 Deep카드,70.0,대구 수성구,30,서비스직,31,여,52.0,0.0,33.0,5.0,10.0
3637,2876529,1015000,토스카드,52.0,인천 남동구,20,프리랜서,22,여,1.0,4.0,48.0,16.0,31.0
3638,2936829,937000,신한 Deep카드,66.0,대전 유성구,30,회계,30,남,24.0,10.0,48.0,17.0,1.0
3639,3088005,1807000,SSG 랜더스카드,54.0,경기 수원시,30,생산직,37,여,40.0,31.0,1.0,7.0,21.0
3640,2817384,1356000,삼성 taptap카드,49.0,서울 강남구,20,디자이너,21,남,2.0,4.0,23.0,13.0,58.0
3641,3301100,2243000,카카오뱅크 체크,44.0,서울 노원구,30,프리랜서,35,남,10.0,9.0,56.0,11.0,14.0
3642,3355974,1142000,SSG 랜더스카드,62.0,광주 서구,30,개발자,30,남,1.0,19.0,51.0,13.0,16.0
3643,3295840,1364000,씨티 Premier카드,50.0,울산 남구,30,서비스직,30,남,16.0,17.0,3.0,7.0,57.0
3644,1493087,835000,KB 혜담카드,40.0,서울 용산구,30,프리랜서,35,여,19.0,31.0,11.0,19.0,20.0
3645,2559165,833000,씨티 Premier카드,55.0,부산 해운대구,30,회계,30,여,21.0,2.0,41.0,4.0,32.0
3646,1691967,1551000,카카오뱅크 체크,75.0,경기 고양시,20,공무원,29,여,25.0,2.0,63.0,2.0,8.0
3647,2335593,918000,현대 ZERO카드,58.0,서울 강남구,20,컨설턴트,28,여,1.0,2.0,65.0,18.0,14.0
3648,1928528,867000,NH 농협카드,74.0,대구 수성구,30,서비스직,30,여,2.0,40.0,0.0,12.0,46.0
3649,2170533,645000,롯데 DC카드,58.0,세종,30,영업,36,남,10.0,19.0,8.0,49.0,14.0
3650,3052467,1472000,카카오뱅크 체크,85.0,울산 남구,20,기획,27,남,21.0,14.0,35.0,4.0,26.0
3651,2784723,1239000,우리 Young카드,45.0,대전 유성구,20,서비스직,22,여,12.0,24.0,13.0,2.0,49.0
3652,2247928,2203000,삼성 taptap카드,72.0,서울 강남구,20,데이터분석가,28,남,31.0,12.0,15.0,28.0,14.0
3653,2342384,1504000,SSG 랜더스카드,42.0,인천 남동구,20,공무원,25,여,4.0,14.0,68.0,2.0,12.0
3654,2826458,610000,우리 Young카드,59.0,서울 동작구,30,서비스직,33,남,17.0,27.0,20.0,5.0,31.0
3655,3398913,2165000,IBK 두드림카드,69.0,대전 유성구,30,연구원,38,남,45.0,31.0,2.0,13.0,9.0
3656,2526761,964000,카카오뱅크 체크,59.0,서울 성동구,30,연구원,31,남,3.0,32.0,9.0,6.0,50.0
3657,3695618,1673000,NH 농협카드,41.0,서울 동작구,30,간호사,30,남,19.0,21.0,24.0,13.0,23.0
3658,2822839,923000,하나 Simple카드,63.0,광주 서구,30,프리랜서,31,남,23.0,39.0,2.0,18.0,18.0
3659,2040076,1372000,KB 혜담카드,50.0,대구 수성구,20,개발자,29,여,11.0,8.0,24.0,7.0,50.0
3660,2260856,1087000,카카오뱅크 체크,71.0,울산 남구,20,연구원,27,남,60.0,18.0,14.0,1.0,7.0
3661,1954426,979000,씨티 Premier카드,72.0,서울 관악구,20,간호사,25,여,9.0,8.0,9.0,30.0,44.0
3662,3230077,629000,KB 혜담카드,45.0,경기 고양시,30,디자이너,39,남,41.0,12.0,0.0,42.0,5.0
3663,2623846,1232000,NH 농협카드,75.0,서울 동작구,30,프리랜서,30,남,5.0,15.0,16.0,34.0,30.0
3664,2484261,1057000,카카오뱅크 체크,54.0,부산 해운대구,20,데이터분석가,24,남,18.0,16.0,54.0,8.0,4.0
3665,2858003,943000,하나 Simple카드,74.0,서울 노원구,20,프리랜서,24,여,7.0,2.0,29.0,9.0,53.0
3666,2496474,1709000,토스카드,59.0,인천 남동구,30,회계,39,남,10.0,13.0,34.0,12.0,31.0
3667,2434712,968000,씨티 Premier카드,66.0,부산 해운대구,30,서비스직,32,여,32.0,16.0,0.0,11.0,41.0
3668,2480665,1291000,신한 Deep카드,64.0,서울 용산구,20,데이터분석가,28,남,57.0,14.0,6.0,15.0,8.0
3669,2282071,1596000,신한 Deep카드,49.0,세종,30,개발자,37,여,13.0,57.0,5.0,5.0,20.0
3670,3325024,1917000,하나 Simple카드,54.0,서울 성동구,30,영업,32,남,13.0,4.0,62.0,2.0,19.0
3671,2777699,1327000,KB 혜담카드,67.0,울산 남구,30,컨설턴트,34,여,40.0,31.0,8.0,4.0,17.0
3672,2791630,1358000,카카오뱅크 체크,76.0,서울 용산구,20,영업,25,여,3.0,19.0,13.0,43.0,22.0
3673,2197004,1461000,하나 Simple카드,41.0,세종,30,공무원,37,여,33.0,13.0,37.0,1.0,16.0
3674,2340057,1009000,SSG 랜더스카드,47.0,서울 성동구,30,연구원,31,남,68.0,20.0,4.0,0.0,8.0
3675,2784695,1024000,네이버페이 현대,84.0,대전 유성구,30,간호사,30,남,2.0,1.0,48.0,20.0,29.0
3676,2322573,1723000,카카오뱅크 체크,71.0,경기 고양시,30,개발자,35,남,2.0,2.0,4.0,79.0,13.0
3677,2782249,1373000,토스카드,53.0,서울 송파구,30,영업,39,여,2.0,4.0,28.0,36.0,30.0
3678,1919124,1228000,SSG 랜더스카드,40.0,경기 고양시,30,마케팅,34,여,9.0,11.0,18.0,13.0,49.0
3679,3416508,1191000,토스카드,51.0,서울 성동구,20,데이터분석가,24,여,1.0,29.0,43.0,19.0,8.0
3680,2897963,1114000,SSG 랜더스카드,81.0,서울 관악구,20,대학생,26,남,56.0,2.0,7.0,15.0,20.0
3681,2256287,1384000,카카오뱅크 체크,83.0,인천 남동구,20,마케팅,28,남,67.0,0.0,0.0,26.0,7.0
3682,3607176,922000,네이버페이 현대,72.0,서울 마포구,30,마케팅,31,남,0.0,5.0,21.0,33.0,41.0
3683,1681599,1464000,롯데 DC카드,73.0,광주 서구,30,마케팅,37,여,25.0,19.0,17.0,28.0,11.0
3684,3511686,1296000,신한 Deep카드,63.0,서울 노원구,20,대학생,29,여,23.0,17.0,43.0,11.0,6.0
3685,2204892,797000,IBK 두드림카드,72.0,서울 강남구,30,생산직,30,여,15.0,24.0,11.0,27.0,23.0
3686,2189751,510000,하나 Simple카드,71.0,경기 수원시,20,마케팅,26,남,28.0,15.0,1.0,52.0,4.0
3687,1322033,1189000,KB 혜담카드,62.0,서울 송파구,20,공무원,27,여,18.0,7.0,18.0,47.0,10.0
3688,2743143,880000,SSG 랜더스카드,79.0,서울 동작구,30,공무원,39,여,28.0,26.0,42.0,3.0,1.0
3689,2225559,1047000,하나 Simple카드,40.0,서울 강동구,30,대학생,36,남,26.0,31.0,27.0,4.0,12.0
3690,2550827,934000,하나 Simple카드,41.0,광주 서구,30,컨설턴트,31,여,21.0,18.0,27.0,21.0,13.0
3691,1977862,1811000,SSG 랜더스카드,76.0,서울 동작구,20,대학생,28,여,11.0,44.0,24.0,17.0,4.0
3692,1711128,1209000,롯데 DC카드,42.0,서울 동작구,20,공무원,25,여,28.0,5.0,24.0,20.0,23.0
3693,2097819,1451000,씨티 Premier카드,81.0,서울 용산구,30,데이터분석가,34,여,25.0,21.0,24.0,3.0,27.0
3694,2362894,1521000,네이버페이 현대,56.0,부산 해운대구,20,연구원,26,남,50.0,9.0,6.0,7.0,28.0
3695,1609254,1243000,토스카드,59.0,서울 마포구,20,프리랜서,26,남,13.0,1.0,5.0,42.0,39.0
3696,2125594,662000,현대 ZERO카드,80.0,서울 송파구,30,회계,33,여,7.0,4.0,40.0,7.0,42.0
3697,3464291,1298000,우리 Young카드,49.0,경기 고양시,30,데이터분석가,30,남,55.0,11.0,5.0,25.0,4.0
3698,3551239,2496000,네이버페이 현대,69.0,서울 성동구,20,공무원,28,여,14.0,22.0,22.0,26.0,16.0
3699,2738794,752000,NH 농협카드,72.0,서울 강동구,30,데이터분석가,37,여,2.0,23.0,16.0,39.0,20.0
3700,2041369,1118000,토스카드,73.0,대전 유성구,30,서비스직,32,여,45.0,3.0,32.0,11.0,9.0
3701,2316442,1379000,토스카드,78.0,경기 성남시,30,컨설턴트,31,여,24.0,6.0,9.0,36.0,25.0
3702,2265794,1259000,카카오뱅크 체크,71.0,서울 마포구,20,마케팅,29,남,23.0,4.0,31.0,32.0,10.0
3703,2075287,1923000,카카오뱅크 체크,43.0,서울 마포구,20,데이터분석가,27,남,2.0,17.0,8.0,53.0,20.0
3704,2701529,1192000,하나 Simple카드,79.0,서울 동작구,20,대학생,23,남,28.0,16.0,20.0,33.0,3.0
3705,2358736,553000,우리 Young카드,73.0,서울 송파구,20,데이터분석가,24,남,11.0,53.0,15.0,14.0,7.0
3706,3635496,968000,씨티 Premier카드,66.0,부산 해운대구,30,서비스직,32,남,32.0,16.0,0.0,11.0,41.0
3707,2092778,545000,롯데 DC카드,55.0,서울 송파구,20,마케팅,28,남,28.0,4.0,19.0,14.0,35.0
3708,3162750,972000,IBK 두드림카드,52.0,서울 용산구,30,영업,30,여,2.0,56.0,5.0,8.0,29.0
3709,2416757,1298000,이마트 KB카드,74.0,서울 서초구,30,공무원,35,여,16.0,4.0,1.0,53.0,26.0
3710,2320167,1375000,신한 Deep카드,83.0,서울 마포구,30,공무원,30,남,11.0,7.0,54.0,24.0,4.0
3711,4524124,2310000,현대 ZERO카드,47.0,서울 노원구,30,디자이너,30,남,8.0,56.0,12.0,14.0,10.0
3712,1337511,954000,하나 Simple카드,76.0,서울 강동구,20,회계,29,여,12.0,0.0,53.0,27.0,8.0
3713,2482882,753000,신한 Deep카드,44.0,서울 마포구,30,간호사,34,남,3.0,78.0,3.0,13.0,3.0
3714,2561080,1675000,토스카드,70.0,서울 강동구,30,개발자,30,남,6.0,37.0,17.0,6.0,34.0
3715,3504153,2127000,씨티 Premier카드,68.0,세종,20,회계,27,남,56.0,11.0,16.0,16.0,1.0
3716,3153429,786000,하나 Simple카드,55.0,서울 강남구,20,개발자,29,여,14.0,49.0,11.0,2.0,24.0
3717,2996964,2203000,SSG 랜더스카드,54.0,서울 성동구,20,프리랜서,27,남,12.0,57.0,4.0,12.0,15.0
3718,2084670,1253000,토스카드,73.0,대전 유성구,20,디자이너,29,여,12.0,26.0,17.0,38.0,7.0
3719,3463089,716000,이마트 KB카드,46.0,서울 노원구,20,영업,27,남,15.0,3.0,26.0,29.0,27.0
3720,2434176,830000,씨티 Premier카드,72.0,서울 노원구,20,개발자,29,여,18.0,9.0,15.0,5.0,53.0
3721,3684084,1473000,NH 농협카드,75.0,경기 수원시,30,개발자,31,남,17.0,5.0,26.0,7.0,45.0
3722,2339847,1371000,토스카드,45.0,경기 고양시,20,대학생,20,남,62.0,23.0,3.0,6.0,6.0
3723,2225266,856000,우리 Young카드,77.0,서울 마포구,20,프리랜서,21,여,55.0,1.0,4.0,18.0,22.0
3724,2124110,1319000,네이버페이 현대,66.0,서울 동작구,20,대학생,29,여,2.0,18.0,24.0,27.0,29.0
3725,2395180,585000,현대 ZERO카드,64.0,서울 동작구,30,디자이너,32,여,9.0,20.0,50.0,7.0,14.0
3726,2554245,1559000,삼성 taptap카드,52.0,서울 성동구,20,영업,28,여,7.0,16.0,14.0,0.0,63.0
3727,2433599,1179000,KB 혜담카드,59.0,서울 용산구,20,서비스직,24,여,15.0,59.0,3.0,18.0,5.0
3728,2234264,1165000,삼성 taptap카드,70.0,서울 강남구,20,생산직,29,여,1.0,1.0,30.0,45.0,23.0
3729,3254761,1824000,신한 Deep카드,67.0,부산 해운대구,30,생산직,32,여,6.0,47.0,8.0,26.0,13.0
3730,1000000,1144000,네이버페이 현대,46.0,울산 남구,30,디자이너,38,남,8.0,5.0,27.0,26.0,34.0
3731,2504943,654000,토스카드,80.0,서울 노원구,20,기획,26,남,50.0,31.0,17.0,2.0,0.0
3732,2608869,819000,네이버페이 현대,73.0,서울 관악구,20,디자이너,26,남,45.0,1.0,9.0,2.0,43.0
3733,2823481,576000,KB 혜담카드,63.0,대전 유성구,20,마케팅,28,여,33.0,4.0,31.0,3.0,29.0
3734,2954589,1704000,현대 ZERO카드,58.0,경기 수원시,30,프리랜서,39,남,7.0,51.0,3.0,0.0,39.0
3735,3145544,1995000,NH 농협카드,44.0,부산 해운대구,30,생산직,33,남,49.0,10.0,9.0,13.0,19.0
3736,2742974,1485000,NH 농협카드,51.0,서울 관악구,20,공무원,27,여,35.0,5.0,10.0,27.0,23.0
3737,2995583,2187000,이마트 KB카드,41.0,부산 해운대구,20,연구원,22,여,20.0,12.0,18.0,41.0,9.0
3738,2349732,1584000,우리 Young카드,56.0,경기 성남시,30,대학생,31,여,34.0,27.0,3.0,23.0,13.0
3739,3186883,1247000,삼성 taptap카드,66.0,서울 성동구,30,공무원,30,남,29.0,23.0,14.0,29.0,5.0
3740,3339286,1354000,IBK 두드림카드,43.0,광주 서구,30,개발자,34,여,47.0,30.0,16.0,2.0,5.0
3741,1187986,1734000,KB 혜담카드,61.0,서울 강남구,20,기획,24,남,2.0,7.0,16.0,1.0,74.0
3742,2516991,1849000,토스카드,60.0,서울 관악구,30,영업,32,남,18.0,17.0,10.0,12.0,43.0
3743,4026085,1493000,우리 Young카드,66.0,경기 수원시,30,간호사,33,남,8.0,9.0,13.0,57.0,13.0
3744,3764776,786000,하나 Simple카드,74.0,광주 서구,30,서비스직,33,남,1.0,71.0,11.0,9.0,8.0
3745,3365711,650000,우리 Young카드,63.0,서울 마포구,30,생산직,35,남,28.0,8.0,38.0,22.0,4.0
3746,2025701,2187000,IBK 두드림카드,43.0,서울 노원구,20,프리랜서,23,여,21.0,31.0,38.0,1.0,9.0
3747,1809090,2175000,이마트 KB카드,76.0,인천 남동구,20,프리랜서,23,남,40.0,21.0,4.0,30.0,5.0
3748,2204392,1009000,네이버페이 현대,49.0,서울 관악구,30,기획,30,여,4.0,23.0,25.0,22.0,26.0
3749,3024004,1916000,토스카드,40.0,서울 용산구,20,생산직,25,여,13.0,29.0,26.0,22.0,10.0
3750,1935778,1805000,하나 Simple카드,70.0,광주 서구,20,프리랜서,25,남,4.0,21.0,1.0,7.0,67.0
3751,2300711,1270000,삼성 taptap카드,70.0,대구 수성구,20,영업,21,남,43.0,35.0,1.0,1.0,20.0
3752,1873146,1590000,이마트 KB카드,62.0,서울 강남구,20,디자이너,22,남,5.0,6.0,51.0,29.0,9.0
3753,2671387,852000,토스카드,85.0,서울 송파구,20,연구원,20,여,47.0,26.0,5.0,1.0,21.0
3754,1980636,1549000,삼성 taptap카드,42.0,서울 용산구,20,연구원,27,남,18.0,8.0,39.0,2.0,33.0
3755,2931684,1010000,네이버페이 현대,63.0,서울 노원구,30,프리랜서,32,남,53.0,9.0,9.0,1.0,28.0
3756,1408308,1113000,KB 혜담카드,44.0,대구 수성구,20,영업,28,남,8.0,24.0,55.0,9.0,4.0
3757,1443315,969000,IBK 두드림카드,51.0,서울 성동구,20,간호사,27,여,30.0,14.0,7.0,48.0,1.0
3758,2503836,706000,롯데 DC카드,53.0,경기 고양시,30,회계,35,여,12.0,19.0,13.0,45.0,11.0
3759,1587421,1926000,신한 Deep카드,80.0,서울 성동구,20,컨설턴트,22,남,6.0,23.0,23.0,34.0,14.0
3760,3552543,1497000,삼성 taptap카드,59.0,인천 남동구,30,간호사,33,여,19.0,5.0,6.0,40.0,30.0
3761,1469238,1226000,네이버페이 현대,53.0,광주 서구,30,개발자,33,여,2.0,53.0,15.0,9.0,21.0
3762,1849912,1389000,IBK 두드림카드,54.0,세종,20,간호사,27,여,1.0,30.0,5.0,57.0,7.0
3763,2258350,699000,삼성 taptap카드,81.0,부산 해운대구,20,개발자,26,여,27.0,13.0,5.0,43.0,12.0
3764,2067433,1207000,KB 혜담카드,60.0,서울 노원구,20,데이터분석가,24,여,9.0,49.0,10.0,8.0,24.0
3765,1947927,1465000,이마트 KB카드,60.0,서울 관악구,30,연구원,39,여,41.0,11.0,34.0,12.0,2.0
3766,1771036,724000,신한 Deep카드,77.0,경기 성남시,20,연구원,27,여,8.0,4.0,32.0,21.0,35.0
3767,1754672,1247000,KB 혜담카드,79.0,서울 성동구,20,공무원,25,남,36.0,0.0,14.0,25.0,25.0
3768,2799294,528000,카카오뱅크 체크,81.0,인천 남동구,30,프리랜서,32,남,20.0,33.0,15.0,30.0,2.0
3769,4366350,1419000,토스카드,85.0,서울 노원구,30,회계,30,남,37.0,25.0,1.0,36.0,1.0
3770,2288968,1564000,이마트 KB카드,64.0,대전 유성구,20,디자이너,28,여,7.0,52.0,16.0,19.0,6.0
3771,2841450,1789000,하나 Simple카드,40.0,울산 남구,20,마케팅,28,여,9.0,21.0,33.0,19.0,18.0
3772,2503488,608000,씨티 Premier카드,72.0,울산 남구,20,영업,25,남,70.0,3.0,1.0,8.0,18.0
3773,2806931,905000,네이버페이 현대,73.0,서울 노원구,20,컨설턴트,29,여,37.0,3.0,17.0,1.0,42.0
3774,1000000,997000,씨티 Premier카드,64.0,서울 관악구,20,컨설턴트,26,남,43.0,8.0,31.0,1.0,17.0
3775,2786879,1160000,신한 Deep카드,85.0,광주 서구,30,프리랜서,34,남,9.0,13.0,16.0,40.0,22.0
3776,2903567,952000,신한 Deep카드,61.0,서울 관악구,20,생산직,23,여,21.0,17.0,10.0,39.0,13.0
3777,1964132,1252000,네이버페이 현대,51.0,서울 서초구,20,데이터분석가,20,남,17.0,29.0,22.0,17.0,15.0
3778,3131236,1396000,우리 Young카드,72.0,서울 송파구,20,서비스직,28,남,25.0,36.0,3.0,17.0,19.0
3779,3241945,1875000,토스카드,43.0,경기 성남시,30,대학생,38,여,1.0,2.0,88.0,2.0,7.0
3780,2015434,1801000,카카오뱅크 체크,79.0,서울 강남구,20,영업,24,여,12.0,57.0,15.0,7.0,9.0
3781,1998418,1224000,토스카드,57.0,대전 유성구,20,간호사,27,남,11.0,4.0,58.0,19.0,8.0
3782,1993197,1290000,IBK 두드림카드,45.0,경기 성남시,30,영업,31,여,22.0,24.0,33.0,20.0,1.0
3783,2185202,1095000,이마트 KB카드,49.0,세종,30,대학생,33,여,48.0,6.0,26.0,6.0,14.0
3784,2137187,1542000,씨티 Premier카드,40.0,경기 수원시,30,개발자,30,남,5.0,36.0,30.0,20.0,9.0
3785,2464405,1193000,하나 Simple카드,59.0,경기 성남시,20,영업,28,남,2.0,32.0,42.0,23.0,1.0
3786,1521976,1880000,카카오뱅크 체크,70.0,서울 노원구,20,연구원,21,여,36.0,37.0,9.0,4.0,14.0
3787,3422613,544000,현대 ZERO카드,72.0,서울 노원구,30,마케팅,38,남,32.0,10.0,49.0,3.0,6.0
3788,2564039,652000,IBK 두드림카드,74.0,서울 강동구,20,디자이너,22,여,14.0,21.0,14.0,34.0,17.0
3789,1669397,1807000,SSG 랜더스카드,54.0,경기 수원시,30,생산직,37,여,40.0,31.0,1.0,7.0,21.0
3790,3024909,2071000,카카오뱅크 체크,41.0,경기 고양시,20,회계,26,여,62.0,8.0,3.0,6.0,21.0
3791,3359526,1902000,이마트 KB카드,56.0,서울 강남구,30,데이터분석가,31,남,10.0,49.0,7.0,8.0,26.0
3792,2624849,1514000,하나 Simple카드,57.0,대전 유성구,20,영업,28,여,6.0,37.0,9.0,8.0,40.0
3793,1870667,1979000,NH 농협카드,70.0,광주 서구,20,컨설턴트,27,남,13.0,6.0,10.0,38.0,33.0
3794,3435665,628000,카카오뱅크 체크,56.0,서울 송파구,30,공무원,30,남,7.0,11.0,47.0,34.0,1.0
3795,2813196,732000,네이버페이 현대,71.0,서울 관악구,20,생산직,26,남,6.0,19.0,16.0,43.0,16.0
3796,2200695,1341000,롯데 DC카드,71.0,대전 유성구,20,개발자,28,남,13.0,6.0,0.0,13.0,68.0
3797,3250961,1768000,롯데 DC카드,77.0,인천 남동구,20,간호사,27,여,27.0,25.0,28.0,4.0,16.0
3798,2272032,988000,이마트 KB카드,65.0,서울 노원구,20,회계,29,남,19.0,17.0,0.0,44.0,20.0
3799,2820392,1277000,삼성 taptap카드,57.0,부산 해운대구,20,회계,28,남,40.0,2.0,16.0,2.0,40.0
3800,2396504,666000,카카오뱅크 체크,59.0,부산 해운대구,20,대학생,26,여,9.0,40.0,10.0,9.0,32.0
3801,3409865,1386000,KB 혜담카드,67.0,서울 서초구,30,마케팅,36,남,27.0,13.0,16.0,9.0,35.0
3802,1414333,694000,씨티 Premier카드,84.0,서울 성동구,20,영업,29,여,9.0,6.0,34.0,17.0,34.0
3803,2435526,1569000,신한 Deep카드,60.0,경기 고양시,20,마케팅,27,남,44.0,5.0,25.0,23.0,3.0
3804,1882512,2118000,씨티 Premier카드,75.0,경기 고양시,20,공무원,29,여,11.0,5.0,45.0,26.0,13.0
3805,1826800,1971000,IBK 두드림카드,45.0,광주 서구,20,컨설턴트,27,여,13.0,8.0,68.0,6.0,5.0
3806,4220872,1406000,네이버페이 현대,59.0,서울 성동구,30,연구원,33,남,17.0,26.0,27.0,20.0,10.0
3807,2850360,881000,KB 혜담카드,42.0,서울 용산구,30,디자이너,34,남,9.0,2.0,24.0,7.0,58.0
3808,1748349,1589000,네이버페이 현대,83.0,부산 해운대구,20,대학생,21,남,1.0,33.0,39.0,16.0,11.0
3809,2320434,923000,하나 Simple카드,70.0,서울 노원구,30,회계,30,여,2.0,8.0,3.0,64.0,23.0
3810,2089684,504000,KB 혜담카드,69.0,서울 마포구,30,생산직,31,남,9.0,21.0,18.0,51.0,1.0
3811,4003719,1119000,네이버페이 현대,72.0,서울 강남구,30,회계,30,남,24.0,6.0,22.0,28.0,20.0
3812,1902159,1572000,IBK 두드림카드,56.0,서울 강동구,20,서비스직,28,남,13.0,5.0,30.0,11.0,41.0
3813,3370509,690000,이마트 KB카드,46.0,울산 남구,30,연구원,34,남,15.0,26.0,13.0,30.0,16.0
3814,2928053,965000,NH 농협카드,78.0,광주 서구,20,영업,29,남,40.0,14.0,27.0,5.0,14.0
3815,1999923,1734000,KB 혜담카드,79.0,경기 수원시,20,회계,25,여,20.0,3.0,30.0,40.0,7.0
3816,3372415,697000,토스카드,74.0,서울 동작구,30,간호사,33,남,25.0,11.0,62.0,1.0,1.0
3817,1734956,1064000,이마트 KB카드,84.0,경기 성남시,20,영업,27,남,4.0,1.0,5.0,72.0,18.0
3818,3472884,1335000,토스카드,64.0,경기 수원시,20,데이터분석가,29,여,1.0,29.0,64.0,3.0,3.0
3819,2718190,2772000,신한 Deep카드,47.0,경기 고양시,20,마케팅,22,여,8.0,49.0,2.0,28.0,13.0
3820,2865175,840000,KB 혜담카드,71.0,서울 강남구,30,데이터분석가,30,남,23.0,21.0,20.0,31.0,5.0
3821,1863583,1371000,IBK 두드림카드,74.0,경기 수원시,20,데이터분석가,24,남,22.0,35.0,0.0,42.0,1.0
3822,2920202,1517000,KB 혜담카드,68.0,서울 송파구,30,영업,35,남,11.0,13.0,12.0,47.0,17.0
3823,2080008,900000,토스카드,75.0,광주 서구,20,마케팅,20,여,20.0,28.0,12.0,15.0,25.0
3824,3226472,1190000,IBK 두드림카드,40.0,부산 해운대구,20,영업,25,남,1.0,30.0,8.0,0.0,61.0
3825,1637232,1449000,SSG 랜더스카드,59.0,세종,20,공무원,27,여,28.0,6.0,17.0,23.0,26.0
3826,2567400,1680000,토스카드,46.0,서울 성동구,30,프리랜서,32,여,1.0,30.0,10.0,11.0,48.0
3827,2240830,1177000,하나 Simple카드,59.0,서울 용산구,20,영업,25,여,35.0,5.0,23.0,8.0,29.0
3828,2191294,965000,롯데 DC카드,61.0,인천 남동구,20,데이터분석가,24,남,9.0,28.0,27.0,23.0,13.0
3829,2923968,1493000,KB 혜담카드,45.0,경기 고양시,30,생산직,30,남,32.0,4.0,25.0,22.0,17.0
3830,2191964,1989000,롯데 DC카드,72.0,서울 동작구,20,개발자,27,남,34.0,22.0,7.0,23.0,14.0
3831,3611146,1321000,토스카드,66.0,서울 강동구,30,공무원,36,남,24.0,39.0,12.0,13.0,12.0
3832,2554492,827000,카카오뱅크 체크,82.0,서울 용산구,20,마케팅,20,여,46.0,16.0,2.0,4.0,32.0
3833,2459455,688000,SSG 랜더스카드,83.0,세종,20,회계,27,여,9.0,19.0,27.0,0.0,45.0
3834,1000000,1553000,이마트 KB카드,70.0,대구 수성구,30,간호사,34,여,14.0,6.0,34.0,23.0,23.0
3835,2399897,715000,SSG 랜더스카드,74.0,서울 강남구,20,영업,23,여,12.0,5.0,25.0,2.0,56.0
3836,1841052,1824000,신한 Deep카드,67.0,부산 해운대구,30,생산직,32,남,6.0,47.0,8.0,26.0,13.0
3837,3452424,1177000,우리 Young카드,52.0,울산 남구,30,영업,32,남,30.0,23.0,12.0,18.0,17.0
3838,2987248,1360000,토스카드,67.0,서울 강남구,20,서비스직,26,남,26.0,5.0,18.0,12.0,39.0
3839,2036880,1954000,NH 농협카드,51.0,경기 성남시,30,디자이너,30,여,45.0,28.0,4.0,7.0,16.0
3840,2369109,916000,씨티 Premier카드,68.0,부산 해운대구,30,개발자,34,여,7.0,8.0,5.0,78.0,2.0
3841,1950322,1010000,롯데 DC카드,76.0,대전 유성구,20,서비스직,26,여,3.0,65.0,16.0,9.0,7.0
3842,3864802,1609000,KB 혜담카드,42.0,서울 강동구,30,디자이너,33,남,6.0,34.0,10.0,40.0,10.0
3843,2297513,1234000,SSG 랜더스카드,54.0,경기 수원시,20,간호사,20,남,29.0,8.0,11.0,47.0,5.0
3844,3114164,1345000,롯데 DC카드,84.0,서울 노원구,20,생산직,29,여,30.0,22.0,31.0,2.0,15.0
3845,2456877,881000,토스카드,70.0,대전 유성구,20,생산직,28,남,0.0,14.0,5.0,51.0,30.0
3846,2621225,1425000,삼성 taptap카드,84.0,대구 수성구,30,공무원,35,여,42.0,19.0,2.0,13.0,24.0
3847,2534103,1250000,하나 Simple카드,50.0,인천 남동구,30,마케팅,32,여,23.0,10.0,23.0,40.0,4.0
3848,2908996,1494000,토스카드,58.0,서울 서초구,30,연구원,30,여,1.0,36.0,4.0,35.0,24.0
3849,1783619,2242000,KB 혜담카드,41.0,대전 유성구,30,데이터분석가,37,남,79.0,12.0,5.0,3.0,1.0
3850,2292671,1225000,신한 Deep카드,66.0,서울 동작구,20,간호사,28,남,14.0,9.0,27.0,23.0,27.0
3851,2950967,1129000,신한 Deep카드,70.0,대구 수성구,30,기획,31,남,39.0,16.0,17.0,8.0,20.0
3852,3507793,986000,이마트 KB카드,53.0,서울 용산구,30,컨설턴트,38,남,30.0,55.0,3.0,11.0,1.0
3853,2156149,1486000,현대 ZERO카드,65.0,광주 서구,20,디자이너,27,남,3.0,75.0,7.0,14.0,1.0
3854,1980632,1658000,신한 Deep카드,77.0,인천 남동구,30,마케팅,32,여,24.0,2.0,1.0,4.0,69.0
3855,2253675,782000,IBK 두드림카드,66.0,서울 동작구,20,데이터분석가,29,여,0.0,39.0,11.0,30.0,20.0
3856,2242011,1143000,IBK 두드림카드,84.0,세종,30,생산직,30,남,4.0,85.0,0.0,3.0,8.0
3857,1287368,1787000,이마트 KB카드,77.0,서울 성동구,20,데이터분석가,24,남,6.0,4.0,23.0,12.0,55.0
3858,3508985,846000,씨티 Premier카드,53.0,서울 노원구,30,개발자,35,남,9.0,41.0,26.0,2.0,22.0
3859,2539530,1391000,토스카드,44.0,서울 노원구,20,연구원,27,남,34.0,26.0,19.0,14.0,7.0
3860,2483545,888000,씨티 Premier카드,81.0,경기 고양시,20,회계,25,여,10.0,6.0,23.0,20.0,41.0
3861,3912049,606000,IBK 두드림카드,55.0,대구 수성구,30,프리랜서,34,남,1.0,11.0,7.0,46.0,35.0
3862,1917484,1371000,삼성 taptap카드,53.0,광주 서구,20,생산직,28,남,16.0,2.0,55.0,17.0,10.0
3863,1534442,833000,이마트 KB카드,83.0,서울 강동구,20,대학생,24,남,27.0,12.0,10.0,24.0,27.0
3864,2464985,901000,신한 Deep카드,79.0,광주 서구,30,마케팅,31,여,3.0,11.0,3.0,63.0,20.0
3865,2326249,1125000,현대 ZERO카드,61.0,대구 수성구,30,디자이너,38,여,2.0,2.0,3.0,18.0,75.0
3866,1828852,1114000,SSG 랜더스카드,81.0,서울 관악구,20,대학생,26,남,56.0,2.0,7.0,15.0,20.0
3867,2210075,1688000,삼성 taptap카드,45.0,대전 유성구,20,서비스직,20,여,41.0,3.0,21.0,5.0,30.0
3868,1944197,2426000,IBK 두드림카드,56.0,경기 고양시,20,디자이너,29,여,17.0,5.0,3.0,70.0,5.0
3869,1331997,1587000,토스카드,54.0,울산 남구,20,디자이너,28,여,17.0,22.0,30.0,21.0,10.0
3870,2029411,851000,이마트 KB카드,49.0,세종,20,프리랜서,26,남,14.0,15.0,29.0,34.0,8.0
3871,1681812,1106000,현대 ZERO카드,54.0,서울 관악구,20,생산직,29,여,2.0,8.0,13.0,70.0,7.0
3872,2365824,834000,토스카드,54.0,대전 유성구,20,기획,28,여,13.0,27.0,20.0,30.0,10.0
3873,2171982,918000,KB 혜담카드,82.0,경기 수원시,30,공무원,30,여,27.0,11.0,10.0,47.0,5.0
3874,2805815,1358000,하나 Simple카드,42.0,서울 마포구,20,마케팅,26,여,14.0,32.0,40.0,13.0,1.0
3875,3051933,872000,NH 농협카드,71.0,경기 수원시,20,마케팅,27,여,12.0,37.0,2.0,46.0,3.0
3876,3475566,1303000,SSG 랜더스카드,71.0,서울 성동구,30,간호사,31,남,4.0,38.0,45.0,13.0,0.0
3877,1474486,937000,현대 ZERO카드,81.0,경기 성남시,20,회계,26,여,1.0,26.0,16.0,31.0,26.0
3878,3252597,1208000,NH 농협카드,68.0,경기 수원시,30,컨설턴트,36,여,13.0,14.0,46.0,3.0,24.0
3879,3287860,1172000,토스카드,68.0,서울 마포구,30,영업,39,여,49.0,5.0,12.0,13.0,21.0
3880,3013153,948000,롯데 DC카드,50.0,대구 수성구,30,디자이너,34,남,16.0,11.0,25.0,25.0,23.0
3881,2911463,1239000,NH 농협카드,43.0,부산 해운대구,20,디자이너,20,여,50.0,29.0,0.0,18.0,3.0
3882,1974162,1714000,우리 Young카드,40.0,부산 해운대구,20,대학생,25,여,26.0,32.0,4.0,19.0,19.0
3883,1693627,1290000,네이버페이 현대,68.0,서울 용산구,30,연구원,39,남,15.0,2.0,27.0,17.0,39.0
3884,1869857,1003000,이마트 KB카드,72.0,서울 용산구,20,영업,29,여,4.0,47.0,3.0,15.0,31.0
3885,3364650,1869000,SSG 랜더스카드,53.0,경기 성남시,30,연구원,31,여,13.0,16.0,3.0,4.0,64.0
3886,1754460,1675000,토스카드,70.0,서울 강동구,30,개발자,30,여,6.0,37.0,17.0,6.0,34.0
3887,2249760,728000,롯데 DC카드,46.0,서울 노원구,20,데이터분석가,24,남,12.0,11.0,5.0,34.0,38.0
3888,3023900,1369000,카카오뱅크 체크,62.0,인천 남동구,30,디자이너,31,남,2.0,5.0,49.0,38.0,6.0
3889,1993512,845000,삼성 taptap카드,67.0,서울 동작구,20,기획,27,여,17.0,27.0,17.0,9.0,30.0
3890,2689534,633000,신한 Deep카드,56.0,인천 남동구,30,영업,34,남,47.0,25.0,8.0,16.0,4.0
3891,2286124,965000,NH 농협카드,78.0,광주 서구,20,영업,29,여,40.0,14.0,27.0,5.0,14.0
3892,2606486,1882000,토스카드,46.0,서울 서초구,30,컨설턴트,30,남,4.0,25.0,45.0,13.0,13.0
3893,1788970,1009000,우리 Young카드,60.0,서울 마포구,30,디자이너,30,여,7.0,62.0,11.0,0.0,20.0
3894,2357515,1369000,이마트 KB카드,48.0,대전 유성구,20,서비스직,29,남,20.0,10.0,24.0,14.0,32.0
3895,2786683,1788000,현대 ZERO카드,63.0,대전 유성구,20,데이터분석가,29,여,18.0,46.0,4.0,4.0,28.0
3896,3608700,1073000,SSG 랜더스카드,65.0,서울 용산구,30,데이터분석가,33,남,29.0,12.0,20.0,29.0,10.0
3897,1845132,1339000,삼성 taptap카드,65.0,서울 동작구,20,대학생,25,남,1.0,14.0,42.0,22.0,21.0
3898,1624386,1703000,KB 혜담카드,55.0,서울 동작구,20,프리랜서,20,남,6.0,60.0,4.0,17.0,13.0
3899,2107906,1345000,하나 Simple카드,68.0,경기 성남시,20,생산직,29,남,21.0,49.0,8.0,19.0,3.0
3900,3033895,1335000,토스카드,64.0,경기 수원시,20,데이터분석가,29,여,1.0,29.0,64.0,3.0,3.0
3901,2572799,1058000,NH 농협카드,85.0,울산 남구,20,마케팅,20,여,0.0,26.0,20.0,4.0,50.0
3902,2601982,1046000,IBK 두드림카드,43.0,서울 동작구,20,디자이너,27,남,12.0,11.0,0.0,33.0,44.0
3903,2694928,1559000,SSG 랜더스카드,53.0,경기 고양시,20,연구원,29,여,11.0,5.0,30.0,1.0,53.0
3904,2460383,1175000,롯데 DC카드,71.0,서울 용산구,20,기획,29,남,48.0,4.0,31.0,10.0,7.0
3905,2560304,2058000,롯데 DC카드,43.0,서울 서초구,30,간호사,35,여,26.0,32.0,24.0,5.0,13.0
3906,2831153,664000,IBK 두드림카드,67.0,부산 해운대구,30,개발자,30,여,2.0,2.0,23.0,69.0,4.0
3907,2226916,1909000,씨티 Premier카드,60.0,부산 해운대구,30,프리랜서,31,여,8.0,29.0,5.0,57.0,1.0
3908,2009875,1574000,네이버페이 현대,49.0,서울 강동구,30,기획,31,남,1.0,17.0,3.0,42.0,37.0
3909,2861498,1637000,네이버페이 현대,67.0,세종,30,연구원,37,여,27.0,37.0,14.0,21.0,1.0
3910,2868869,1367000,NH 농협카드,49.0,서울 동작구,20,영업,25,남,10.0,25.0,29.0,10.0,26.0
3911,1690884,971000,롯데 DC카드,63.0,경기 수원시,20,간호사,26,여,8.0,2.0,18.0,11.0,61.0
3912,3575345,1656000,신한 Deep카드,44.0,경기 수원시,30,프리랜서,31,남,26.0,35.0,1.0,1.0,37.0
3913,3090382,702000,우리 Young카드,44.0,서울 강동구,20,대학생,28,여,1.0,40.0,1.0,47.0,11.0
3914,2248876,1119000,우리 Young카드,54.0,경기 성남시,20,컨설턴트,21,여,3.0,37.0,13.0,11.0,36.0
3915,2090998,1165000,KB 혜담카드,61.0,경기 고양시,30,마케팅,31,여,5.0,0.0,39.0,56.0,0.0
3916,3086113,1059000,하나 Simple카드,42.0,서울 용산구,30,서비스직,34,남,4.0,19.0,38.0,26.0,13.0
3917,2224733,1079000,KB 혜담카드,48.0,세종,30,기획,31,여,12.0,14.0,57.0,12.0,5.0
3918,1941634,1245000,SSG 랜더스카드,61.0,부산 해운대구,20,프리랜서,23,남,50.0,22.0,7.0,7.0,14.0
3919,2716592,1150000,우리 Young카드,62.0,서울 관악구,30,생산직,31,여,7.0,5.0,40.0,41.0,7.0
3920,1877389,1706000,카카오뱅크 체크,78.0,서울 강동구,30,연구원,39,남,53.0,8.0,3.0,29.0,7.0
3921,1989249,690000,우리 Young카드,53.0,경기 성남시,30,영업,32,남,1.0,2.0,41.0,42.0,14.0
3922,2509645,1706000,토스카드,76.0,서울 관악구,30,디자이너,31,여,39.0,33.0,8.0,8.0,12.0
3923,2984384,1078000,우리 Young카드,68.0,서울 용산구,30,연구원,37,남,22.0,11.0,63.0,3.0,1.0
3924,3240488,796000,롯데 DC카드,52.0,부산 해운대구,30,간호사,32,남,15.0,11.0,35.0,28.0,11.0
3925,4312657,1236000,카카오뱅크 체크,57.0,부산 해운대구,30,간호사,36,남,13.0,52.0,11.0,12.0,12.0
3926,3073159,1028000,삼성 taptap카드,79.0,부산 해운대구,30,컨설턴트,35,남,14.0,24.0,29.0,9.0,24.0
3927,2549086,937000,NH 농협카드,67.0,광주 서구,20,공무원,26,여,63.0,3.0,10.0,13.0,11.0
3928,2012233,1377000,씨티 Premier카드,57.0,인천 남동구,30,대학생,32,여,17.0,21.0,26.0,32.0,4.0
3929,2633968,1123000,토스카드,49.0,대구 수성구,20,컨설턴트,26,남,6.0,23.0,17.0,5.0,49.0
3930,2631526,1587000,롯데 DC카드,43.0,서울 마포구,30,데이터분석가,35,남,27.0,29.0,6.0,23.0,15.0
3931,3049994,1873000,우리 Young카드,63.0,인천 남동구,30,대학생,37,남,29.0,4.0,26.0,41.0,0.0
3932,2195575,1068000,롯데 DC카드,76.0,서울 서초구,20,서비스직,27,남,53.0,21.0,3.0,3.0,20.0
3933,2766487,1172000,토스카드,44.0,서울 서초구,20,기획,20,여,8.0,32.0,17.0,43.0,0.0
3934,1845011,944000,이마트 KB카드,77.0,세종,30,간호사,39,여,23.0,1.0,16.0,44.0,16.0
3935,1108380,1506000,씨티 Premier카드,76.0,서울 강남구,20,마케팅,20,남,3.0,84.0,6.0,2.0,5.0
3936,2850597,1251000,하나 Simple카드,59.0,서울 노원구,30,기획,30,남,2.0,34.0,47.0,10.0,7.0
3937,2484265,918000,하나 Simple카드,51.0,인천 남동구,20,서비스직,26,남,69.0,1.0,12.0,7.0,11.0
3938,2326134,1915000,토스카드,67.0,서울 송파구,20,간호사,28,여,2.0,52.0,3.0,10.0,33.0
3939,3116102,853000,카카오뱅크 체크,60.0,세종,30,데이터분석가,32,여,11.0,5.0,19.0,15.0,50.0
3940,2468686,749000,IBK 두드림카드,57.0,서울 강동구,20,서비스직,27,남,1.0,4.0,18.0,35.0,42.0
3941,2605306,1226000,네이버페이 현대,53.0,광주 서구,30,개발자,33,남,2.0,53.0,15.0,9.0,21.0
3942,1087289,2066000,카카오뱅크 체크,40.0,광주 서구,20,기획,28,여,9.0,11.0,22.0,38.0,20.0
3943,2381343,1624000,KB 혜담카드,53.0,대전 유성구,30,영업,36,여,25.0,36.0,16.0,4.0,19.0
3944,2763979,1080000,NH 농협카드,69.0,서울 송파구,20,서비스직,28,남,27.0,22.0,6.0,9.0,36.0
3945,2725566,1676000,토스카드,80.0,서울 강동구,30,공무원,35,남,8.0,3.0,39.0,26.0,24.0
3946,2264160,1009000,토스카드,73.0,서울 송파구,20,마케팅,29,남,11.0,51.0,13.0,6.0,19.0
3947,2710680,2036000,토스카드,48.0,서울 서초구,30,생산직,31,여,20.0,18.0,28.0,12.0,22.0
3948,2289295,1493000,KB 혜담카드,45.0,경기 고양시,30,생산직,30,남,32.0,4.0,25.0,22.0,17.0
3949,3436265,1057000,우리 Young카드,79.0,부산 해운대구,30,디자이너,38,남,16.0,1.0,11.0,9.0,63.0
3950,3068560,1364000,우리 Young카드,63.0,서울 서초구,20,대학생,24,여,41.0,12.0,6.0,30.0,11.0
3951,2163593,1408000,신한 Deep카드,69.0,서울 성동구,20,간호사,27,남,46.0,8.0,8.0,13.0,25.0
3952,1935467,833000,씨티 Premier카드,55.0,부산 해운대구,30,회계,30,여,21.0,2.0,41.0,4.0,32.0
3953,2216699,628000,이마트 KB카드,76.0,서울 관악구,20,영업,27,남,44.0,7.0,29.0,7.0,13.0
3954,1137807,1676000,SSG 랜더스카드,66.0,서울 성동구,20,마케팅,23,남,31.0,10.0,31.0,11.0,17.0
3955,2668451,1179000,네이버페이 현대,40.0,경기 성남시,30,개발자,32,여,9.0,4.0,49.0,32.0,6.0
3956,2476137,1891000,우리 Young카드,48.0,서울 동작구,20,서비스직,23,남,8.0,49.0,4.0,38.0,1.0
3957,3337818,866000,SSG 랜더스카드,40.0,서울 송파구,30,프리랜서,35,여,38.0,34.0,14.0,9.0,5.0
3958,2403002,821000,하나 Simple카드,58.0,대전 유성구,30,디자이너,35,여,44.0,1.0,31.0,16.0,8.0
3959,2454242,963000,하나 Simple카드,71.0,서울 관악구,20,영업,28,남,45.0,16.0,3.0,4.0,32.0
3960,2069355,553000,신한 Deep카드,63.0,울산 남구,30,서비스직,36,여,12.0,1.0,38.0,0.0,49.0
3961,2750501,801000,SSG 랜더스카드,83.0,광주 서구,30,데이터분석가,30,남,12.0,0.0,0.0,44.0,44.0
3962,1487407,1158000,네이버페이 현대,48.0,서울 동작구,20,개발자,22,여,10.0,8.0,13.0,21.0,48.0
3963,2152605,1119000,우리 Young카드,54.0,경기 성남시,20,컨설턴트,21,남,3.0,37.0,13.0,11.0,36.0
3964,2097345,832000,하나 Simple카드,68.0,서울 관악구,20,간호사,25,여,22.0,27.0,1.0,20.0,30.0
3965,2399599,1124000,카카오뱅크 체크,59.0,울산 남구,20,연구원,28,남,23.0,28.0,3.0,22.0,24.0
3966,2563482,1546000,우리 Young카드,50.0,서울 송파구,30,공무원,32,남,40.0,5.0,10.0,35.0,10.0
3967,2541672,1379000,토스카드,78.0,경기 성남시,30,컨설턴트,31,여,24.0,6.0,9.0,36.0,25.0
3968,2333309,1122000,우리 Young카드,68.0,광주 서구,30,데이터분석가,34,여,13.0,12.0,42.0,18.0,15.0
3969,2084250,1081000,신한 Deep카드,57.0,대구 수성구,20,생산직,23,남,5.0,15.0,38.0,9.0,33.0
3970,3056253,1224000,현대 ZERO카드,42.0,경기 고양시,30,회계,34,남,10.0,8.0,10.0,2.0,70.0
3971,2270261,742000,이마트 KB카드,63.0,부산 해운대구,20,마케팅,23,여,23.0,19.0,5.0,15.0,38.0
3972,2630587,1458000,IBK 두드림카드,58.0,서울 성동구,20,서비스직,23,여,7.0,52.0,29.0,11.0,1.0
3973,2189678,1252000,네이버페이 현대,51.0,서울 서초구,20,데이터분석가,20,남,17.0,29.0,22.0,17.0,15.0
3974,2075057,1058000,삼성 taptap카드,55.0,부산 해운대구,20,디자이너,27,남,18.0,14.0,27.0,5.0,36.0
3975,2873434,1989000,삼성 taptap카드,46.0,대전 유성구,30,간호사,37,남,23.0,15.0,21.0,25.0,16.0
3976,1892667,975000,현대 ZERO카드,68.0,울산 남구,20,대학생,29,여,18.0,24.0,26.0,3.0,29.0
3977,2070044,1496000,토스카드,44.0,서울 송파구,20,개발자,23,남,3.0,70.0,1.0,14.0,12.0
3978,4421811,1030000,신한 Deep카드,85.0,세종,30,개발자,33,남,70.0,1.0,15.0,3.0,11.0
3979,1793660,842000,NH 농협카드,66.0,서울 관악구,20,데이터분석가,22,여,21.0,8.0,39.0,15.0,17.0
3980,2804940,1051000,IBK 두드림카드,52.0,서울 서초구,30,공무원,36,남,41.0,13.0,5.0,17.0,24.0
3981,2056255,1132000,롯데 DC카드,52.0,서울 용산구,20,대학생,29,남,31.0,14.0,6.0,24.0,25.0
3982,2126414,1134000,우리 Young카드,59.0,서울 마포구,20,대학생,21,남,5.0,37.0,41.0,10.0,7.0
3983,2768132,645000,롯데 DC카드,58.0,세종,30,영업,36,남,10.0,19.0,8.0,49.0,14.0
3984,3195468,1429000,NH 농협카드,85.0,대전 유성구,30,컨설턴트,31,남,6.0,41.0,9.0,1.0,43.0
3985,1394912,1692000,토스카드,44.0,울산 남구,20,개발자,29,여,6.0,29.0,25.0,7.0,33.0
3986,3726020,611000,SSG 랜더스카드,50.0,서울 관악구,30,데이터분석가,35,남,17.0,11.0,45.0,17.0,10.0
3987,2566291,1717000,카카오뱅크 체크,79.0,서울 송파구,20,개발자,24,여,5.0,3.0,15.0,63.0,14.0
3988,1878564,2214000,KB 혜담카드,42.0,경기 수원시,30,디자이너,30,여,4.0,50.0,6.0,8.0,32.0
3989,1115461,1784000,SSG 랜더스카드,78.0,서울 동작구,20,공무원,25,여,3.0,7.0,6.0,0.0,84.0
3990,2316049,1160000,신한 Deep카드,85.0,광주 서구,30,프리랜서,34,남,9.0,13.0,16.0,40.0,22.0
3991,2830133,975000,삼성 taptap카드,53.0,경기 수원시,30,서비스직,31,남,3.0,14.0,11.0,68.0,4.0
3992,4806204,1381000,SSG 랜더스카드,62.0,서울 노원구,30,서비스직,31,남,7.0,19.0,51.0,12.0,11.0
3993,3380279,941000,씨티 Premier카드,53.0,서울 마포구,30,마케팅,34,남,23.0,11.0,20.0,39.0,7.0
3994,1346205,1854000,현대 ZERO카드,68.0,경기 고양시,20,연구원,27,남,11.0,15.0,26.0,12.0,36.0
3995,1905172,1008000,토스카드,44.0,서울 관악구,20,데이터분석가,28,여,44.0,9.0,4.0,1.0,42.0
3996,2962751,1183000,신한 Deep카드,66.0,경기 고양시,30,기획,39,남,45.0,20.0,20.0,9.0,6.0
3997,2376841,1402000,카카오뱅크 체크,70.0,서울 강동구,20,마케팅,20,남,55.0,35.0,8.0,0.0,2.0
3998,2079675,1323000,롯데 DC카드,40.0,경기 수원시,30,생산직,33,남,57.0,3.0,14.0,24.0,2.0
3999,2182504,1436000,토스카드,48.0,서울 동작구,20,개발자,29,여,13.0,34.0,7.0,37.0,9.0
4000,2497652,1724000,롯데 DC카드,64.0,세종,30,서비스직,30,남,4.0,11.0,31.0,38.0,16.0
4001,1698120,1795000,NH 농협카드,68.0,대전 유성구,20,공무원,29,여,25.0,13.0,13.0,41.0,8.0
4002,2379797,1024000,신한 Deep카드,56.0,경기 고양시,20,간호사,25,남,30.0,16.0,18.0,19.0,17.0
4003,2636938,1794000,씨티 Premier카드,44.0,세종,20,간호사,26,여,8.0,3.0,2.0,43.0,44.0
4004,2920520,1024000,현대 ZERO카드,43.0,서울 송파구,30,컨설턴트,34,여,14.0,14.0,15.0,19.0,38.0
4005,2537193,1047000,NH 농협카드,79.0,울산 남구,20,생산직,29,남,7.0,49.0,14.0,27.0,3.0
4006,2651841,1487000,우리 Young카드,54.0,울산 남구,30,디자이너,30,남,39.0,9.0,21.0,10.0,21.0
4007,2607274,1015000,현대 ZERO카드,72.0,서울 강동구,20,마케팅,21,남,19.0,1.0,14.0,13.0,53.0
4008,3216338,1150000,우리 Young카드,62.0,서울 관악구,30,생산직,31,남,7.0,5.0,40.0,41.0,7.0
4009,2566970,1013000,토스카드,46.0,경기 성남시,30,디자이너,37,여,9.0,28.0,2.0,51.0,10.0
4010,2194153,954000,롯데 DC카드,47.0,광주 서구,30,기획,30,여,18.0,20.0,23.0,9.0,30.0
4011,2001561,1389000,IBK 두드림카드,54.0,세종,20,간호사,27,여,1.0,30.0,5.0,57.0,7.0
4012,2536943,1120000,삼성 taptap카드,49.0,경기 고양시,30,개발자,30,여,45.0,14.0,4.0,1.0,36.0
4013,3469937,1074000,IBK 두드림카드,73.0,대구 수성구,20,간호사,28,남,11.0,14.0,40.0,30.0,5.0
4014,3210869,1047000,현대 ZERO카드,50.0,서울 송파구,30,대학생,34,남,42.0,15.0,27.0,4.0,12.0
4015,2194405,1292000,네이버페이 현대,60.0,대구 수성구,30,개발자,30,여,33.0,16.0,1.0,21.0,29.0
4016,1833805,979000,씨티 Premier카드,72.0,서울 관악구,20,간호사,25,남,9.0,8.0,9.0,30.0,44.0
4017,2004116,1083000,NH 농협카드,55.0,서울 서초구,20,데이터분석가,26,여,48.0,30.0,1.0,12.0,9.0
4018,4524105,1665000,하나 Simple카드,74.0,서울 관악구,30,기획,33,남,2.0,9.0,8.0,46.0,35.0
4019,2720520,2006000,하나 Simple카드,79.0,경기 수원시,30,간호사,34,남,13.0,35.0,11.0,3.0,38.0
4020,2703435,1115000,신한 Deep카드,67.0,서울 강남구,20,프리랜서,28,여,9.0,37.0,8.0,16.0,30.0
4021,2062035,756000,하나 Simple카드,65.0,경기 성남시,20,공무원,20,남,3.0,39.0,20.0,23.0,15.0
4022,2630592,1889000,하나 Simple카드,76.0,광주 서구,30,디자이너,34,여,6.0,4.0,48.0,40.0,2.0
4023,2895872,1150000,이마트 KB카드,73.0,부산 해운대구,30,서비스직,34,여,10.0,19.0,25.0,20.0,26.0
4024,1964048,986000,토스카드,58.0,울산 남구,20,공무원,26,여,8.0,47.0,1.0,2.0,42.0
4025,1929444,1063000,하나 Simple카드,72.0,대전 유성구,20,회계,20,여,47.0,8.0,4.0,5.0,36.0
4026,3329434,1688000,SSG 랜더스카드,62.0,서울 용산구,30,생산직,30,여,13.0,14.0,42.0,19.0,12.0
4027,2742296,626000,하나 Simple카드,44.0,부산 해운대구,20,영업,27,여,20.0,24.0,37.0,17.0,2.0
4028,2645336,842000,NH 농협카드,66.0,서울 관악구,20,데이터분석가,22,남,21.0,8.0,39.0,15.0,17.0
4029,3551093,1452000,KB 혜담카드,72.0,인천 남동구,30,데이터분석가,32,남,5.0,2.0,24.0,69.0,0.0
4030,2729787,1760000,토스카드,74.0,서울 송파구,30,마케팅,33,여,4.0,12.0,42.0,11.0,31.0
4031,3258887,2220000,NH 농협카드,85.0,서울 마포구,20,생산직,25,남,23.0,2.0,22.0,30.0,23.0
4032,2271954,749000,NH 농협카드,54.0,서울 서초구,20,영업,29,남,3.0,20.0,60.0,1.0,16.0
4033,3404083,1081000,SSG 랜더스카드,63.0,세종,30,데이터분석가,30,남,11.0,11.0,2.0,75.0,1.0
4034,1774543,629000,KB 혜담카드,45.0,경기 고양시,30,디자이너,39,여,41.0,12.0,0.0,42.0,5.0
4035,1837519,1771000,카카오뱅크 체크,71.0,경기 고양시,20,컨설턴트,20,여,30.0,29.0,3.0,20.0,18.0
4036,2159426,1046000,우리 Young카드,83.0,서울 관악구,30,데이터분석가,30,남,24.0,0.0,22.0,23.0,31.0
4037,3137031,1438000,KB 혜담카드,63.0,서울 송파구,30,대학생,32,여,74.0,17.0,8.0,0.0,1.0
4038,1000000,811000,토스카드,74.0,서울 송파구,20,간호사,20,여,8.0,11.0,12.0,8.0,61.0
4039,2298844,1009000,현대 ZERO카드,59.0,서울 강남구,30,영업,32,여,36.0,20.0,11.0,11.0,22.0
4040,1003146,802000,롯데 DC카드,48.0,서울 용산구,30,공무원,34,여,53.0,8.0,6.0,32.0,1.0
4041,1834356,1238000,카카오뱅크 체크,77.0,서울 마포구,20,데이터분석가,27,여,9.0,1.0,74.0,3.0,13.0
4042,2656335,1516000,KB 혜담카드,77.0,서울 서초구,30,서비스직,30,남,15.0,23.0,26.0,16.0,20.0
4043,3192435,1018000,하나 Simple카드,57.0,광주 서구,30,컨설턴트,35,여,3.0,12.0,68.0,8.0,9.0
4044,2448313,1443000,신한 Deep카드,52.0,대구 수성구,20,연구원,29,남,45.0,2.0,40.0,6.0,7.0
4045,1833429,2003000,신한 Deep카드,76.0,서울 성동구,20,개발자,27,여,5.0,2.0,13.0,79.0,1.0
4046,3032981,1897000,롯데 DC카드,68.0,광주 서구,30,프리랜서,30,여,11.0,0.0,49.0,23.0,17.0
4047,2258916,1514000,신한 Deep카드,51.0,광주 서구,20,마케팅,23,남,4.0,12.0,28.0,37.0,19.0
4048,3026296,879000,하나 Simple카드,48.0,서울 마포구,30,서비스직,31,남,15.0,1.0,27.0,16.0,41.0
4049,1648664,1680000,카카오뱅크 체크,74.0,경기 수원시,20,공무원,27,여,5.0,13.0,25.0,21.0,36.0
4050,2306990,1058000,SSG 랜더스카드,55.0,광주 서구,30,회계,33,남,31.0,9.0,8.0,9.0,43.0
4051,2087451,1082000,신한 Deep카드,72.0,경기 수원시,30,간호사,37,여,4.0,48.0,7.0,8.0,33.0
4052,2273230,1660000,카카오뱅크 체크,61.0,인천 남동구,20,영업,27,남,1.0,28.0,13.0,27.0,31.0
4053,2288942,1343000,롯데 DC카드,71.0,경기 고양시,20,마케팅,22,남,2.0,35.0,58.0,3.0,2.0
4054,3022046,1655000,롯데 DC카드,45.0,경기 성남시,20,개발자,27,여,19.0,26.0,39.0,13.0,3.0
4055,2692527,628000,카카오뱅크 체크,56.0,서울 송파구,30,공무원,30,여,7.0,11.0,47.0,34.0,1.0
4056,1000000,1261000,씨티 Premier카드,43.0,인천 남동구,20,서비스직,25,여,3.0,61.0,5.0,20.0,11.0
4057,2381320,1579000,네이버페이 현대,46.0,경기 수원시,20,디자이너,20,남,51.0,13.0,21.0,12.0,3.0
4058,1524991,585000,네이버페이 현대,58.0,서울 서초구,20,생산직,29,여,20.0,11.0,14.0,40.0,15.0
4059,2017014,799000,현대 ZERO카드,66.0,경기 수원시,30,대학생,37,여,6.0,23.0,40.0,1.0,30.0
4060,2093915,988000,NH 농협카드,65.0,서울 송파구,30,대학생,39,여,10.0,9.0,46.0,15.0,20.0
4061,2168330,963000,IBK 두드림카드,76.0,서울 서초구,30,공무원,30,여,2.0,40.0,15.0,5.0,38.0
4062,1812425,582000,신한 Deep카드,76.0,서울 용산구,30,컨설턴트,31,여,30.0,11.0,8.0,38.0,13.0
4063,2351741,948000,이마트 KB카드,52.0,경기 수원시,20,개발자,28,남,20.0,38.0,6.0,17.0,19.0
4064,2012438,1294000,토스카드,56.0,서울 노원구,30,서비스직,32,남,3.0,40.0,9.0,28.0,20.0
4065,2428333,2279000,NH 농협카드,79.0,서울 성동구,20,간호사,27,여,15.0,8.0,19.0,40.0,18.0
4066,3368485,1710000,현대 ZERO카드,69.0,대전 유성구,20,회계,27,남,49.0,11.0,8.0,26.0,6.0
4067,1585320,1444000,NH 농협카드,68.0,인천 남동구,20,회계,24,여,24.0,3.0,15.0,2.0,56.0
4068,2107744,1298000,이마트 KB카드,55.0,서울 강남구,20,생산직,28,남,8.0,30.0,27.0,23.0,12.0
4069,1238271,1020000,우리 Young카드,65.0,서울 강동구,30,개발자,31,여,37.0,3.0,1.0,31.0,28.0
4070,2099532,2205000,롯데 DC카드,46.0,대전 유성구,20,대학생,26,여,42.0,29.0,9.0,2.0,18.0
4071,3449902,1519000,네이버페이 현대,68.0,경기 수원시,30,간호사,32,남,13.0,20.0,34.0,11.0,22.0
4072,2610319,971000,롯데 DC카드,63.0,경기 수원시,20,간호사,26,남,8.0,2.0,18.0,11.0,61.0
4073,2288681,1671000,롯데 DC카드,40.0,부산 해운대구,20,디자이너,25,남,10.0,65.0,14.0,7.0,4.0
4074,2944631,929000,현대 ZERO카드,51.0,경기 성남시,30,연구원,32,여,1.0,5.0,37.0,40.0,17.0
4075,3773027,2590000,현대 ZERO카드,64.0,서울 관악구,30,디자이너,30,여,24.0,14.0,45.0,5.0,12.0
4076,3106152,643000,카카오뱅크 체크,57.0,서울 관악구,20,간호사,22,남,14.0,12.0,21.0,5.0,48.0
4077,1988739,2010000,현대 ZERO카드,43.0,서울 성동구,20,마케팅,24,여,1.0,27.0,46.0,16.0,10.0
4078,1984227,1974000,현대 ZERO카드,48.0,서울 관악구,30,컨설턴트,30,남,35.0,3.0,54.0,5.0,3.0
4079,2715694,1686000,하나 Simple카드,65.0,세종,30,회계,33,남,21.0,58.0,9.0,8.0,4.0
4080,2475673,1330000,카카오뱅크 체크,62.0,울산 남구,20,간호사,26,남,38.0,47.0,13.0,1.0,1.0
4081,1659403,1426000,하나 Simple카드,82.0,서울 서초구,20,개발자,21,남,5.0,46.0,18.0,18.0,13.0
4082,2949024,1944000,롯데 DC카드,85.0,경기 수원시,30,개발자,32,남,12.0,22.0,11.0,21.0,34.0
4083,3586609,796000,롯데 DC카드,52.0,부산 해운대구,30,간호사,32,남,15.0,11.0,35.0,28.0,11.0
4084,2929512,1202000,NH 농협카드,72.0,경기 성남시,30,간호사,35,남,12.0,56.0,27.0,5.0,0.0
4085,2337580,1089000,우리 Young카드,62.0,서울 관악구,30,연구원,33,남,5.0,2.0,37.0,14.0,42.0
4086,3087407,645000,롯데 DC카드,58.0,세종,30,영업,36,여,10.0,19.0,8.0,49.0,14.0
4087,1684713,758000,신한 Deep카드,79.0,서울 성동구,30,대학생,31,남,2.0,22.0,2.0,11.0,63.0
4088,2086102,1669000,카카오뱅크 체크,74.0,서울 성동구,20,대학생,20,여,54.0,12.0,4.0,4.0,26.0
4089,2229169,2312000,신한 Deep카드,45.0,서울 마포구,20,데이터분석가,27,남,45.0,3.0,15.0,27.0,10.0
4090,2257954,946000,삼성 taptap카드,84.0,서울 강남구,20,디자이너,25,남,5.0,31.0,8.0,52.0,4.0
4091,2340248,1523000,SSG 랜더스카드,42.0,서울 마포구,20,대학생,28,여,22.0,2.0,7.0,13.0,56.0
4092,2555219,1981000,신한 Deep카드,53.0,서울 관악구,20,연구원,21,여,8.0,10.0,24.0,23.0,35.0
4093,2975214,1835000,KB 혜담카드,75.0,서울 관악구,30,마케팅,32,남,19.0,21.0,29.0,6.0,25.0
4094,2065970,1154000,IBK 두드림카드,69.0,광주 서구,20,영업,29,여,6.0,15.0,15.0,1.0,63.0
4095,2296205,1804000,카카오뱅크 체크,83.0,서울 마포구,30,프리랜서,33,여,9.0,52.0,17.0,3.0,19.0
4096,1944242,881000,토스카드,70.0,대전 유성구,20,생산직,28,여,0.0,14.0,5.0,51.0,30.0
4097,2893771,1649000,IBK 두드림카드,47.0,경기 성남시,30,데이터분석가,36,여,4.0,8.0,37.0,34.0,17.0
4098,2547430,2074000,이마트 KB카드,66.0,서울 송파구,30,생산직,34,남,11.0,7.0,19.0,5.0,58.0
4099,2673385,1854000,현대 ZERO카드,68.0,경기 고양시,20,연구원,27,남,11.0,15.0,26.0,12.0,36.0
4100,2259499,965000,카카오뱅크 체크,59.0,서울 서초구,20,마케팅,29,여,14.0,25.0,4.0,47.0,10.0
4101,1989372,1242000,NH 농협카드,40.0,인천 남동구,20,개발자,26,남,54.0,7.0,25.0,4.0,10.0
4102,2559203,694000,네이버페이 현대,52.0,서울 강남구,20,데이터분석가,25,여,6.0,3.0,18.0,31.0,42.0
4103,2490782,1186000,토스카드,49.0,서울 성동구,30,연구원,31,남,2.0,23.0,17.0,3.0,55.0
4104,3446728,727000,신한 Deep카드,77.0,세종,30,공무원,34,남,64.0,3.0,8.0,0.0,25.0
4105,2606363,1572000,하나 Simple카드,45.0,경기 성남시,30,생산직,33,여,0.0,12.0,56.0,15.0,17.0
4106,2582572,1141000,현대 ZERO카드,82.0,서울 용산구,30,대학생,30,남,12.0,16.0,3.0,17.0,52.0
4107,2764317,1615000,하나 Simple카드,42.0,서울 노원구,30,디자이너,31,여,4.0,15.0,58.0,15.0,8.0
4108,2773294,1085000,씨티 Premier카드,66.0,서울 관악구,30,연구원,34,여,10.0,18.0,14.0,1.0,57.0
4109,3078759,717000,하나 Simple카드,57.0,부산 해운대구,30,연구원,39,여,3.0,17.0,2.0,31.0,47.0
4110,2983073,1680000,토스카드,46.0,서울 성동구,30,프리랜서,32,여,1.0,30.0,10.0,11.0,48.0
4111,2745637,873000,카카오뱅크 체크,53.0,부산 해운대구,30,데이터분석가,39,여,13.0,50.0,2.0,1.0,34.0
4112,1936204,1119000,KB 혜담카드,50.0,울산 남구,30,공무원,34,여,50.0,16.0,14.0,9.0,11.0
4113,3724293,1724000,네이버페이 현대,68.0,서울 노원구,30,마케팅,31,여,19.0,2.0,41.0,7.0,31.0
4114,2017468,1562000,롯데 DC카드,78.0,서울 송파구,30,연구원,34,남,10.0,8.0,70.0,12.0,0.0
4115,2724631,937000,현대 ZERO카드,81.0,경기 성남시,20,회계,26,남,1.0,26.0,16.0,31.0,26.0
4116,2465641,1276000,삼성 taptap카드,70.0,세종,20,프리랜서,24,남,29.0,16.0,32.0,21.0,2.0
4117,1662928,757000,토스카드,64.0,서울 용산구,20,개발자,29,남,5.0,25.0,28.0,37.0,5.0
4118,2437849,979000,이마트 KB카드,79.0,세종,30,영업,30,여,13.0,11.0,5.0,19.0,52.0
4119,2460623,1257000,네이버페이 현대,75.0,세종,30,연구원,33,여,6.0,35.0,8.0,45.0,6.0
4120,2902791,1467000,SSG 랜더스카드,76.0,서울 용산구,20,간호사,24,여,7.0,48.0,30.0,13.0,2.0
4121,1893344,960000,카카오뱅크 체크,50.0,경기 고양시,20,디자이너,20,남,2.0,25.0,13.0,51.0,9.0
4122,2369027,2324000,롯데 DC카드,67.0,서울 성동구,30,회계,32,여,6.0,1.0,17.0,53.0,23.0
4123,1081965,1106000,삼성 taptap카드,61.0,경기 성남시,20,영업,20,남,21.0,33.0,9.0,9.0,28.0
4124,3117381,626000,하나 Simple카드,44.0,부산 해운대구,20,영업,27,여,20.0,24.0,37.0,17.0,2.0
4125,1964765,1505000,SSG 랜더스카드,54.0,서울 강남구,30,회계,37,여,50.0,8.0,26.0,1.0,15.0
4126,3228837,1031000,네이버페이 현대,68.0,부산 해운대구,30,데이터분석가,34,남,18.0,37.0,10.0,9.0,26.0
4127,2199296,879000,이마트 KB카드,65.0,서울 동작구,20,연구원,25,남,19.0,39.0,9.0,11.0,22.0
4128,2931399,1034000,신한 Deep카드,69.0,서울 관악구,30,프리랜서,34,남,0.0,39.0,46.0,5.0,10.0
4129,2904930,1315000,네이버페이 현대,74.0,경기 고양시,30,대학생,33,여,14.0,9.0,16.0,1.0,60.0
4130,3335631,1328000,네이버페이 현대,76.0,광주 서구,30,컨설턴트,31,여,11.0,19.0,21.0,24.0,25.0
4131,2375746,1594000,SSG 랜더스카드,65.0,부산 해운대구,20,회계,20,여,21.0,3.0,3.0,59.0,14.0
4132,3458554,2446000,하나 Simple카드,66.0,광주 서구,30,마케팅,39,남,14.0,49.0,15.0,3.0,19.0
4133,3230224,2029000,씨티 Premier카드,75.0,경기 고양시,30,프리랜서,33,남,10.0,15.0,6.0,27.0,42.0
4134,2758765,1457000,하나 Simple카드,76.0,대구 수성구,20,개발자,29,여,3.0,56.0,33.0,6.0,2.0
4135,2018541,1247000,KB 혜담카드,79.0,서울 성동구,20,공무원,25,여,36.0,0.0,14.0,25.0,25.0
4136,2787695,962000,신한 Deep카드,83.0,세종,20,회계,29,남,48.0,15.0,16.0,1.0,20.0
4137,2805249,896000,IBK 두드림카드,45.0,대구 수성구,20,기획,24,남,22.0,20.0,46.0,7.0,5.0
4138,2791268,1916000,삼성 taptap카드,71.0,서울 강남구,20,개발자,29,여,15.0,19.0,0.0,27.0,39.0
4139,1919926,950000,롯데 DC카드,77.0,서울 관악구,20,생산직,23,남,35.0,0.0,15.0,12.0,38.0
4140,2165831,2155000,신한 Deep카드,82.0,경기 성남시,20,데이터분석가,29,남,4.0,43.0,47.0,5.0,1.0
4141,3167626,1469000,네이버페이 현대,63.0,광주 서구,30,연구원,39,남,10.0,57.0,22.0,8.0,3.0
4142,1814578,1654000,현대 ZERO카드,47.0,서울 송파구,30,영업,38,여,3.0,9.0,55.0,7.0,26.0
4143,3047460,1185000,IBK 두드림카드,64.0,부산 해운대구,20,디자이너,26,여,15.0,34.0,5.0,41.0,5.0
4144,2243861,912000,하나 Simple카드,77.0,대전 유성구,20,연구원,22,여,1.0,12.0,37.0,10.0,40.0
4145,2641963,1019000,현대 ZERO카드,81.0,대구 수성구,30,연구원,35,여,10.0,16.0,48.0,23.0,3.0
4146,1961497,1032000,우리 Young카드,58.0,서울 서초구,20,컨설턴트,22,여,41.0,29.0,4.0,19.0,7.0
4147,2071185,1453000,토스카드,51.0,경기 고양시,30,데이터분석가,34,남,13.0,25.0,45.0,12.0,5.0
4148,2197985,1056000,하나 Simple카드,66.0,서울 성동구,30,기획,35,여,40.0,11.0,4.0,6.0,39.0
4149,2359602,1176000,우리 Young카드,59.0,서울 강동구,20,대학생,29,남,34.0,11.0,12.0,10.0,33.0
4150,2586714,1739000,카카오뱅크 체크,65.0,서울 마포구,20,마케팅,24,여,9.0,18.0,47.0,12.0,14.0
4151,2330895,749000,NH 농협카드,54.0,서울 서초구,20,영업,29,남,3.0,20.0,60.0,1.0,16.0
4152,2423362,1166000,KB 혜담카드,59.0,서울 성동구,20,간호사,20,남,2.0,24.0,18.0,11.0,45.0
4153,2764081,939000,씨티 Premier카드,55.0,서울 서초구,30,데이터분석가,31,남,6.0,35.0,4.0,38.0,17.0
4154,2498124,712000,하나 Simple카드,70.0,세종,20,영업,20,남,37.0,2.0,32.0,3.0,26.0
4155,4037983,1250000,신한 Deep카드,84.0,서울 송파구,30,간호사,30,남,1.0,4.0,37.0,1.0,57.0
4156,2602394,1292000,신한 Deep카드,43.0,서울 노원구,20,데이터분석가,29,남,0.0,2.0,52.0,20.0,26.0
4157,2654770,1359000,씨티 Premier카드,67.0,서울 마포구,20,컨설턴트,27,여,38.0,3.0,24.0,18.0,17.0
4158,2397008,1699000,현대 ZERO카드,59.0,서울 강남구,20,마케팅,29,남,36.0,8.0,7.0,34.0,15.0
4159,1748422,2180000,삼성 taptap카드,76.0,경기 성남시,30,기획,39,여,23.0,5.0,3.0,48.0,21.0
4160,1977666,1276000,우리 Young카드,57.0,광주 서구,30,공무원,36,여,62.0,1.0,18.0,11.0,8.0
4161,2477437,1209000,롯데 DC카드,42.0,서울 동작구,20,공무원,25,여,28.0,5.0,24.0,20.0,23.0
4162,2494530,1671000,KB 혜담카드,51.0,서울 관악구,30,생산직,30,여,35.0,2.0,13.0,37.0,13.0
4163,2719921,1225000,롯데 DC카드,52.0,서울 강동구,30,공무원,33,여,60.0,9.0,13.0,13.0,5.0
4164,3088211,2279000,NH 농협카드,79.0,서울 성동구,20,간호사,27,남,15.0,8.0,19.0,40.0,18.0
4165,2613017,1003000,IBK 두드림카드,62.0,대구 수성구,20,생산직,21,남,6.0,9.0,1.0,75.0,9.0
4166,2879443,1226000,현대 ZERO카드,79.0,서울 노원구,20,컨설턴트,21,남,37.0,48.0,0.0,9.0,6.0
4167,2547340,1949000,우리 Young카드,82.0,서울 강남구,30,회계,33,여,31.0,10.0,4.0,10.0,45.0
4168,1846392,1994000,네이버페이 현대,68.0,대전 유성구,20,마케팅,27,여,18.0,37.0,28.0,9.0,8.0
4169,2959493,880000,SSG 랜더스카드,79.0,서울 동작구,30,공무원,39,남,28.0,26.0,42.0,3.0,1.0
4170,1847624,1428000,현대 ZERO카드,45.0,서울 노원구,20,연구원,23,남,20.0,8.0,38.0,7.0,27.0
4171,3279147,1186000,씨티 Premier카드,43.0,서울 성동구,30,연구원,38,여,3.0,9.0,37.0,41.0,10.0
4172,3553273,787000,삼성 taptap카드,73.0,서울 성동구,30,데이터분석가,33,남,28.0,6.0,14.0,16.0,36.0
4173,2760256,1147000,이마트 KB카드,52.0,경기 성남시,30,디자이너,39,여,10.0,18.0,22.0,33.0,17.0
4174,2867971,1774000,씨티 Premier카드,57.0,서울 서초구,20,데이터분석가,28,여,0.0,3.0,61.0,21.0,15.0
4175,1239971,871000,우리 Young카드,70.0,서울 마포구,20,데이터분석가,26,여,10.0,19.0,35.0,12.0,24.0
4176,2794068,1436000,NH 농협카드,40.0,부산 해운대구,30,기획,33,여,29.0,6.0,7.0,52.0,6.0
4177,1844677,1962000,현대 ZERO카드,63.0,세종,30,기획,36,여,25.0,19.0,8.0,44.0,4.0
4178,2994921,1512000,SSG 랜더스카드,60.0,서울 서초구,30,데이터분석가,30,남,30.0,32.0,3.0,21.0,14.0
4179,2094146,725000,토스카드,68.0,대구 수성구,20,프리랜서,27,여,36.0,13.0,3.0,11.0,37.0
4180,2830868,1170000,삼성 taptap카드,41.0,경기 성남시,30,디자이너,32,여,12.0,11.0,52.0,9.0,16.0
4181,2364093,795000,씨티 Premier카드,65.0,경기 수원시,20,데이터분석가,29,남,26.0,32.0,3.0,15.0,24.0
4182,3941582,1292000,토스카드,84.0,서울 성동구,30,생산직,34,남,8.0,44.0,0.0,43.0,5.0
4183,1949051,561000,씨티 Premier카드,61.0,광주 서구,20,영업,23,남,25.0,22.0,11.0,26.0,16.0
4184,2604557,2312000,신한 Deep카드,45.0,서울 마포구,20,데이터분석가,27,남,45.0,3.0,15.0,27.0,10.0
4185,2331111,1569000,NH 농협카드,48.0,대전 유성구,20,서비스직,21,여,36.0,35.0,7.0,4.0,18.0
4186,1682354,1101000,네이버페이 현대,41.0,대구 수성구,30,회계,33,여,33.0,37.0,12.0,11.0,7.0
4187,1790691,1810000,삼성 taptap카드,64.0,서울 강남구,20,영업,28,남,1.0,70.0,2.0,14.0,13.0
4188,2175060,1784000,우리 Young카드,83.0,광주 서구,20,프리랜서,24,남,20.0,43.0,4.0,3.0,30.0
4189,2806146,1207000,KB 혜담카드,60.0,서울 노원구,20,데이터분석가,24,여,9.0,49.0,10.0,8.0,24.0
4190,3324606,843000,신한 Deep카드,64.0,서울 노원구,30,프리랜서,33,남,3.0,55.0,12.0,3.0,27.0
4191,2182749,2066000,네이버페이 현대,67.0,서울 용산구,30,디자이너,30,남,55.0,21.0,2.0,19.0,3.0
4192,2429841,1103000,KB 혜담카드,65.0,대전 유성구,30,생산직,36,여,60.0,14.0,15.0,5.0,6.0
4193,3508903,1101000,네이버페이 현대,41.0,대구 수성구,30,회계,33,여,33.0,37.0,12.0,11.0,7.0
4194,2305611,1644000,NH 농협카드,46.0,광주 서구,20,서비스직,27,남,12.0,4.0,42.0,3.0,39.0
4195,2770872,809000,삼성 taptap카드,69.0,서울 강동구,30,컨설턴트,39,남,3.0,11.0,16.0,66.0,4.0
4196,3344217,1473000,NH 농협카드,52.0,서울 강동구,30,연구원,30,남,15.0,27.0,8.0,35.0,15.0
4197,2881696,569000,씨티 Premier카드,58.0,서울 성동구,30,기획,31,여,33.0,18.0,11.0,25.0,13.0
4198,2271915,1886000,네이버페이 현대,67.0,인천 남동구,30,개발자,36,여,6.0,6.0,55.0,18.0,15.0
4199,3351802,1163000,SSG 랜더스카드,53.0,세종,30,공무원,31,남,11.0,2.0,12.0,66.0,9.0
4200,2335555,1785000,롯데 DC카드,84.0,부산 해운대구,30,연구원,31,여,2.0,51.0,39.0,6.0,2.0
4201,2859663,787000,삼성 taptap카드,73.0,서울 성동구,30,데이터분석가,33,여,28.0,6.0,14.0,16.0,36.0
4202,2334846,965000,토스카드,74.0,서울 노원구,20,컨설턴트,29,남,43.0,7.0,6.0,33.0,11.0
4203,2490983,2010000,현대 ZERO카드,43.0,서울 성동구,20,마케팅,24,남,1.0,27.0,46.0,16.0,10.0
4204,1870408,859000,카카오뱅크 체크,63.0,서울 마포구,20,데이터분석가,22,여,11.0,14.0,7.0,27.0,41.0
4205,1839356,881000,신한 Deep카드,84.0,부산 해운대구,20,개발자,25,남,51.0,27.0,4.0,13.0,5.0
4206,2722748,1731000,카카오뱅크 체크,65.0,서울 성동구,20,디자이너,29,남,14.0,18.0,43.0,9.0,16.0
4207,2460301,1292000,네이버페이 현대,60.0,대구 수성구,30,개발자,30,여,33.0,16.0,1.0,21.0,29.0
4208,2392517,600000,NH 농협카드,56.0,서울 서초구,20,간호사,22,여,40.0,16.0,8.0,13.0,23.0
4209,2096802,1155000,이마트 KB카드,45.0,대구 수성구,20,간호사,29,여,62.0,6.0,4.0,2.0,26.0
4210,2949363,1048000,하나 Simple카드,70.0,서울 강남구,30,개발자,33,여,16.0,23.0,10.0,20.0,31.0
4211,1946095,998000,네이버페이 현대,65.0,경기 성남시,20,개발자,29,여,25.0,17.0,6.0,3.0,49.0
4212,2905079,1379000,토스카드,78.0,경기 성남시,30,컨설턴트,31,남,24.0,6.0,9.0,36.0,25.0
4213,2642996,831000,현대 ZERO카드,60.0,서울 서초구,20,공무원,20,여,30.0,2.0,24.0,11.0,33.0
4214,2836483,647000,KB 혜담카드,69.0,세종,20,회계,26,남,30.0,25.0,6.0,28.0,11.0
4215,2633368,714000,삼성 taptap카드,55.0,대구 수성구,30,대학생,35,남,46.0,25.0,3.0,15.0,11.0
4216,3229841,1088000,하나 Simple카드,45.0,서울 마포구,20,기획,27,여,16.0,1.0,50.0,3.0,30.0
4217,2406620,932000,KB 혜담카드,61.0,서울 관악구,20,연구원,26,여,3.0,13.0,4.0,40.0,40.0
4218,1728535,1151000,IBK 두드림카드,73.0,서울 송파구,20,대학생,22,남,16.0,37.0,4.0,33.0,10.0
4219,2434526,1056000,토스카드,70.0,서울 관악구,20,마케팅,27,여,35.0,5.0,40.0,19.0,1.0
4220,2731900,759000,하나 Simple카드,63.0,서울 용산구,30,연구원,31,남,4.0,2.0,25.0,25.0,44.0
4221,3303847,2604000,삼성 taptap카드,70.0,서울 동작구,30,간호사,31,남,11.0,2.0,6.0,34.0,47.0
4222,2970000,1569000,이마트 KB카드,66.0,부산 해운대구,30,공무원,30,남,28.0,47.0,2.0,23.0,0.0
4223,2537136,864000,카카오뱅크 체크,56.0,울산 남구,30,공무원,37,여,23.0,17.0,2.0,45.0,13.0
4224,2044203,518000,KB 혜담카드,55.0,서울 송파구,30,마케팅,39,여,14.0,1.0,69.0,11.0,5.0
4225,2745030,2118000,씨티 Premier카드,75.0,경기 고양시,20,공무원,29,남,11.0,5.0,45.0,26.0,13.0
4226,1671936,1449000,우리 Young카드,64.0,대구 수성구,20,기획,22,여,30.0,4.0,6.0,42.0,18.0
4227,1695617,696000,하나 Simple카드,46.0,서울 마포구,20,대학생,23,남,18.0,7.0,16.0,56.0,3.0
4228,2433680,552000,하나 Simple카드,76.0,경기 고양시,20,공무원,22,여,3.0,22.0,3.0,17.0,55.0
4229,4121990,941000,카카오뱅크 체크,65.0,서울 관악구,30,서비스직,32,남,10.0,3.0,29.0,53.0,5.0
4230,2073703,1953000,하나 Simple카드,62.0,대구 수성구,20,대학생,26,남,0.0,7.0,29.0,28.0,36.0
4231,2600486,1018000,NH 농협카드,66.0,서울 송파구,20,간호사,21,여,24.0,9.0,3.0,56.0,8.0
4232,2786670,873000,신한 Deep카드,74.0,서울 마포구,20,데이터분석가,27,남,9.0,26.0,12.0,27.0,26.0
4233,3570279,883000,현대 ZERO카드,84.0,부산 해운대구,30,연구원,36,남,1.0,0.0,42.0,8.0,49.0
4234,2344395,949000,네이버페이 현대,52.0,경기 고양시,30,마케팅,32,여,15.0,4.0,38.0,10.0,33.0
4235,1704476,1482000,KB 혜담카드,60.0,부산 해운대구,20,컨설턴트,29,여,53.0,1.0,16.0,3.0,27.0
4236,1146226,1131000,IBK 두드림카드,75.0,경기 수원시,20,디자이너,26,남,21.0,7.0,30.0,31.0,11.0
4237,2118579,1993000,하나 Simple카드,78.0,서울 동작구,20,디자이너,29,남,2.0,9.0,7.0,36.0,46.0
4238,2839043,2424000,씨티 Premier카드,58.0,서울 강동구,20,간호사,29,남,56.0,3.0,16.0,20.0,5.0
4239,1687917,1132000,롯데 DC카드,76.0,부산 해운대구,20,연구원,25,여,13.0,2.0,15.0,35.0,35.0
4240,2600104,725000,토스카드,68.0,대구 수성구,20,프리랜서,27,남,36.0,13.0,3.0,11.0,37.0
4241,2024923,1197000,토스카드,70.0,서울 관악구,30,회계,35,여,10.0,2.0,63.0,15.0,10.0
4242,2553036,1479000,현대 ZERO카드,63.0,경기 고양시,30,디자이너,33,여,24.0,24.0,2.0,39.0,11.0
4243,3495454,1795000,롯데 DC카드,77.0,서울 강동구,30,데이터분석가,39,남,9.0,25.0,1.0,64.0,1.0
4244,2538353,831000,씨티 Premier카드,61.0,서울 송파구,30,연구원,36,남,10.0,22.0,18.0,46.0,4.0
4245,3119339,1615000,하나 Simple카드,42.0,서울 노원구,30,디자이너,31,남,4.0,15.0,58.0,15.0,8.0
4246,2709436,696000,SSG 랜더스카드,61.0,서울 동작구,30,프리랜서,30,남,33.0,43.0,2.0,1.0,21.0
4247,2602574,754000,삼성 taptap카드,78.0,서울 노원구,20,연구원,23,여,15.0,40.0,35.0,6.0,4.0
4248,2367658,1463000,토스카드,72.0,서울 관악구,20,생산직,26,남,11.0,25.0,59.0,2.0,3.0
4249,3039555,1989000,삼성 taptap카드,46.0,대전 유성구,30,간호사,37,남,23.0,15.0,21.0,25.0,16.0
4250,3279174,620000,카카오뱅크 체크,60.0,대구 수성구,30,영업,31,여,14.0,22.0,30.0,5.0,29.0
4251,3463614,1378000,IBK 두드림카드,54.0,서울 성동구,30,데이터분석가,31,남,29.0,34.0,14.0,3.0,20.0
4252,1904824,1678000,신한 Deep카드,40.0,부산 해운대구,20,서비스직,20,여,9.0,7.0,28.0,32.0,24.0
4253,2939895,1590000,토스카드,45.0,광주 서구,30,디자이너,30,남,47.0,22.0,2.0,25.0,4.0
4254,2212050,636000,신한 Deep카드,59.0,서울 동작구,20,회계,28,여,46.0,2.0,3.0,2.0,47.0
4255,2290159,1178000,SSG 랜더스카드,72.0,부산 해운대구,20,연구원,28,여,2.0,23.0,12.0,23.0,40.0
4256,3512254,1029000,삼성 taptap카드,73.0,서울 관악구,20,서비스직,24,여,12.0,15.0,19.0,32.0,22.0
4257,2685425,1228000,SSG 랜더스카드,40.0,경기 고양시,30,마케팅,34,여,9.0,11.0,18.0,13.0,49.0
4258,1574868,901000,토스카드,67.0,세종,30,공무원,39,남,12.0,19.0,32.0,8.0,29.0
4259,2620040,1140000,우리 Young카드,65.0,경기 성남시,30,공무원,34,남,10.0,23.0,11.0,42.0,14.0
4260,1533813,1088000,이마트 KB카드,63.0,대전 유성구,30,디자이너,30,여,15.0,25.0,13.0,1.0,46.0
4261,2085100,1341000,신한 Deep카드,53.0,서울 강남구,20,연구원,27,여,9.0,10.0,32.0,40.0,9.0
4262,1256344,809000,이마트 KB카드,65.0,서울 서초구,20,데이터분석가,23,남,5.0,14.0,6.0,22.0,53.0
4263,2389886,2105000,NH 농협카드,43.0,인천 남동구,30,생산직,39,남,22.0,11.0,27.0,12.0,28.0
4264,1489639,2166000,네이버페이 현대,49.0,서울 동작구,20,컨설턴트,28,남,20.0,0.0,51.0,10.0,19.0
4265,3268912,2003000,SSG 랜더스카드,59.0,세종,30,생산직,37,남,12.0,27.0,8.0,46.0,7.0
4266,3000377,1256000,네이버페이 현대,53.0,대전 유성구,30,연구원,31,남,21.0,17.0,20.0,29.0,13.0
4267,2651481,1118000,토스카드,74.0,서울 관악구,30,대학생,33,여,21.0,0.0,37.0,7.0,35.0
4268,2926814,1394000,삼성 taptap카드,70.0,경기 성남시,30,디자이너,33,남,18.0,13.0,36.0,10.0,23.0
4269,1552851,1000000,신한 Deep카드,79.0,서울 강남구,20,영업,21,남,6.0,12.0,24.0,5.0,53.0
4270,2756760,596000,토스카드,60.0,서울 용산구,30,프리랜서,32,여,7.0,22.0,42.0,6.0,23.0
4271,3211112,2288000,현대 ZERO카드,56.0,광주 서구,20,영업,29,여,47.0,29.0,13.0,4.0,7.0
4272,2704606,2019000,토스카드,74.0,광주 서구,30,서비스직,32,여,23.0,7.0,7.0,18.0,45.0
4273,2287037,906000,현대 ZERO카드,76.0,대전 유성구,30,영업,34,여,12.0,60.0,15.0,11.0,2.0
4274,2000352,1095000,현대 ZERO카드,51.0,서울 동작구,30,개발자,39,남,3.0,4.0,7.0,77.0,9.0
4275,2045966,1072000,하나 Simple카드,71.0,인천 남동구,30,대학생,30,여,35.0,17.0,13.0,1.0,34.0
4276,2726519,1555000,IBK 두드림카드,74.0,서울 마포구,30,디자이너,34,여,52.0,0.0,3.0,2.0,43.0
4277,3751182,915000,하나 Simple카드,58.0,서울 강남구,30,간호사,32,남,25.0,6.0,42.0,21.0,6.0
4278,2630433,959000,우리 Young카드,84.0,경기 수원시,30,공무원,33,여,17.0,18.0,12.0,19.0,34.0
4279,2899943,1638000,씨티 Premier카드,65.0,서울 노원구,30,프리랜서,36,여,10.0,7.0,10.0,26.0,47.0
4280,2603839,1233000,이마트 KB카드,53.0,서울 관악구,20,영업,23,남,3.0,28.0,34.0,4.0,31.0
4281,2503267,1522000,롯데 DC카드,65.0,서울 마포구,20,공무원,23,남,21.0,0.0,65.0,5.0,9.0
4282,1920763,1361000,신한 Deep카드,85.0,서울 송파구,20,데이터분석가,25,남,48.0,2.0,12.0,25.0,13.0
4283,3121746,1723000,카카오뱅크 체크,71.0,경기 고양시,30,개발자,35,남,2.0,2.0,4.0,79.0,13.0
4284,2406135,852000,우리 Young카드,43.0,서울 성동구,30,기획,30,남,7.0,15.0,71.0,2.0,5.0
4285,2508714,1085000,씨티 Premier카드,66.0,서울 관악구,30,연구원,34,여,10.0,18.0,14.0,1.0,57.0
4286,2415431,1431000,하나 Simple카드,56.0,서울 관악구,20,연구원,23,남,26.0,20.0,10.0,25.0,19.0
4287,3339391,999000,NH 농협카드,47.0,경기 고양시,30,프리랜서,31,여,8.0,47.0,12.0,8.0,25.0
4288,1595134,815000,이마트 KB카드,79.0,서울 마포구,20,기획,23,여,24.0,38.0,28.0,1.0,9.0
4289,2740753,1791000,삼성 taptap카드,50.0,대구 수성구,30,디자이너,33,여,20.0,18.0,35.0,4.0,23.0
4290,3240618,1250000,IBK 두드림카드,42.0,서울 강동구,30,영업,30,여,29.0,2.0,48.0,10.0,11.0
4291,3531193,1406000,네이버페이 현대,59.0,서울 성동구,30,연구원,33,남,17.0,26.0,27.0,20.0,10.0
4292,3583061,544000,네이버페이 현대,48.0,서울 용산구,30,공무원,38,남,30.0,5.0,50.0,7.0,8.0
4293,2543847,1489000,롯데 DC카드,83.0,서울 노원구,20,생산직,26,여,59.0,14.0,12.0,7.0,8.0
4294,2899167,1010000,이마트 KB카드,67.0,부산 해운대구,20,마케팅,29,여,12.0,10.0,14.0,50.0,14.0
4295,1956260,2363000,카카오뱅크 체크,70.0,서울 용산구,30,기획,35,여,28.0,1.0,5.0,6.0,60.0
4296,1557036,950000,롯데 DC카드,77.0,서울 관악구,20,생산직,23,남,35.0,0.0,15.0,12.0,38.0
4297,2496832,760000,토스카드,63.0,서울 성동구,30,영업,35,여,10.0,24.0,9.0,50.0,7.0
4298,1169418,1262000,이마트 KB카드,43.0,서울 관악구,20,마케팅,28,남,6.0,32.0,59.0,2.0,1.0
4299,3115322,581000,토스카드,53.0,인천 남동구,30,간호사,31,여,31.0,12.0,11.0,30.0,16.0
4300,2860357,666000,카카오뱅크 체크,59.0,부산 해운대구,20,대학생,26,여,9.0,40.0,10.0,9.0,32.0
4301,2033324,943000,토스카드,83.0,부산 해운대구,20,회계,29,남,8.0,3.0,43.0,20.0,26.0
4302,2314614,1290000,네이버페이 현대,68.0,서울 용산구,30,연구원,39,여,15.0,2.0,27.0,17.0,39.0
4303,2949356,2155000,삼성 taptap카드,62.0,서울 성동구,30,영업,32,남,2.0,13.0,50.0,13.0,22.0
4304,3036414,856000,토스카드,85.0,서울 송파구,30,마케팅,31,남,7.0,14.0,65.0,9.0,5.0
4305,2563586,855000,SSG 랜더스카드,58.0,울산 남구,30,회계,30,여,42.0,5.0,19.0,16.0,18.0
4306,2779116,528000,이마트 KB카드,74.0,인천 남동구,30,공무원,34,여,8.0,5.0,25.0,39.0,23.0
4307,2413686,1072000,SSG 랜더스카드,44.0,대구 수성구,30,서비스직,31,여,9.0,37.0,11.0,23.0,20.0
4308,2971596,1251000,이마트 KB카드,79.0,서울 송파구,30,컨설턴트,31,여,52.0,7.0,25.0,0.0,16.0
4309,3312163,754000,네이버페이 현대,63.0,세종,30,간호사,33,남,54.0,2.0,8.0,9.0,27.0
4310,2196518,2112000,IBK 두드림카드,75.0,광주 서구,30,개발자,33,여,10.0,37.0,34.0,4.0,15.0
4311,2917556,1354000,삼성 taptap카드,83.0,서울 용산구,20,기획,26,여,1.0,16.0,13.0,54.0,16.0
4312,1570871,909000,토스카드,45.0,서울 동작구,20,개발자,25,남,5.0,2.0,71.0,19.0,3.0
4313,2203917,982000,KB 혜담카드,68.0,서울 강남구,20,디자이너,28,여,2.0,44.0,8.0,23.0,23.0
4314,2733458,628000,네이버페이 현대,66.0,인천 남동구,20,프리랜서,24,남,62.0,11.0,8.0,14.0,5.0
4315,1888463,1099000,KB 혜담카드,77.0,경기 수원시,20,회계,24,여,4.0,5.0,31.0,7.0,53.0
4316,3216688,741000,NH 농협카드,51.0,경기 수원시,30,생산직,37,남,6.0,54.0,8.0,31.0,1.0
4317,3380337,866000,IBK 두드림카드,50.0,광주 서구,30,디자이너,34,남,3.0,4.0,22.0,25.0,46.0
4318,1819738,1054000,씨티 Premier카드,63.0,대구 수성구,20,간호사,26,남,18.0,30.0,17.0,5.0,30.0
4319,2463761,1671000,KB 혜담카드,51.0,서울 관악구,30,생산직,30,여,35.0,2.0,13.0,37.0,13.0
4320,2171748,1455000,카카오뱅크 체크,40.0,서울 관악구,20,연구원,29,남,19.0,40.0,27.0,6.0,8.0
4321,1974131,1317000,신한 Deep카드,76.0,서울 마포구,20,영업,24,남,69.0,13.0,4.0,14.0,0.0
4322,3650837,538000,IBK 두드림카드,44.0,경기 고양시,30,생산직,32,여,8.0,16.0,12.0,53.0,11.0
4323,2118446,1415000,현대 ZERO카드,54.0,서울 마포구,30,간호사,36,여,14.0,48.0,32.0,1.0,5.0
4324,2752465,1358000,토스카드,56.0,울산 남구,20,회계,26,남,13.0,10.0,7.0,6.0,64.0
4325,2725039,646000,씨티 Premier카드,46.0,인천 남동구,30,마케팅,33,남,41.0,26.0,15.0,12.0,6.0
4326,1706681,1025000,씨티 Premier카드,54.0,서울 강남구,20,프리랜서,23,남,18.0,25.0,14.0,13.0,30.0
4327,3071969,1119000,KB 혜담카드,50.0,울산 남구,30,공무원,34,남,50.0,16.0,14.0,9.0,11.0
4328,2824546,827000,신한 Deep카드,64.0,부산 해운대구,30,영업,30,여,11.0,68.0,9.0,11.0,1.0
4329,2710254,1676000,SSG 랜더스카드,66.0,서울 성동구,20,마케팅,23,여,31.0,10.0,31.0,11.0,17.0
4330,3281132,1558000,씨티 Premier카드,60.0,경기 고양시,30,개발자,32,여,12.0,4.0,38.0,8.0,38.0
4331,5061672,932000,SSG 랜더스카드,48.0,서울 송파구,30,공무원,35,남,15.0,10.0,45.0,4.0,26.0
4332,2625257,858000,삼성 taptap카드,76.0,서울 노원구,30,생산직,34,여,18.0,35.0,12.0,21.0,14.0
4333,1918453,1670000,네이버페이 현대,55.0,대전 유성구,20,기획,29,여,27.0,34.0,8.0,12.0,19.0
4334,2476437,1173000,IBK 두드림카드,45.0,대전 유성구,20,연구원,29,여,10.0,22.0,48.0,19.0,1.0
4335,2116893,1297000,카카오뱅크 체크,59.0,서울 동작구,20,대학생,28,여,21.0,16.0,18.0,34.0,11.0
4336,2712983,1312000,신한 Deep카드,50.0,부산 해운대구,20,공무원,23,여,19.0,44.0,20.0,11.0,6.0
4337,1851417,2363000,카카오뱅크 체크,70.0,서울 용산구,30,기획,35,여,28.0,1.0,5.0,6.0,60.0
4338,4657834,1967000,SSG 랜더스카드,84.0,인천 남동구,30,대학생,39,남,1.0,12.0,17.0,51.0,19.0
4339,2678024,2592000,KB 혜담카드,44.0,부산 해운대구,20,마케팅,23,여,5.0,25.0,18.0,37.0,15.0
4340,1657997,1284000,카카오뱅크 체크,69.0,울산 남구,30,마케팅,30,여,16.0,8.0,2.0,63.0,11.0
4341,2145485,1228000,카카오뱅크 체크,71.0,인천 남동구,30,개발자,32,여,31.0,2.0,32.0,25.0,10.0
4342,3571256,1003000,카카오뱅크 체크,67.0,광주 서구,30,데이터분석가,34,남,24.0,11.0,13.0,8.0,44.0
4343,3088172,1567000,삼성 taptap카드,51.0,서울 마포구,30,생산직,34,여,25.0,42.0,6.0,12.0,15.0
4344,1863881,1105000,우리 Young카드,69.0,서울 마포구,30,생산직,38,여,10.0,18.0,17.0,33.0,22.0
4345,2606512,1563000,씨티 Premier카드,47.0,경기 수원시,20,간호사,25,남,27.0,13.0,32.0,7.0,21.0
4346,1276330,2104000,SSG 랜더스카드,67.0,서울 관악구,20,생산직,20,남,9.0,23.0,3.0,32.0,33.0
4347,2455332,1903000,이마트 KB카드,85.0,울산 남구,30,영업,31,여,26.0,28.0,9.0,14.0,23.0
4348,2806023,1425000,카카오뱅크 체크,64.0,서울 용산구,20,간호사,28,여,21.0,24.0,7.0,43.0,5.0
4349,2224242,980000,SSG 랜더스카드,48.0,서울 용산구,30,연구원,35,여,38.0,13.0,9.0,1.0,39.0
4350,1945154,677000,IBK 두드림카드,76.0,부산 해운대구,30,공무원,33,남,2.0,43.0,21.0,2.0,32.0
4351,2573107,1677000,씨티 Premier카드,58.0,경기 성남시,30,서비스직,36,여,52.0,8.0,15.0,17.0,8.0
4352,1947640,2111000,삼성 taptap카드,52.0,서울 서초구,20,디자이너,27,남,17.0,27.0,25.0,12.0,19.0
4353,3440690,1066000,현대 ZERO카드,40.0,울산 남구,30,생산직,34,남,11.0,32.0,36.0,6.0,15.0
4354,1807336,1871000,KB 혜담카드,74.0,서울 성동구,20,기획,23,남,22.0,65.0,3.0,7.0,3.0
4355,2459154,1215000,네이버페이 현대,69.0,서울 강동구,30,공무원,38,남,40.0,26.0,0.0,11.0,23.0
4356,1239498,914000,하나 Simple카드,81.0,서울 관악구,20,영업,22,남,11.0,29.0,27.0,3.0,30.0
4357,3118961,944000,이마트 KB카드,77.0,세종,30,간호사,39,남,23.0,1.0,16.0,44.0,16.0
4358,2887366,2233000,SSG 랜더스카드,62.0,세종,30,영업,31,남,16.0,23.0,42.0,7.0,12.0
4359,1655807,1523000,SSG 랜더스카드,42.0,서울 마포구,20,대학생,28,남,22.0,2.0,7.0,13.0,56.0
4360,2346899,992000,KB 혜담카드,47.0,서울 강남구,20,디자이너,25,여,22.0,38.0,22.0,11.0,7.0
4361,3718949,1349000,하나 Simple카드,65.0,서울 성동구,30,대학생,35,남,6.0,13.0,9.0,62.0,10.0
4362,2142216,2244000,네이버페이 현대,81.0,경기 고양시,20,컨설턴트,29,남,51.0,27.0,4.0,17.0,1.0
4363,2384083,1627000,삼성 taptap카드,60.0,서울 관악구,20,연구원,21,여,29.0,42.0,7.0,9.0,13.0
4364,3191317,1928000,네이버페이 현대,43.0,서울 용산구,30,디자이너,30,남,17.0,12.0,10.0,21.0,40.0
4365,1647835,2228000,이마트 KB카드,67.0,서울 용산구,20,공무원,27,여,58.0,0.0,4.0,32.0,6.0
4366,3278292,1528000,NH 농협카드,75.0,대전 유성구,20,데이터분석가,29,남,6.0,32.0,32.0,8.0,22.0
4367,2670405,2058000,SSG 랜더스카드,82.0,울산 남구,30,회계,33,남,17.0,0.0,4.0,59.0,20.0
4368,2828058,1349000,하나 Simple카드,65.0,서울 성동구,30,대학생,35,여,6.0,13.0,9.0,62.0,10.0
4369,2634607,1312000,SSG 랜더스카드,47.0,부산 해운대구,20,기획,29,여,17.0,3.0,48.0,12.0,20.0
4370,2180202,965000,롯데 DC카드,61.0,인천 남동구,20,데이터분석가,24,여,9.0,28.0,27.0,23.0,13.0
4371,2803397,848000,네이버페이 현대,76.0,세종,30,간호사,38,여,20.0,17.0,27.0,9.0,27.0
4372,2372909,751000,하나 Simple카드,67.0,부산 해운대구,20,공무원,29,여,13.0,19.0,19.0,11.0,38.0
4373,2007652,1192000,롯데 DC카드,48.0,울산 남구,30,생산직,38,남,8.0,13.0,6.0,49.0,24.0
4374,2767409,995000,IBK 두드림카드,81.0,서울 용산구,30,컨설턴트,31,남,29.0,0.0,29.0,4.0,38.0
4375,1943724,1343000,롯데 DC카드,71.0,경기 고양시,20,마케팅,22,남,2.0,35.0,58.0,3.0,2.0
4376,2019127,1559000,삼성 taptap카드,52.0,서울 성동구,20,영업,28,남,7.0,16.0,14.0,0.0,63.0
4377,1847998,698000,네이버페이 현대,72.0,서울 강동구,30,영업,39,여,34.0,10.0,20.0,28.0,8.0
4378,3063216,814000,롯데 DC카드,58.0,울산 남구,30,프리랜서,33,여,33.0,16.0,28.0,14.0,9.0
4379,3050996,1383000,네이버페이 현대,81.0,대전 유성구,20,대학생,25,남,56.0,24.0,10.0,6.0,4.0
4380,2989001,1156000,씨티 Premier카드,79.0,서울 동작구,30,컨설턴트,34,여,24.0,3.0,35.0,8.0,30.0
4381,3135264,2124000,현대 ZERO카드,65.0,서울 용산구,30,데이터분석가,32,여,17.0,22.0,34.0,27.0,0.0
4382,2077682,1159000,롯데 DC카드,75.0,서울 서초구,20,생산직,27,남,1.0,47.0,11.0,38.0,3.0
4383,2554620,1214000,현대 ZERO카드,62.0,서울 강남구,30,개발자,35,남,35.0,2.0,52.0,5.0,6.0
4384,2454989,1452000,SSG 랜더스카드,65.0,서울 마포구,30,공무원,30,남,4.0,3.0,58.0,12.0,23.0
4385,2572032,1869000,하나 Simple카드,81.0,경기 고양시,20,프리랜서,29,남,15.0,4.0,22.0,29.0,30.0
4386,2363531,1625000,신한 Deep카드,44.0,서울 관악구,20,마케팅,24,남,19.0,3.0,65.0,13.0,0.0
4387,2211389,884000,롯데 DC카드,64.0,서울 성동구,20,디자이너,29,여,2.0,7.0,68.0,9.0,14.0
4388,2897574,1736000,토스카드,61.0,서울 동작구,20,대학생,29,남,18.0,4.0,60.0,12.0,6.0
4389,2452470,1356000,삼성 taptap카드,49.0,서울 강남구,20,디자이너,21,남,2.0,4.0,23.0,13.0,58.0
4390,2080671,1272000,NH 농협카드,84.0,서울 관악구,30,서비스직,30,여,26.0,19.0,17.0,34.0,4.0
4391,1909545,897000,씨티 Premier카드,42.0,서울 서초구,20,디자이너,26,여,25.0,9.0,8.0,24.0,34.0
4392,2590996,1486000,카카오뱅크 체크,65.0,경기 성남시,20,간호사,25,여,35.0,34.0,10.0,8.0,13.0
4393,3729212,1869000,SSG 랜더스카드,53.0,경기 성남시,30,연구원,31,남,13.0,16.0,3.0,4.0,64.0
4394,3386176,1358000,카카오뱅크 체크,61.0,서울 관악구,30,생산직,31,남,9.0,67.0,3.0,7.0,14.0
4395,3198444,1071000,삼성 taptap카드,76.0,경기 성남시,20,프리랜서,23,여,8.0,46.0,9.0,8.0,29.0
4396,4144505,745000,롯데 DC카드,82.0,서울 노원구,30,대학생,32,남,16.0,15.0,3.0,27.0,39.0
4397,3308725,1281000,삼성 taptap카드,44.0,경기 수원시,30,영업,32,남,35.0,7.0,6.0,47.0,5.0
4398,1830709,1581000,현대 ZERO카드,79.0,부산 해운대구,20,서비스직,22,여,1.0,7.0,13.0,76.0,3.0
4399,1595006,1074000,삼성 taptap카드,64.0,서울 마포구,20,프리랜서,29,여,1.0,56.0,7.0,23.0,13.0
4400,2056309,1198000,IBK 두드림카드,70.0,서울 마포구,20,영업,25,남,5.0,33.0,27.0,21.0,14.0
4401,3527249,2125000,우리 Young카드,68.0,광주 서구,30,기획,30,남,29.0,46.0,15.0,3.0,7.0
4402,4278652,2548000,신한 Deep카드,60.0,세종,30,기획,31,남,10.0,13.0,63.0,13.0,1.0
4403,2458723,1787000,이마트 KB카드,77.0,서울 성동구,20,데이터분석가,24,남,6.0,4.0,23.0,12.0,55.0
4404,3818105,759000,하나 Simple카드,63.0,서울 용산구,30,연구원,31,남,4.0,2.0,25.0,25.0,44.0
4405,2127346,1534000,NH 농협카드,56.0,서울 용산구,20,대학생,25,남,26.0,7.0,57.0,7.0,3.0
4406,3435938,1202000,NH 농협카드,72.0,경기 성남시,30,간호사,35,남,12.0,56.0,27.0,5.0,0.0
4407,2661678,1898000,IBK 두드림카드,66.0,서울 용산구,20,기획,27,여,15.0,17.0,38.0,15.0,15.0
4408,1510202,1950000,카카오뱅크 체크,68.0,서울 성동구,30,데이터분석가,34,여,1.0,48.0,27.0,20.0,4.0
4409,2043280,931000,씨티 Premier카드,41.0,서울 용산구,20,간호사,26,여,61.0,32.0,3.0,0.0,4.0
4410,3664790,2201000,신한 Deep카드,46.0,경기 성남시,30,회계,34,남,0.0,23.0,6.0,37.0,34.0
4411,2387234,1540000,신한 Deep카드,68.0,인천 남동구,20,영업,22,남,11.0,15.0,9.0,37.0,28.0
4412,1651742,1172000,KB 혜담카드,77.0,광주 서구,20,디자이너,28,남,34.0,24.0,3.0,19.0,20.0
4413,1034938,1891000,우리 Young카드,48.0,서울 동작구,20,서비스직,23,남,8.0,49.0,4.0,38.0,1.0
4414,2743953,1918000,토스카드,54.0,울산 남구,30,마케팅,32,남,27.0,13.0,18.0,31.0,11.0
4415,2464207,1575000,삼성 taptap카드,45.0,울산 남구,30,간호사,38,여,7.0,4.0,71.0,14.0,4.0
4416,2058038,1731000,하나 Simple카드,55.0,울산 남구,30,회계,39,여,5.0,15.0,32.0,45.0,3.0
4417,2321542,1589000,신한 Deep카드,50.0,부산 해운대구,20,데이터분석가,23,여,1.0,1.0,10.0,75.0,13.0
4418,3354470,912000,씨티 Premier카드,41.0,서울 노원구,30,대학생,37,남,9.0,7.0,37.0,24.0,23.0
4419,2835343,1293000,하나 Simple카드,45.0,서울 서초구,30,연구원,35,여,43.0,1.0,43.0,12.0,1.0
4420,1072040,517000,삼성 taptap카드,44.0,서울 동작구,20,영업,27,남,65.0,6.0,16.0,7.0,6.0
4421,2080000,661000,네이버페이 현대,74.0,서울 서초구,30,공무원,32,남,3.0,30.0,12.0,32.0,23.0
4422,2786764,1781000,우리 Young카드,42.0,서울 용산구,30,프리랜서,33,남,18.0,59.0,4.0,17.0,2.0
4423,2786086,919000,IBK 두드림카드,84.0,부산 해운대구,30,대학생,31,여,28.0,23.0,11.0,26.0,12.0
4424,2744617,1142000,롯데 DC카드,72.0,경기 고양시,30,컨설턴트,39,여,40.0,8.0,21.0,3.0,28.0
4425,3330308,840000,씨티 Premier카드,83.0,서울 성동구,30,기획,34,남,19.0,23.0,11.0,22.0,25.0
4426,2058291,1188000,SSG 랜더스카드,78.0,광주 서구,20,마케팅,29,여,42.0,7.0,1.0,38.0,12.0
4427,2086183,1150000,씨티 Premier카드,51.0,서울 마포구,20,마케팅,29,여,2.0,39.0,18.0,40.0,1.0
4428,1885835,517000,NH 농협카드,65.0,세종,20,개발자,28,남,20.0,38.0,19.0,17.0,6.0
4429,3537735,756000,네이버페이 현대,76.0,세종,30,컨설턴트,31,남,9.0,73.0,6.0,10.0,2.0
4430,1789755,1225000,롯데 DC카드,85.0,서울 용산구,20,회계,29,남,0.0,5.0,26.0,48.0,21.0
4431,2675018,1140000,롯데 DC카드,68.0,서울 송파구,20,대학생,20,여,8.0,6.0,1.0,19.0,66.0
4432,2353926,998000,네이버페이 현대,65.0,경기 성남시,20,개발자,29,남,25.0,17.0,6.0,3.0,49.0
4433,2477477,905000,네이버페이 현대,49.0,서울 동작구,30,간호사,30,여,10.0,23.0,30.0,12.0,25.0
4434,1921644,1372000,KB 혜담카드,50.0,대구 수성구,20,개발자,29,남,11.0,8.0,24.0,7.0,50.0
4435,1572229,827000,카카오뱅크 체크,82.0,서울 용산구,20,마케팅,20,여,46.0,16.0,2.0,4.0,32.0
4436,1926173,1243000,하나 Simple카드,83.0,서울 관악구,20,생산직,27,남,6.0,37.0,20.0,34.0,3.0
4437,2334996,1224000,SSG 랜더스카드,76.0,서울 송파구,30,대학생,32,여,1.0,12.0,36.0,1.0,50.0
4438,1065487,1179000,우리 Young카드,44.0,경기 성남시,20,간호사,25,여,36.0,16.0,12.0,35.0,1.0
4439,2401322,1763000,우리 Young카드,74.0,서울 관악구,30,연구원,30,여,29.0,34.0,17.0,16.0,4.0
4440,2712178,1291000,토스카드,73.0,서울 서초구,20,공무원,26,여,61.0,5.0,11.0,10.0,13.0
4441,3397052,923000,이마트 KB카드,52.0,서울 서초구,30,공무원,31,남,5.0,24.0,47.0,23.0,1.0
4442,2001897,1408000,신한 Deep카드,69.0,서울 성동구,20,간호사,27,여,46.0,8.0,8.0,13.0,25.0
4443,2273468,1805000,하나 Simple카드,70.0,광주 서구,20,프리랜서,25,남,4.0,21.0,1.0,7.0,67.0
4444,2610684,778000,토스카드,58.0,서울 성동구,30,대학생,30,남,14.0,25.0,14.0,2.0,45.0
4445,2574380,1655000,이마트 KB카드,48.0,대구 수성구,30,데이터분석가,35,여,13.0,4.0,7.0,34.0,42.0
4446,4078075,1450000,카카오뱅크 체크,66.0,서울 송파구,30,회계,30,남,15.0,7.0,37.0,33.0,8.0
4447,2734249,1074000,씨티 Premier카드,47.0,대구 수성구,20,영업,24,여,11.0,3.0,18.0,55.0,13.0
4448,2510397,742000,IBK 두드림카드,58.0,서울 용산구,20,영업,21,여,33.0,2.0,43.0,20.0,2.0
4449,2003557,715000,SSG 랜더스카드,74.0,서울 강남구,20,영업,23,남,12.0,5.0,25.0,2.0,56.0
4450,2874969,1653000,IBK 두드림카드,73.0,서울 노원구,30,프리랜서,33,여,37.0,25.0,7.0,2.0,29.0
4451,1819186,946000,SSG 랜더스카드,48.0,대구 수성구,30,마케팅,37,남,8.0,16.0,53.0,4.0,19.0
4452,2823352,1160000,씨티 Premier카드,79.0,경기 성남시,30,마케팅,30,남,34.0,8.0,16.0,13.0,29.0
4453,2541855,1319000,네이버페이 현대,66.0,서울 동작구,20,대학생,29,남,2.0,18.0,24.0,27.0,29.0
4454,2620210,1572000,IBK 두드림카드,56.0,서울 강동구,20,서비스직,28,여,13.0,5.0,30.0,11.0,41.0
4455,2834942,1786000,신한 Deep카드,62.0,서울 강동구,30,회계,31,여,23.0,9.0,48.0,10.0,10.0
4456,2647415,1804000,우리 Young카드,67.0,울산 남구,30,서비스직,33,여,47.0,3.0,35.0,6.0,9.0
4457,2152137,1977000,우리 Young카드,50.0,서울 노원구,20,영업,28,여,23.0,1.0,12.0,5.0,59.0
4458,2518987,762000,NH 농협카드,79.0,서울 강동구,20,데이터분석가,28,남,18.0,6.0,35.0,25.0,16.0
4459,2332997,1630000,롯데 DC카드,63.0,서울 용산구,30,영업,36,남,27.0,46.0,8.0,8.0,11.0
4460,2077661,1407000,네이버페이 현대,69.0,경기 고양시,30,대학생,30,여,35.0,8.0,3.0,50.0,4.0
4461,3043214,1776000,카카오뱅크 체크,65.0,대구 수성구,30,생산직,39,남,11.0,33.0,2.0,13.0,41.0
4462,2336598,1223000,SSG 랜더스카드,73.0,서울 강남구,20,회계,29,남,9.0,10.0,51.0,6.0,24.0
4463,1337192,1118000,신한 Deep카드,43.0,서울 관악구,20,대학생,29,남,21.0,2.0,29.0,16.0,32.0
4464,2477573,1712000,우리 Young카드,80.0,서울 서초구,20,마케팅,23,여,7.0,2.0,23.0,46.0,22.0
4465,2636364,630000,현대 ZERO카드,46.0,대전 유성구,20,컨설턴트,20,여,5.0,16.0,51.0,18.0,10.0
4466,2211357,1007000,네이버페이 현대,79.0,서울 강남구,20,프리랜서,29,남,9.0,55.0,5.0,13.0,18.0
4467,4662126,1743000,우리 Young카드,71.0,부산 해운대구,30,서비스직,39,남,8.0,38.0,17.0,25.0,12.0
4468,2158532,1256000,네이버페이 현대,53.0,대전 유성구,30,연구원,31,여,21.0,17.0,20.0,29.0,13.0
4469,2069456,1473000,카카오뱅크 체크,54.0,서울 용산구,20,프리랜서,25,여,28.0,2.0,25.0,6.0,39.0
4470,2052466,2111000,카카오뱅크 체크,49.0,경기 성남시,20,영업,25,남,15.0,25.0,8.0,17.0,35.0
4471,2211906,747000,신한 Deep카드,45.0,서울 성동구,20,마케팅,21,여,24.0,9.0,18.0,25.0,24.0
4472,2769892,1368000,우리 Young카드,70.0,울산 남구,30,디자이너,35,남,3.0,1.0,13.0,66.0,17.0
4473,1546594,1569000,NH 농협카드,48.0,대전 유성구,20,서비스직,21,남,36.0,35.0,7.0,4.0,18.0
4474,1976725,1172000,토스카드,44.0,서울 서초구,20,기획,20,여,8.0,32.0,17.0,43.0,0.0
4475,2451189,1034000,KB 혜담카드,85.0,서울 관악구,30,공무원,35,여,30.0,24.0,3.0,10.0,33.0
4476,3860000,1951000,KB 혜담카드,51.0,경기 고양시,30,컨설턴트,34,남,31.0,22.0,9.0,18.0,20.0
4477,3601121,1675000,토스카드,70.0,서울 강동구,30,개발자,30,여,6.0,37.0,17.0,6.0,34.0
4478,2917736,905000,현대 ZERO카드,64.0,울산 남구,20,간호사,29,여,10.0,35.0,39.0,9.0,7.0
4479,2112310,2168000,롯데 DC카드,58.0,울산 남구,30,서비스직,34,여,25.0,33.0,31.0,9.0,2.0
4480,1902095,741000,우리 Young카드,40.0,서울 마포구,20,데이터분석가,23,여,52.0,0.0,33.0,13.0,2.0
4481,2170335,1850000,현대 ZERO카드,63.0,서울 성동구,20,간호사,28,여,30.0,16.0,18.0,29.0,7.0
4482,4249191,737000,하나 Simple카드,72.0,경기 성남시,30,데이터분석가,37,남,7.0,8.0,7.0,73.0,5.0
4483,2884203,2029000,네이버페이 현대,62.0,서울 성동구,30,기획,31,남,70.0,2.0,5.0,16.0,7.0
4484,2070744,986000,이마트 KB카드,53.0,서울 용산구,30,컨설턴트,38,남,30.0,55.0,3.0,11.0,1.0
4485,1999411,683000,현대 ZERO카드,60.0,경기 성남시,20,디자이너,25,남,16.0,62.0,14.0,3.0,5.0
4486,2628528,972000,우리 Young카드,65.0,서울 동작구,20,데이터분석가,24,여,27.0,1.0,49.0,22.0,1.0
4487,2844970,1808000,네이버페이 현대,84.0,서울 송파구,30,마케팅,31,여,12.0,45.0,14.0,23.0,6.0
4488,2859848,1481000,현대 ZERO카드,59.0,경기 수원시,30,영업,38,남,3.0,10.0,57.0,14.0,16.0
4489,3478390,1944000,롯데 DC카드,85.0,경기 수원시,30,개발자,32,남,12.0,22.0,11.0,21.0,34.0
4490,1408779,859000,토스카드,49.0,서울 동작구,30,개발자,30,남,22.0,21.0,8.0,44.0,5.0
4491,2301914,1039000,우리 Young카드,68.0,광주 서구,20,기획,20,남,5.0,15.0,8.0,11.0,61.0
4492,2680342,823000,우리 Young카드,53.0,서울 용산구,20,컨설턴트,29,여,5.0,24.0,22.0,2.0,47.0
4493,2416995,1055000,삼성 taptap카드,71.0,경기 수원시,30,마케팅,30,남,37.0,12.0,19.0,21.0,11.0
4494,1831830,846000,이마트 KB카드,72.0,세종,20,컨설턴트,26,여,15.0,27.0,34.0,11.0,13.0
4495,1566775,1918000,토스카드,54.0,울산 남구,30,마케팅,32,여,27.0,13.0,18.0,31.0,11.0
4496,3044947,1706000,토스카드,54.0,경기 수원시,20,연구원,23,남,20.0,9.0,0.0,11.0,60.0
4497,1889923,1254000,네이버페이 현대,56.0,서울 성동구,20,프리랜서,25,남,12.0,30.0,19.0,15.0,24.0
4498,2370521,815000,토스카드,60.0,서울 동작구,20,대학생,25,남,7.0,51.0,23.0,14.0,5.0
4499,2801958,1390000,네이버페이 현대,75.0,대구 수성구,30,데이터분석가,34,여,7.0,15.0,2.0,12.0,64.0
4500,3006033,1358000,카카오뱅크 체크,76.0,서울 용산구,20,영업,25,여,3.0,19.0,13.0,43.0,22.0
4501,2173051,1115000,신한 Deep카드,67.0,서울 강남구,20,프리랜서,28,남,9.0,37.0,8.0,16.0,30.0
4502,1980285,2336000,IBK 두드림카드,57.0,서울 용산구,20,디자이너,26,여,23.0,45.0,13.0,14.0,5.0
4503,2336533,823000,우리 Young카드,53.0,서울 용산구,20,컨설턴트,29,여,5.0,24.0,22.0,2.0,47.0
4504,2892040,1436000,토스카드,48.0,서울 동작구,20,개발자,29,남,13.0,34.0,7.0,37.0,9.0
4505,2164913,1376000,토스카드,51.0,광주 서구,20,연구원,26,남,12.0,54.0,17.0,12.0,5.0
4506,2022565,2210000,IBK 두드림카드,56.0,경기 수원시,30,서비스직,33,여,25.0,37.0,2.0,3.0,33.0
4507,1479621,766000,현대 ZERO카드,50.0,대전 유성구,20,마케팅,24,여,1.0,12.0,31.0,45.0,11.0
4508,1889351,1532000,이마트 KB카드,55.0,인천 남동구,30,서비스직,34,여,2.0,16.0,12.0,62.0,8.0
4509,2932195,1012000,삼성 taptap카드,54.0,서울 송파구,30,공무원,30,여,29.0,33.0,19.0,12.0,7.0
4510,2339687,1110000,씨티 Premier카드,76.0,경기 수원시,30,영업,33,여,33.0,21.0,17.0,21.0,8.0
4511,1946239,1164000,이마트 KB카드,61.0,세종,20,개발자,28,남,25.0,12.0,48.0,8.0,7.0
4512,2142016,1250000,하나 Simple카드,50.0,인천 남동구,30,마케팅,32,여,23.0,10.0,23.0,40.0,4.0
4513,2292522,1820000,카카오뱅크 체크,54.0,세종,20,서비스직,27,여,31.0,50.0,1.0,0.0,18.0
4514,2130272,1089000,카카오뱅크 체크,54.0,대전 유성구,20,대학생,26,여,37.0,8.0,43.0,8.0,4.0
4515,2113433,1538000,네이버페이 현대,50.0,인천 남동구,20,생산직,28,남,15.0,22.0,9.0,46.0,8.0
4516,3944526,1415000,현대 ZERO카드,54.0,서울 마포구,30,간호사,36,남,14.0,48.0,32.0,1.0,5.0
4517,3019008,1009000,토스카드,73.0,서울 송파구,20,마케팅,29,남,11.0,51.0,13.0,6.0,19.0
4518,1444989,872000,NH 농협카드,71.0,경기 수원시,20,마케팅,27,남,12.0,37.0,2.0,46.0,3.0
4519,2413796,650000,현대 ZERO카드,72.0,대구 수성구,20,회계,27,남,7.0,2.0,51.0,29.0,11.0
4520,1861568,1185000,NH 농협카드,67.0,서울 성동구,20,공무원,22,여,3.0,55.0,9.0,25.0,8.0
4521,2375874,1817000,NH 농협카드,83.0,울산 남구,30,공무원,30,여,17.0,6.0,2.0,13.0,62.0
4522,3216494,632000,신한 Deep카드,74.0,서울 서초구,30,연구원,32,남,30.0,7.0,2.0,23.0,38.0
4523,2393640,1160000,신한 Deep카드,85.0,광주 서구,30,프리랜서,34,여,9.0,13.0,16.0,40.0,22.0
4524,3161321,1126000,IBK 두드림카드,70.0,서울 송파구,30,기획,33,남,9.0,27.0,2.0,33.0,29.0
4525,2586485,1923000,카카오뱅크 체크,43.0,서울 마포구,20,데이터분석가,27,남,2.0,17.0,8.0,53.0,20.0
4526,3206203,1163000,씨티 Premier카드,60.0,서울 용산구,30,공무원,33,남,23.0,29.0,15.0,23.0,10.0
4527,1926581,1226000,현대 ZERO카드,79.0,서울 노원구,20,컨설턴트,21,여,37.0,48.0,0.0,9.0,6.0
4528,2559560,1479000,현대 ZERO카드,63.0,경기 고양시,30,디자이너,33,남,24.0,24.0,2.0,39.0,11.0
4529,1992206,1743000,우리 Young카드,71.0,부산 해운대구,30,서비스직,39,남,8.0,38.0,17.0,25.0,12.0
4530,1823039,1238000,이마트 KB카드,41.0,대전 유성구,20,연구원,27,남,3.0,9.0,69.0,19.0,0.0
4531,3231034,1880000,이마트 KB카드,55.0,세종,20,회계,20,여,8.0,36.0,23.0,17.0,16.0
4532,2445597,751000,삼성 taptap카드,55.0,세종,30,간호사,32,남,6.0,6.0,13.0,2.0,73.0
4533,1903310,1165000,KB 혜담카드,61.0,경기 고양시,30,마케팅,31,여,5.0,0.0,39.0,56.0,0.0
4534,2659963,672000,삼성 taptap카드,81.0,울산 남구,30,공무원,38,여,49.0,6.0,6.0,35.0,4.0
4535,2194817,1370000,신한 Deep카드,48.0,세종,20,데이터분석가,28,여,14.0,1.0,59.0,6.0,20.0
4536,2402203,1471000,SSG 랜더스카드,85.0,경기 고양시,30,기획,35,여,50.0,2.0,1.0,26.0,21.0
4537,3986332,1519000,네이버페이 현대,73.0,울산 남구,30,회계,32,남,23.0,30.0,4.0,39.0,4.0
4538,3384388,1321000,토스카드,66.0,서울 강동구,30,공무원,36,남,24.0,39.0,12.0,13.0,12.0
4539,1985003,1484000,SSG 랜더스카드,82.0,서울 성동구,20,디자이너,27,여,18.0,2.0,54.0,10.0,16.0
4540,2702866,782000,KB 혜담카드,43.0,서울 송파구,30,간호사,32,남,20.0,13.0,37.0,1.0,29.0
4541,2248706,825000,현대 ZERO카드,85.0,경기 고양시,30,기획,30,여,10.0,35.0,1.0,23.0,31.0
4542,2687369,1550000,하나 Simple카드,66.0,경기 성남시,20,공무원,26,여,27.0,41.0,17.0,13.0,2.0
4543,2345926,933000,현대 ZERO카드,67.0,경기 성남시,30,개발자,39,여,9.0,19.0,16.0,41.0,15.0
4544,1603423,1569000,하나 Simple카드,59.0,인천 남동구,30,회계,33,여,27.0,3.0,8.0,13.0,49.0
4545,2475840,840000,씨티 Premier카드,83.0,서울 성동구,30,기획,34,여,19.0,23.0,11.0,22.0,25.0
4546,1481486,1461000,우리 Young카드,47.0,서울 서초구,20,개발자,26,여,11.0,8.0,26.0,32.0,23.0
4547,3342115,1355000,현대 ZERO카드,72.0,서울 동작구,20,개발자,20,남,21.0,8.0,47.0,19.0,5.0
4548,2017166,1101000,롯데 DC카드,43.0,인천 남동구,30,디자이너,31,여,5.0,10.0,60.0,11.0,14.0
4549,2886694,2615000,NH 농협카드,85.0,서울 강동구,30,공무원,30,남,43.0,21.0,16.0,4.0,16.0
4550,2379101,1923000,씨티 Premier카드,56.0,울산 남구,20,회계,29,남,32.0,5.0,45.0,16.0,2.0
4551,2355670,1082000,이마트 KB카드,74.0,서울 관악구,30,공무원,37,여,18.0,4.0,54.0,10.0,14.0
4552,2104984,2030000,삼성 taptap카드,62.0,세종,20,데이터분석가,27,남,7.0,34.0,39.0,7.0,13.0
4553,2460913,1543000,삼성 taptap카드,48.0,경기 성남시,20,개발자,29,남,12.0,35.0,4.0,13.0,36.0
4554,3013107,1211000,씨티 Premier카드,76.0,서울 강남구,20,개발자,26,남,0.0,35.0,42.0,16.0,7.0
4555,2883754,1322000,우리 Young카드,45.0,서울 강동구,30,개발자,30,여,18.0,0.0,8.0,26.0,48.0
4556,2989256,1050000,SSG 랜더스카드,60.0,서울 강남구,20,컨설턴트,25,여,14.0,0.0,9.0,77.0,0.0
4557,1726690,1816000,씨티 Premier카드,55.0,대전 유성구,20,기획,20,여,27.0,15.0,1.0,35.0,22.0
4558,3222153,1014000,현대 ZERO카드,42.0,광주 서구,30,프리랜서,31,남,19.0,11.0,24.0,10.0,36.0
4559,2327623,1003000,삼성 taptap카드,82.0,광주 서구,20,디자이너,26,여,21.0,3.0,15.0,49.0,12.0
4560,2425545,773000,현대 ZERO카드,66.0,부산 해운대구,20,생산직,25,여,18.0,20.0,12.0,23.0,27.0
4561,3963362,1992000,NH 농협카드,79.0,광주 서구,30,간호사,30,남,1.0,27.0,46.0,18.0,8.0
4562,2139605,1457000,하나 Simple카드,76.0,대구 수성구,20,개발자,29,남,3.0,56.0,33.0,6.0,2.0
4563,2047248,822000,네이버페이 현대,71.0,경기 성남시,20,프리랜서,29,남,27.0,40.0,2.0,4.0,27.0
4564,2516990,1514000,하나 Simple카드,57.0,대전 유성구,20,영업,28,여,6.0,37.0,9.0,8.0,40.0
4565,1610898,1452000,SSG 랜더스카드,65.0,서울 마포구,30,공무원,30,여,4.0,3.0,58.0,12.0,23.0
4566,2381573,1239000,NH 농협카드,49.0,부산 해운대구,30,공무원,34,여,9.0,27.0,15.0,44.0,5.0
4567,2906061,859000,NH 농협카드,62.0,서울 동작구,30,컨설턴트,30,남,7.0,40.0,10.0,1.0,42.0
4568,1789820,824000,토스카드,59.0,대전 유성구,20,프리랜서,25,여,18.0,0.0,47.0,6.0,29.0
4569,3028529,1124000,카카오뱅크 체크,79.0,서울 용산구,30,간호사,35,여,14.0,13.0,28.0,30.0,15.0
4570,1968879,1470000,IBK 두드림카드,77.0,인천 남동구,30,간호사,32,여,25.0,39.0,4.0,26.0,6.0
4571,2182063,1544000,우리 Young카드,55.0,서울 관악구,20,영업,25,여,12.0,30.0,43.0,14.0,1.0
4572,2396578,1678000,현대 ZERO카드,43.0,서울 강남구,20,생산직,21,남,4.0,47.0,1.0,32.0,16.0
4573,3947416,1972000,씨티 Premier카드,71.0,서울 서초구,30,디자이너,35,남,14.0,30.0,7.0,0.0,49.0
4574,2244721,1024000,신한 Deep카드,56.0,경기 고양시,20,간호사,25,여,30.0,16.0,18.0,19.0,17.0
4575,2968076,744000,하나 Simple카드,53.0,울산 남구,30,간호사,34,여,66.0,4.0,23.0,6.0,1.0
4576,2600297,722000,현대 ZERO카드,64.0,대구 수성구,20,연구원,26,여,31.0,1.0,3.0,61.0,4.0
4577,2311728,1345000,현대 ZERO카드,72.0,서울 강남구,20,기획,29,남,0.0,60.0,19.0,17.0,4.0
4578,1705243,1463000,이마트 KB카드,62.0,인천 남동구,20,대학생,24,여,9.0,56.0,18.0,6.0,11.0
4579,1532709,1756000,삼성 taptap카드,71.0,서울 관악구,20,공무원,21,남,6.0,21.0,6.0,2.0,65.0
4580,3074553,1207000,네이버페이 현대,53.0,서울 성동구,30,프리랜서,39,남,40.0,15.0,35.0,3.0,7.0
4581,1978651,2136000,우리 Young카드,56.0,경기 성남시,20,연구원,24,여,1.0,39.0,10.0,18.0,32.0
4582,2959630,1111000,씨티 Premier카드,74.0,서울 관악구,30,데이터분석가,35,여,3.0,41.0,11.0,30.0,15.0
4583,2622928,870000,SSG 랜더스카드,73.0,경기 수원시,20,디자이너,22,남,2.0,31.0,36.0,22.0,9.0
4584,2870772,1450000,KB 혜담카드,43.0,대전 유성구,30,기획,30,남,39.0,47.0,4.0,3.0,7.0
4585,2189600,1913000,씨티 Premier카드,76.0,서울 노원구,30,서비스직,32,남,45.0,22.0,3.0,25.0,5.0
4586,2505367,1170000,하나 Simple카드,41.0,대전 유성구,20,기획,23,남,35.0,0.0,12.0,50.0,3.0
4587,1741025,756000,하나 Simple카드,65.0,경기 성남시,20,공무원,20,여,3.0,39.0,20.0,23.0,15.0
4588,1870768,902000,삼성 taptap카드,67.0,서울 성동구,20,서비스직,28,여,33.0,32.0,7.0,8.0,20.0
4589,1760292,636000,신한 Deep카드,59.0,서울 동작구,20,회계,28,남,46.0,2.0,3.0,2.0,47.0
4590,2180749,1328000,카카오뱅크 체크,83.0,인천 남동구,20,대학생,29,여,4.0,27.0,21.0,35.0,13.0
4591,3085096,1653000,이마트 KB카드,67.0,광주 서구,30,마케팅,32,여,49.0,29.0,0.0,11.0,11.0
4592,2497479,1964000,토스카드,42.0,서울 용산구,30,기획,36,여,39.0,35.0,5.0,1.0,20.0
4593,2028390,1274000,IBK 두드림카드,43.0,서울 서초구,20,마케팅,26,남,53.0,5.0,16.0,19.0,7.0
4594,1487192,1387000,카카오뱅크 체크,79.0,서울 용산구,20,회계,20,여,48.0,20.0,6.0,8.0,18.0
4595,3386487,1012000,NH 농협카드,73.0,광주 서구,30,서비스직,38,남,9.0,4.0,12.0,33.0,42.0
4596,2453716,1690000,신한 Deep카드,69.0,부산 해운대구,30,회계,30,남,17.0,13.0,45.0,17.0,8.0
4597,2308758,1166000,카카오뱅크 체크,69.0,경기 성남시,20,생산직,24,남,12.0,26.0,26.0,1.0,35.0
4598,2072890,2008000,삼성 taptap카드,52.0,인천 남동구,20,컨설턴트,22,남,20.0,12.0,33.0,1.0,34.0
4599,2669088,1099000,KB 혜담카드,77.0,경기 수원시,20,회계,24,남,4.0,5.0,31.0,7.0,53.0
4600,2889934,1917000,현대 ZERO카드,48.0,경기 고양시,30,마케팅,34,남,5.0,3.0,7.0,66.0,19.0
4601,2220536,941000,SSG 랜더스카드,44.0,경기 성남시,20,생산직,28,남,24.0,10.0,21.0,23.0,22.0
4602,2742873,1906000,SSG 랜더스카드,62.0,광주 서구,30,대학생,33,여,11.0,35.0,18.0,4.0,32.0
4603,3553470,825000,현대 ZERO카드,85.0,경기 고양시,30,기획,30,여,10.0,35.0,1.0,23.0,31.0
4604,2694223,860000,IBK 두드림카드,68.0,경기 고양시,20,서비스직,25,남,42.0,10.0,12.0,2.0,34.0
4605,2455696,1546000,우리 Young카드,50.0,서울 송파구,30,공무원,32,여,40.0,5.0,10.0,35.0,10.0
4606,2251598,2196000,우리 Young카드,56.0,서울 송파구,20,마케팅,22,여,24.0,10.0,36.0,15.0,15.0
4607,2237570,1049000,현대 ZERO카드,57.0,서울 동작구,30,생산직,33,여,6.0,15.0,25.0,6.0,48.0
4608,1775002,529000,신한 Deep카드,56.0,서울 송파구,20,마케팅,26,남,1.0,9.0,6.0,48.0,36.0
4609,1973624,1298000,이마트 KB카드,55.0,서울 강남구,20,생산직,28,여,8.0,30.0,27.0,23.0,12.0
4610,2113925,926000,삼성 taptap카드,71.0,서울 서초구,30,연구원,36,여,11.0,54.0,28.0,5.0,2.0
4611,2576684,1916000,삼성 taptap카드,71.0,서울 강남구,20,개발자,29,여,15.0,19.0,0.0,27.0,39.0
4612,2250163,1064000,현대 ZERO카드,44.0,광주 서구,30,기획,35,남,13.0,7.0,17.0,57.0,6.0
4613,3166605,1148000,IBK 두드림카드,49.0,서울 동작구,30,마케팅,36,여,61.0,23.0,5.0,8.0,3.0
4614,2626023,1939000,롯데 DC카드,79.0,인천 남동구,20,영업,28,여,2.0,40.0,37.0,6.0,15.0
4615,2260250,968000,이마트 KB카드,72.0,광주 서구,20,기획,29,여,16.0,50.0,13.0,16.0,5.0
4616,2250159,1220000,하나 Simple카드,70.0,경기 수원시,20,컨설턴트,26,남,6.0,21.0,6.0,19.0,48.0
4617,1971359,865000,하나 Simple카드,56.0,세종,20,생산직,27,남,1.0,21.0,25.0,50.0,3.0
4618,2385042,1358000,하나 Simple카드,42.0,서울 마포구,20,마케팅,26,여,14.0,32.0,40.0,13.0,1.0
4619,3044046,1771000,현대 ZERO카드,62.0,경기 수원시,30,영업,30,여,3.0,19.0,40.0,28.0,10.0
4620,1898421,811000,우리 Young카드,54.0,서울 송파구,20,개발자,28,남,17.0,41.0,11.0,27.0,4.0
4621,1483303,1382000,SSG 랜더스카드,68.0,서울 성동구,20,서비스직,29,여,8.0,0.0,24.0,21.0,47.0
4622,3492252,830000,NH 농협카드,41.0,서울 용산구,30,프리랜서,34,남,4.0,32.0,46.0,13.0,5.0
4623,2412182,1528000,NH 농협카드,75.0,대전 유성구,20,데이터분석가,29,여,6.0,32.0,32.0,8.0,22.0
4624,1939900,2302000,IBK 두드림카드,67.0,대전 유성구,30,디자이너,36,여,18.0,0.0,20.0,21.0,41.0
4625,1883304,1764000,하나 Simple카드,79.0,울산 남구,20,생산직,23,여,57.0,9.0,4.0,16.0,14.0
4626,1820447,1972000,NH 농협카드,83.0,대구 수성구,20,데이터분석가,29,여,6.0,5.0,53.0,31.0,5.0
4627,2492827,1236000,카카오뱅크 체크,57.0,부산 해운대구,30,간호사,36,남,13.0,52.0,11.0,12.0,12.0
4628,2088158,897000,하나 Simple카드,82.0,서울 서초구,20,기획,29,여,3.0,26.0,26.0,24.0,21.0
4629,2116726,1602000,NH 농협카드,50.0,경기 고양시,20,서비스직,28,남,66.0,3.0,8.0,1.0,22.0
4630,2174603,1415000,현대 ZERO카드,54.0,서울 마포구,30,간호사,36,여,14.0,48.0,32.0,1.0,5.0
4631,2120918,1073000,신한 Deep카드,82.0,울산 남구,30,영업,39,여,33.0,40.0,8.0,13.0,6.0
4632,2135607,1568000,카카오뱅크 체크,77.0,서울 노원구,20,데이터분석가,25,여,47.0,0.0,1.0,35.0,17.0
4633,3117384,993000,우리 Young카드,73.0,광주 서구,30,영업,35,남,22.0,10.0,16.0,52.0,0.0
4634,2091851,865000,신한 Deep카드,62.0,대전 유성구,20,회계,29,여,27.0,41.0,24.0,3.0,5.0
4635,2829333,1003000,NH 농협카드,49.0,서울 동작구,20,서비스직,20,남,14.0,39.0,24.0,5.0,18.0
4636,2504043,1728000,IBK 두드림카드,57.0,서울 용산구,20,공무원,27,남,10.0,61.0,8.0,19.0,2.0
4637,1704577,1457000,네이버페이 현대,82.0,서울 노원구,30,서비스직,32,여,11.0,1.0,9.0,10.0,69.0
4638,3366609,920000,씨티 Premier카드,54.0,세종,30,기획,35,남,0.0,2.0,7.0,87.0,4.0
4639,2552771,1852000,토스카드,83.0,울산 남구,20,프리랜서,29,여,28.0,28.0,32.0,7.0,5.0
4640,2695685,1841000,토스카드,59.0,서울 송파구,30,간호사,30,남,38.0,20.0,28.0,9.0,5.0
4641,1953361,1055000,삼성 taptap카드,71.0,경기 수원시,30,마케팅,30,남,37.0,12.0,19.0,21.0,11.0
4642,2254033,1101000,토스카드,63.0,서울 성동구,20,간호사,25,여,10.0,12.0,15.0,51.0,12.0
4643,2496145,747000,하나 Simple카드,61.0,서울 관악구,30,회계,30,여,1.0,33.0,37.0,0.0,29.0
4644,2214847,1681000,카카오뱅크 체크,77.0,서울 강동구,30,간호사,34,남,29.0,3.0,35.0,18.0,15.0
4645,1524390,1073000,신한 Deep카드,81.0,서울 성동구,20,컨설턴트,29,여,17.0,31.0,9.0,31.0,12.0
4646,2206223,1941000,이마트 KB카드,63.0,서울 송파구,20,생산직,28,여,6.0,15.0,35.0,44.0,0.0
4647,2133461,1506000,IBK 두드림카드,42.0,대전 유성구,20,서비스직,25,여,25.0,31.0,13.0,11.0,20.0
4648,2041367,674000,토스카드,84.0,서울 성동구,20,컨설턴트,29,남,20.0,22.0,15.0,23.0,20.0
4649,2208294,1114000,네이버페이 현대,57.0,서울 강남구,20,기획,23,여,4.0,22.0,4.0,69.0,1.0
4650,1948611,1203000,NH 농협카드,83.0,서울 성동구,30,대학생,34,여,7.0,34.0,20.0,14.0,25.0
4651,2282589,1105000,롯데 DC카드,51.0,서울 강남구,30,기획,35,여,15.0,7.0,60.0,3.0,15.0
4652,2516662,1352000,KB 혜담카드,69.0,울산 남구,20,컨설턴트,24,남,17.0,6.0,40.0,36.0,1.0
4653,2075014,1563000,씨티 Premier카드,47.0,경기 수원시,20,간호사,25,여,27.0,13.0,32.0,7.0,21.0
4654,1664013,2028000,씨티 Premier카드,84.0,서울 강동구,30,개발자,37,여,13.0,56.0,2.0,17.0,12.0
4655,2263653,2224000,씨티 Premier카드,43.0,울산 남구,30,영업,30,여,1.0,32.0,51.0,1.0,15.0
4656,1714920,1589000,토스카드,61.0,인천 남동구,20,생산직,27,남,48.0,21.0,15.0,11.0,5.0
4657,2633568,1763000,우리 Young카드,74.0,서울 관악구,30,연구원,30,여,29.0,34.0,17.0,16.0,4.0
4658,2659418,1424000,롯데 DC카드,74.0,인천 남동구,30,영업,34,여,2.0,5.0,14.0,43.0,36.0
4659,1420612,811000,토스카드,74.0,서울 송파구,20,간호사,20,남,8.0,11.0,12.0,8.0,61.0
4660,3531309,885000,네이버페이 현대,79.0,서울 성동구,30,마케팅,34,남,17.0,15.0,17.0,6.0,45.0
4661,1943906,1318000,씨티 Premier카드,48.0,경기 수원시,30,생산직,31,여,12.0,4.0,24.0,17.0,43.0
4662,4091427,1028000,삼성 taptap카드,79.0,부산 해운대구,30,컨설턴트,35,남,14.0,24.0,29.0,9.0,24.0
4663,2475611,1416000,카카오뱅크 체크,59.0,부산 해운대구,30,간호사,34,여,7.0,31.0,15.0,36.0,11.0
4664,1626803,1157000,이마트 KB카드,54.0,경기 성남시,20,개발자,25,여,26.0,9.0,30.0,35.0,0.0
4665,1679006,1285000,하나 Simple카드,58.0,서울 관악구,20,영업,28,여,8.0,35.0,7.0,42.0,8.0
4666,3243666,833000,씨티 Premier카드,55.0,부산 해운대구,30,회계,30,남,21.0,2.0,41.0,4.0,32.0
4667,2726090,862000,이마트 KB카드,58.0,대전 유성구,30,디자이너,31,남,0.0,30.0,62.0,5.0,3.0
4668,2451673,760000,씨티 Premier카드,85.0,서울 성동구,30,간호사,39,여,2.0,9.0,9.0,55.0,25.0
4669,4128946,1510000,롯데 DC카드,69.0,경기 성남시,30,디자이너,37,남,39.0,12.0,24.0,16.0,9.0
4670,2150377,1271000,SSG 랜더스카드,63.0,서울 노원구,30,디자이너,32,여,6.0,13.0,21.0,0.0,60.0
4671,2279981,1099000,SSG 랜더스카드,45.0,서울 관악구,20,회계,27,남,19.0,20.0,3.0,56.0,2.0
4672,2959922,902000,SSG 랜더스카드,55.0,서울 관악구,20,개발자,29,남,11.0,15.0,8.0,66.0,0.0
4673,2385256,1194000,현대 ZERO카드,60.0,대전 유성구,20,디자이너,28,남,11.0,23.0,40.0,19.0,7.0
4674,1696698,2099000,현대 ZERO카드,60.0,울산 남구,30,기획,30,여,44.0,3.0,28.0,23.0,2.0
4675,2502694,1047000,NH 농협카드,79.0,울산 남구,20,생산직,29,여,7.0,49.0,14.0,27.0,3.0
4676,1668498,1192000,카카오뱅크 체크,80.0,인천 남동구,20,서비스직,23,남,5.0,6.0,31.0,56.0,2.0
4677,3984765,759000,하나 Simple카드,63.0,서울 용산구,30,연구원,31,남,4.0,2.0,25.0,25.0,44.0
4678,1838566,1872000,현대 ZERO카드,68.0,서울 동작구,20,대학생,29,남,19.0,14.0,13.0,44.0,10.0
4679,3984754,939000,씨티 Premier카드,55.0,서울 서초구,30,데이터분석가,31,여,6.0,35.0,4.0,38.0,17.0
4680,2983687,549000,하나 Simple카드,44.0,경기 고양시,20,영업,27,남,18.0,18.0,22.0,37.0,5.0
4681,1851693,576000,KB 혜담카드,63.0,대전 유성구,20,마케팅,28,여,33.0,4.0,31.0,3.0,29.0
4682,2510006,1211000,신한 Deep카드,67.0,인천 남동구,30,데이터분석가,33,여,29.0,13.0,50.0,4.0,4.0
4683,2876822,917000,우리 Young카드,81.0,울산 남구,30,디자이너,37,여,4.0,14.0,62.0,2.0,18.0
4684,3548562,864000,토스카드,71.0,세종,30,컨설턴트,36,남,40.0,1.0,33.0,24.0,2.0
4685,2471168,1146000,KB 혜담카드,55.0,서울 노원구,20,프리랜서,26,여,31.0,13.0,32.0,1.0,23.0
4686,2876079,1008000,토스카드,44.0,서울 관악구,20,데이터분석가,28,남,44.0,9.0,4.0,1.0,42.0
4687,2188515,2219000,이마트 KB카드,50.0,경기 수원시,20,대학생,29,남,73.0,1.0,3.0,16.0,7.0
4688,2066641,1177000,롯데 DC카드,61.0,경기 고양시,20,공무원,23,여,22.0,38.0,22.0,12.0,6.0
4689,2326568,1620000,SSG 랜더스카드,74.0,서울 마포구,30,생산직,35,여,22.0,18.0,42.0,15.0,3.0
4690,2679186,1644000,NH 농협카드,46.0,광주 서구,20,서비스직,27,남,12.0,4.0,42.0,3.0,39.0
4691,3255626,935000,롯데 DC카드,69.0,서울 서초구,30,회계,30,남,30.0,1.0,20.0,15.0,34.0
4692,2645641,1645000,카카오뱅크 체크,50.0,대전 유성구,30,공무원,31,여,18.0,39.0,21.0,9.0,13.0
4693,2647617,1313000,토스카드,61.0,인천 남동구,20,마케팅,20,남,5.0,13.0,28.0,13.0,41.0
4694,1474473,1665000,하나 Simple카드,74.0,서울 관악구,30,기획,33,여,2.0,9.0,8.0,46.0,35.0
4695,2405034,918000,이마트 KB카드,85.0,대구 수성구,20,연구원,27,여,3.0,7.0,13.0,27.0,50.0
4696,3152998,920000,현대 ZERO카드,82.0,경기 고양시,30,컨설턴트,37,남,2.0,37.0,4.0,19.0,38.0
4697,3084404,1431000,하나 Simple카드,56.0,서울 관악구,20,연구원,23,남,26.0,20.0,10.0,25.0,19.0
4698,1929988,1918000,토스카드,54.0,울산 남구,30,마케팅,32,남,27.0,13.0,18.0,31.0,11.0
4699,3028593,694000,네이버페이 현대,52.0,서울 강남구,20,데이터분석가,25,여,6.0,3.0,18.0,31.0,42.0
4700,2287704,1296000,토스카드,77.0,대전 유성구,20,대학생,26,여,29.0,36.0,20.0,13.0,2.0
4701,2494494,1280000,롯데 DC카드,85.0,광주 서구,20,영업,24,남,2.0,10.0,30.0,2.0,56.0
4702,3337959,1004000,씨티 Premier카드,61.0,인천 남동구,30,기획,36,여,12.0,25.0,17.0,14.0,32.0
4703,2780380,941000,씨티 Premier카드,53.0,서울 마포구,30,마케팅,34,여,23.0,11.0,20.0,39.0,7.0
4704,2450184,2132000,하나 Simple카드,42.0,울산 남구,20,공무원,26,남,2.0,51.0,29.0,13.0,5.0
4705,2621145,966000,신한 Deep카드,61.0,울산 남구,30,영업,31,여,10.0,6.0,12.0,32.0,40.0
4706,2008260,1003000,삼성 taptap카드,74.0,서울 용산구,20,영업,29,남,13.0,24.0,1.0,26.0,36.0
4707,2980057,1542000,삼성 taptap카드,53.0,대구 수성구,30,공무원,35,남,20.0,12.0,6.0,7.0,55.0
4708,1892243,1025000,씨티 Premier카드,54.0,서울 강남구,20,프리랜서,23,남,18.0,25.0,14.0,13.0,30.0
4709,2227716,1831000,네이버페이 현대,63.0,세종,20,회계,25,남,49.0,10.0,11.0,6.0,24.0
4710,1082034,570000,현대 ZERO카드,69.0,서울 노원구,20,생산직,22,남,13.0,3.0,40.0,29.0,15.0
4711,2464519,1364000,롯데 DC카드,44.0,부산 해운대구,20,영업,28,남,37.0,1.0,6.0,39.0,17.0
4712,2189131,960000,신한 Deep카드,47.0,광주 서구,20,기획,29,여,0.0,3.0,38.0,37.0,22.0
4713,2331898,1065000,현대 ZERO카드,74.0,울산 남구,30,대학생,35,여,35.0,30.0,21.0,8.0,6.0
4714,2609879,1250000,하나 Simple카드,50.0,인천 남동구,30,마케팅,32,여,23.0,10.0,23.0,40.0,4.0
4715,1533218,1220000,신한 Deep카드,65.0,경기 고양시,20,생산직,21,남,24.0,22.0,6.0,43.0,5.0
4716,2198616,1058000,토스카드,48.0,서울 마포구,20,데이터분석가,26,남,27.0,7.0,22.0,40.0,4.0
4717,2177077,1025000,카카오뱅크 체크,69.0,서울 강남구,20,간호사,20,여,10.0,58.0,2.0,9.0,21.0
4718,1767301,2044000,토스카드,43.0,서울 강동구,20,마케팅,20,여,5.0,0.0,14.0,43.0,38.0
4719,2261973,1805000,IBK 두드림카드,62.0,서울 강동구,20,공무원,26,남,20.0,35.0,2.0,8.0,35.0
4720,2943479,962000,신한 Deep카드,83.0,세종,20,회계,29,남,48.0,15.0,16.0,1.0,20.0
4721,2767958,1500000,삼성 taptap카드,68.0,경기 고양시,20,디자이너,29,여,16.0,40.0,7.0,7.0,30.0
4722,3598106,1654000,현대 ZERO카드,47.0,서울 송파구,30,영업,38,남,3.0,9.0,55.0,7.0,26.0
4723,2523199,1116000,현대 ZERO카드,85.0,서울 서초구,20,공무원,29,남,54.0,22.0,2.0,10.0,12.0
4724,2320728,1480000,NH 농협카드,41.0,서울 강남구,30,컨설턴트,30,여,10.0,18.0,9.0,12.0,51.0
4725,1774918,876000,KB 혜담카드,41.0,서울 관악구,30,회계,30,여,44.0,19.0,3.0,33.0,1.0
4726,2859272,1291000,현대 ZERO카드,83.0,광주 서구,30,대학생,33,남,52.0,16.0,8.0,23.0,1.0
4727,2834889,1291000,현대 ZERO카드,83.0,광주 서구,30,대학생,33,남,52.0,16.0,8.0,23.0,1.0
4728,2774397,1444000,카카오뱅크 체크,43.0,서울 서초구,20,회계,25,여,27.0,3.0,35.0,30.0,5.0
4729,2404695,888000,KB 혜담카드,68.0,서울 노원구,20,대학생,29,남,11.0,70.0,6.0,9.0,4.0
4730,3056155,1942000,롯데 DC카드,70.0,서울 강동구,20,개발자,29,남,10.0,17.0,40.0,33.0,0.0
4731,2848744,1526000,IBK 두드림카드,64.0,서울 서초구,20,컨설턴트,28,남,3.0,36.0,6.0,25.0,30.0
4732,2021752,685000,삼성 taptap카드,64.0,경기 고양시,20,컨설턴트,27,남,2.0,37.0,29.0,17.0,15.0
4733,1352435,1967000,현대 ZERO카드,43.0,인천 남동구,20,연구원,28,남,43.0,9.0,33.0,13.0,2.0
4734,3192787,1253000,씨티 Premier카드,48.0,경기 고양시,30,개발자,36,여,9.0,28.0,0.0,48.0,15.0
4735,2929692,1238000,하나 Simple카드,40.0,서울 강동구,20,데이터분석가,25,남,32.0,11.0,5.0,1.0,51.0
4736,1566894,809000,현대 ZERO카드,71.0,경기 수원시,20,연구원,23,남,34.0,12.0,20.0,11.0,23.0
4737,3004620,1055000,카카오뱅크 체크,74.0,서울 송파구,20,프리랜서,27,여,28.0,44.0,3.0,14.0,11.0
4738,2441058,1354000,신한 Deep카드,83.0,서울 송파구,20,디자이너,23,여,35.0,26.0,9.0,25.0,5.0
4739,2330342,671000,SSG 랜더스카드,51.0,서울 노원구,20,공무원,20,여,2.0,35.0,23.0,24.0,16.0
4740,3057391,1734000,우리 Young카드,60.0,광주 서구,20,연구원,29,여,28.0,31.0,24.0,4.0,13.0
4741,3941279,1799000,토스카드,74.0,대구 수성구,30,서비스직,33,남,11.0,4.0,59.0,2.0,24.0
4742,2825665,2374000,현대 ZERO카드,63.0,서울 관악구,30,간호사,31,여,27.0,11.0,25.0,1.0,36.0
4743,2486608,2104000,IBK 두드림카드,66.0,서울 관악구,20,공무원,23,남,7.0,3.0,56.0,22.0,12.0
4744,2808197,1213000,카카오뱅크 체크,45.0,서울 동작구,30,영업,32,여,27.0,8.0,25.0,15.0,25.0
4745,2719959,582000,NH 농협카드,68.0,부산 해운대구,30,컨설턴트,30,남,14.0,28.0,2.0,27.0,29.0
4746,2472449,1252000,하나 Simple카드,59.0,서울 서초구,30,마케팅,31,여,0.0,15.0,25.0,24.0,36.0
4747,2048841,667000,우리 Young카드,64.0,서울 용산구,30,공무원,37,여,5.0,43.0,13.0,17.0,22.0
4748,2083480,884000,롯데 DC카드,64.0,서울 성동구,20,디자이너,29,남,2.0,7.0,68.0,9.0,14.0
4749,2066683,2602000,NH 농협카드,45.0,서울 강남구,20,마케팅,28,여,8.0,17.0,4.0,48.0,23.0
4750,2182347,1665000,하나 Simple카드,74.0,서울 관악구,30,기획,33,여,2.0,9.0,8.0,46.0,35.0
4751,2318373,944000,롯데 DC카드,81.0,서울 강동구,20,컨설턴트,24,여,31.0,20.0,16.0,15.0,18.0
4752,2088009,1455000,토스카드,50.0,서울 용산구,20,생산직,25,남,16.0,24.0,30.0,16.0,14.0
4753,2501117,930000,우리 Young카드,83.0,대구 수성구,20,개발자,23,여,38.0,27.0,6.0,12.0,17.0
4754,1438839,1046000,NH 농협카드,56.0,서울 강동구,20,회계,21,남,2.0,25.0,17.0,55.0,1.0
4755,2193322,1496000,삼성 taptap카드,77.0,서울 강남구,20,마케팅,25,남,71.0,4.0,8.0,5.0,12.0
4756,2315775,617000,씨티 Premier카드,59.0,경기 고양시,20,프리랜서,23,남,21.0,0.0,3.0,17.0,59.0
4757,2782559,1053000,하나 Simple카드,48.0,서울 용산구,30,디자이너,32,남,6.0,0.0,10.0,61.0,23.0
4758,2413803,1301000,하나 Simple카드,78.0,경기 성남시,30,프리랜서,39,여,2.0,32.0,7.0,54.0,5.0
4759,1457376,1707000,카카오뱅크 체크,43.0,서울 용산구,20,간호사,26,남,24.0,14.0,32.0,9.0,21.0
4760,2428238,1140000,롯데 DC카드,68.0,서울 송파구,20,대학생,20,여,8.0,6.0,1.0,19.0,66.0
4761,3453324,1168000,토스카드,70.0,경기 고양시,30,공무원,35,남,1.0,7.0,34.0,25.0,33.0
4762,3345476,977000,우리 Young카드,46.0,경기 수원시,30,생산직,34,남,20.0,7.0,47.0,22.0,4.0
4763,3727108,2186000,현대 ZERO카드,42.0,서울 강동구,30,디자이너,30,남,34.0,1.0,40.0,19.0,6.0
4764,2350764,2279000,NH 농협카드,79.0,서울 성동구,20,간호사,27,남,15.0,8.0,19.0,40.0,18.0
4765,2489340,1163000,NH 농협카드,60.0,경기 성남시,20,데이터분석가,25,남,15.0,30.0,38.0,1.0,16.0
4766,2328045,2193000,KB 혜담카드,62.0,대구 수성구,20,디자이너,29,남,4.0,62.0,9.0,15.0,10.0
4767,2843775,1477000,현대 ZERO카드,77.0,서울 마포구,30,영업,35,여,26.0,13.0,1.0,40.0,20.0
4768,1895939,689000,현대 ZERO카드,78.0,경기 수원시,30,프리랜서,34,남,13.0,17.0,27.0,36.0,7.0
4769,1803209,789000,토스카드,64.0,서울 강동구,20,대학생,27,남,31.0,17.0,13.0,14.0,25.0
4770,4110829,1218000,SSG 랜더스카드,46.0,경기 고양시,30,기획,30,남,22.0,63.0,2.0,9.0,4.0
4771,1019782,939000,IBK 두드림카드,50.0,경기 고양시,20,컨설턴트,24,여,49.0,3.0,6.0,39.0,3.0
4772,2179911,943000,하나 Simple카드,74.0,서울 노원구,20,프리랜서,24,여,7.0,2.0,29.0,9.0,53.0
4773,2836137,1443000,IBK 두드림카드,58.0,서울 강남구,20,영업,24,남,14.0,36.0,21.0,2.0,27.0
4774,2203369,1460000,네이버페이 현대,56.0,서울 노원구,20,디자이너,28,남,55.0,16.0,0.0,15.0,14.0
4775,2716492,1021000,이마트 KB카드,66.0,서울 서초구,30,기획,32,남,0.0,76.0,6.0,2.0,16.0
4776,2564710,734000,롯데 DC카드,48.0,서울 관악구,30,공무원,34,여,32.0,1.0,5.0,36.0,26.0
4777,2073439,802000,SSG 랜더스카드,67.0,경기 고양시,20,공무원,20,남,6.0,47.0,34.0,10.0,3.0
4778,3021594,1301000,하나 Simple카드,78.0,경기 성남시,30,프리랜서,39,남,2.0,32.0,7.0,54.0,5.0
4779,2521633,888000,KB 혜담카드,82.0,서울 강동구,30,개발자,38,남,0.0,31.0,37.0,18.0,14.0
4780,2804337,1702000,롯데 DC카드,74.0,서울 송파구,20,간호사,28,남,36.0,23.0,5.0,33.0,3.0
4781,3996285,1294000,NH 농협카드,84.0,서울 서초구,30,연구원,30,남,66.0,8.0,7.0,7.0,12.0
4782,2183304,1624000,신한 Deep카드,67.0,서울 성동구,20,영업,20,여,9.0,58.0,4.0,20.0,9.0
4783,1556755,852000,토스카드,41.0,경기 수원시,20,프리랜서,26,남,5.0,3.0,17.0,24.0,51.0
4784,2238078,1171000,KB 혜담카드,41.0,서울 송파구,30,컨설턴트,34,여,2.0,13.0,52.0,21.0,12.0
4785,2158005,1630000,이마트 KB카드,41.0,서울 강남구,20,대학생,28,남,33.0,10.0,1.0,37.0,19.0
4786,2502769,1595000,롯데 DC카드,75.0,울산 남구,20,서비스직,26,남,75.0,5.0,5.0,4.0,11.0
4787,1995993,1937000,IBK 두드림카드,70.0,대구 수성구,30,생산직,30,여,5.0,10.0,8.0,37.0,40.0
4788,2461586,1575000,삼성 taptap카드,45.0,울산 남구,30,간호사,38,남,7.0,4.0,71.0,14.0,4.0
4789,2755338,1163000,네이버페이 현대,76.0,서울 마포구,30,프리랜서,32,여,15.0,2.0,10.0,12.0,61.0
4790,2969454,1091000,삼성 taptap카드,64.0,서울 마포구,30,개발자,36,여,8.0,6.0,18.0,47.0,21.0
4791,2564884,1053000,하나 Simple카드,48.0,서울 용산구,30,디자이너,32,남,6.0,0.0,10.0,61.0,23.0
4792,1833391,1677000,씨티 Premier카드,58.0,경기 성남시,30,서비스직,36,여,52.0,8.0,15.0,17.0,8.0
4793,3892059,712000,하나 Simple카드,70.0,세종,20,영업,20,남,37.0,2.0,32.0,3.0,26.0
4794,2641652,1003000,이마트 KB카드,52.0,대전 유성구,20,디자이너,26,여,11.0,61.0,9.0,5.0,14.0
4795,2116498,1558000,IBK 두드림카드,71.0,울산 남구,20,연구원,27,남,17.0,15.0,4.0,35.0,29.0
4796,2684515,903000,롯데 DC카드,77.0,서울 서초구,20,기획,27,여,29.0,29.0,32.0,1.0,9.0
4797,2187771,1216000,이마트 KB카드,62.0,인천 남동구,20,생산직,26,남,22.0,30.0,3.0,26.0,19.0
4798,2933578,1165000,KB 혜담카드,61.0,경기 고양시,30,마케팅,31,여,5.0,0.0,39.0,56.0,0.0
4799,2579696,1714000,네이버페이 현대,70.0,서울 강동구,30,컨설턴트,32,여,23.0,0.0,44.0,0.0,33.0
4800,2295635,804000,우리 Young카드,57.0,서울 성동구,20,개발자,23,여,18.0,5.0,59.0,13.0,5.0
4801,2193209,1024000,현대 ZERO카드,42.0,경기 성남시,20,생산직,29,여,15.0,2.0,20.0,28.0,35.0
4802,1776309,850000,NH 농협카드,67.0,대전 유성구,30,디자이너,35,여,16.0,19.0,17.0,44.0,4.0
4803,3469047,751000,씨티 Premier카드,80.0,울산 남구,30,마케팅,32,여,2.0,44.0,3.0,14.0,37.0
4804,1779233,1589000,우리 Young카드,63.0,경기 성남시,20,간호사,29,남,3.0,61.0,19.0,12.0,5.0
4805,2047983,933000,네이버페이 현대,54.0,광주 서구,30,컨설턴트,32,남,14.0,4.0,27.0,39.0,16.0
4806,2143570,1051000,우리 Young카드,75.0,서울 용산구,20,컨설턴트,29,남,11.0,5.0,37.0,44.0,3.0
4807,1769264,751000,하나 Simple카드,67.0,부산 해운대구,20,공무원,29,남,13.0,19.0,19.0,11.0,38.0
4808,2963801,1662000,카카오뱅크 체크,52.0,서울 마포구,30,기획,36,남,1.0,30.0,18.0,39.0,12.0
4809,2843881,1484000,이마트 KB카드,78.0,대구 수성구,30,기획,36,여,12.0,37.0,0.0,47.0,4.0
4810,2747651,1436000,토스카드,48.0,서울 동작구,20,개발자,29,남,13.0,34.0,7.0,37.0,9.0
4811,2907365,1074000,NH 농협카드,79.0,서울 서초구,30,데이터분석가,32,여,3.0,43.0,14.0,31.0,9.0
4812,2786057,1474000,NH 농협카드,48.0,서울 강동구,30,영업,30,남,39.0,20.0,16.0,3.0,22.0
4813,2274795,860000,카카오뱅크 체크,76.0,광주 서구,20,간호사,26,남,20.0,22.0,34.0,13.0,11.0
4814,2703939,1376000,롯데 DC카드,54.0,대전 유성구,30,영업,33,여,46.0,10.0,19.0,22.0,3.0
4815,1371106,1465000,롯데 DC카드,73.0,경기 성남시,20,개발자,28,여,0.0,11.0,22.0,26.0,41.0
4816,2785292,1230000,신한 Deep카드,79.0,대전 유성구,30,개발자,33,여,10.0,61.0,2.0,10.0,17.0
4817,1521350,545000,IBK 두드림카드,68.0,서울 노원구,20,컨설턴트,29,여,11.0,2.0,11.0,67.0,9.0
4818,4428242,1822000,씨티 Premier카드,62.0,인천 남동구,30,연구원,35,남,38.0,5.0,4.0,17.0,36.0
4819,2297742,1149000,하나 Simple카드,61.0,경기 성남시,30,영업,36,여,45.0,15.0,5.0,26.0,9.0
4820,2157562,2249000,우리 Young카드,46.0,서울 노원구,20,공무원,25,남,39.0,1.0,38.0,13.0,9.0
4821,2461205,1617000,SSG 랜더스카드,64.0,서울 관악구,30,간호사,35,남,9.0,69.0,2.0,18.0,2.0
4822,1935014,1397000,씨티 Premier카드,84.0,서울 노원구,20,기획,23,남,13.0,19.0,47.0,19.0,2.0
4823,3387046,976000,NH 농협카드,66.0,경기 고양시,20,대학생,22,남,24.0,25.0,11.0,13.0,27.0
4824,2720184,1056000,롯데 DC카드,44.0,서울 성동구,20,서비스직,28,남,2.0,41.0,32.0,22.0,3.0
4825,1475398,931000,하나 Simple카드,70.0,대구 수성구,20,기획,26,여,13.0,16.0,57.0,10.0,4.0
4826,3252106,1469000,네이버페이 현대,63.0,광주 서구,30,연구원,39,여,10.0,57.0,22.0,8.0,3.0
4827,3835269,2173000,신한 Deep카드,77.0,세종,30,영업,33,남,21.0,30.0,11.0,4.0,34.0
4828,2109393,1779000,하나 Simple카드,44.0,경기 성남시,20,프리랜서,20,남,6.0,27.0,63.0,4.0,0.0
4829,2403348,1514000,신한 Deep카드,44.0,부산 해운대구,20,대학생,22,남,48.0,7.0,24.0,16.0,5.0
4830,2242527,952000,카카오뱅크 체크,83.0,경기 고양시,20,간호사,21,남,11.0,7.0,57.0,2.0,23.0
4831,3236289,603000,IBK 두드림카드,81.0,서울 마포구,20,공무원,24,여,18.0,11.0,27.0,21.0,23.0
4832,1851854,1185000,IBK 두드림카드,51.0,서울 강동구,20,영업,27,남,5.0,6.0,47.0,28.0,14.0
4833,2323005,707000,SSG 랜더스카드,55.0,서울 노원구,20,컨설턴트,26,여,32.0,47.0,0.0,1.0,20.0
4834,2035927,1975000,씨티 Premier카드,76.0,경기 성남시,20,영업,28,남,47.0,1.0,26.0,9.0,17.0
4835,1533479,987000,토스카드,58.0,대구 수성구,20,서비스직,22,여,16.0,39.0,1.0,4.0,40.0
4836,3345819,1068000,롯데 DC카드,76.0,서울 서초구,20,서비스직,27,남,53.0,21.0,3.0,3.0,20.0
4837,1659216,1458000,SSG 랜더스카드,81.0,부산 해운대구,20,데이터분석가,28,여,10.0,21.0,22.0,25.0,22.0
4838,2360064,1147000,이마트 KB카드,59.0,서울 마포구,20,간호사,29,남,17.0,15.0,55.0,4.0,9.0
4839,1379649,1074000,IBK 두드림카드,73.0,대구 수성구,20,간호사,28,여,11.0,14.0,40.0,30.0,5.0
4840,2050464,1624000,네이버페이 현대,45.0,서울 노원구,20,회계,28,남,16.0,36.0,10.0,12.0,26.0
4841,2460984,1138000,우리 Young카드,62.0,서울 동작구,20,대학생,29,남,21.0,7.0,14.0,10.0,48.0
4842,1837633,1178000,우리 Young카드,68.0,서울 성동구,20,마케팅,26,여,24.0,4.0,4.0,51.0,17.0
4843,2793400,1318000,씨티 Premier카드,48.0,경기 수원시,30,생산직,31,여,12.0,4.0,24.0,17.0,43.0
4844,2365479,660000,우리 Young카드,51.0,경기 수원시,30,간호사,31,여,45.0,27.0,21.0,7.0,0.0
4845,3080041,1410000,현대 ZERO카드,44.0,광주 서구,30,간호사,30,여,56.0,7.0,0.0,11.0,26.0
4846,3180880,1220000,신한 Deep카드,48.0,서울 관악구,30,공무원,36,여,8.0,36.0,24.0,30.0,2.0
4847,1956627,869000,삼성 taptap카드,72.0,서울 마포구,20,마케팅,29,남,12.0,2.0,7.0,77.0,2.0
4848,2288366,2010000,현대 ZERO카드,43.0,서울 성동구,20,마케팅,24,남,1.0,27.0,46.0,16.0,10.0
4849,2341727,1688000,씨티 Premier카드,78.0,서울 동작구,20,연구원,20,남,1.0,27.0,2.0,60.0,10.0
4850,2809674,915000,이마트 KB카드,42.0,울산 남구,30,디자이너,31,여,5.0,45.0,5.0,14.0,31.0
4851,3010067,963000,신한 Deep카드,43.0,서울 강동구,30,생산직,35,남,52.0,8.0,27.0,5.0,8.0
4852,3133147,1277000,신한 Deep카드,70.0,서울 마포구,30,데이터분석가,38,남,31.0,38.0,20.0,9.0,2.0
4853,2128296,821000,삼성 taptap카드,71.0,인천 남동구,20,연구원,24,여,3.0,20.0,23.0,38.0,16.0
4854,2307619,1238000,카카오뱅크 체크,77.0,서울 마포구,20,데이터분석가,27,여,9.0,1.0,74.0,3.0,13.0
4855,2898970,962000,신한 Deep카드,83.0,세종,20,회계,29,남,48.0,15.0,16.0,1.0,20.0
4856,2573041,643000,카카오뱅크 체크,57.0,서울 관악구,20,간호사,22,남,14.0,12.0,21.0,5.0,48.0
4857,3490878,1491000,네이버페이 현대,55.0,서울 성동구,30,연구원,31,남,1.0,35.0,11.0,35.0,18.0
4858,2611535,1861000,하나 Simple카드,41.0,인천 남동구,20,연구원,26,남,0.0,1.0,14.0,76.0,9.0
4859,2892333,1981000,KB 혜담카드,76.0,세종,30,디자이너,31,남,43.0,6.0,36.0,5.0,10.0
4860,2659413,1741000,KB 혜담카드,78.0,부산 해운대구,30,디자이너,39,여,31.0,11.0,24.0,24.0,10.0
4861,1707413,759000,이마트 KB카드,82.0,세종,20,회계,27,여,73.0,2.0,0.0,6.0,19.0
4862,3134403,1776000,IBK 두드림카드,82.0,부산 해운대구,30,영업,31,여,0.0,24.0,6.0,16.0,54.0
4863,1051927,968000,KB 혜담카드,60.0,광주 서구,30,생산직,30,남,36.0,3.0,49.0,10.0,2.0
4864,2456425,1790000,신한 Deep카드,45.0,경기 수원시,30,서비스직,33,여,42.0,42.0,3.0,10.0,3.0
4865,3798627,938000,삼성 taptap카드,44.0,서울 용산구,30,대학생,36,남,4.0,38.0,3.0,23.0,32.0
4866,1568066,884000,롯데 DC카드,64.0,서울 성동구,20,디자이너,29,남,2.0,7.0,68.0,9.0,14.0
4867,2449889,1071000,삼성 taptap카드,76.0,경기 성남시,20,프리랜서,23,여,8.0,46.0,9.0,8.0,29.0
4868,1909616,1270000,하나 Simple카드,80.0,경기 수원시,20,마케팅,26,남,7.0,17.0,53.0,11.0,12.0
4869,2065598,2071000,삼성 taptap카드,43.0,서울 동작구,20,연구원,28,남,48.0,1.0,49.0,0.0,2.0
4870,2722970,1496000,토스카드,44.0,서울 송파구,20,개발자,23,여,3.0,70.0,1.0,14.0,12.0
4871,2349028,1854000,롯데 DC카드,79.0,대전 유성구,20,컨설턴트,25,남,14.0,33.0,2.0,29.0,22.0
4872,1482822,1197000,씨티 Premier카드,42.0,경기 고양시,30,회계,30,여,28.0,2.0,18.0,8.0,44.0
4873,1761787,1937000,이마트 KB카드,43.0,광주 서구,20,데이터분석가,22,남,1.0,11.0,1.0,45.0,42.0
4874,2737667,1283000,삼성 taptap카드,50.0,서울 강동구,20,기획,28,여,23.0,11.0,27.0,22.0,17.0
4875,2474471,1788000,현대 ZERO카드,63.0,대전 유성구,20,데이터분석가,29,남,18.0,46.0,4.0,4.0,28.0
4876,4223694,956000,네이버페이 현대,56.0,부산 해운대구,30,디자이너,32,남,2.0,12.0,29.0,23.0,34.0
4877,3091323,1281000,NH 농협카드,81.0,서울 관악구,20,간호사,21,여,10.0,25.0,13.0,28.0,24.0
4878,2760428,653000,토스카드,47.0,서울 송파구,30,서비스직,31,남,4.0,33.0,21.0,19.0,23.0
4879,4752266,1480000,NH 농협카드,41.0,서울 강남구,30,컨설턴트,30,남,10.0,18.0,9.0,12.0,51.0
4880,3017135,898000,카카오뱅크 체크,56.0,서울 관악구,30,회계,31,남,6.0,34.0,24.0,27.0,9.0
4881,2326132,1703000,카카오뱅크 체크,66.0,세종,30,기획,31,남,35.0,1.0,7.0,28.0,29.0
4882,1933180,2589000,네이버페이 현대,79.0,서울 강남구,20,대학생,24,남,19.0,11.0,29.0,34.0,7.0
4883,1420292,1899000,SSG 랜더스카드,78.0,경기 수원시,30,연구원,32,남,1.0,60.0,27.0,7.0,5.0
4884,3053509,1848000,NH 농협카드,59.0,서울 송파구,20,컨설턴트,23,여,0.0,22.0,41.0,22.0,15.0
4885,4116333,699000,네이버페이 현대,79.0,울산 남구,30,데이터분석가,30,남,33.0,25.0,2.0,11.0,29.0
4886,1742246,2359000,신한 Deep카드,69.0,광주 서구,20,개발자,27,남,10.0,12.0,16.0,10.0,52.0
4887,2136057,1010000,이마트 KB카드,67.0,부산 해운대구,20,마케팅,29,남,12.0,10.0,14.0,50.0,14.0
4888,3066925,2302000,하나 Simple카드,68.0,서울 성동구,30,간호사,36,남,19.0,16.0,12.0,38.0,15.0
4889,1769823,1580000,우리 Young카드,44.0,광주 서구,20,개발자,28,여,6.0,30.0,51.0,7.0,6.0
4890,1372448,1181000,네이버페이 현대,44.0,서울 성동구,20,기획,23,남,16.0,26.0,42.0,11.0,5.0
4891,2144821,880000,우리 Young카드,61.0,인천 남동구,20,생산직,29,여,18.0,33.0,3.0,45.0,1.0
4892,2775244,2003000,SSG 랜더스카드,59.0,세종,30,생산직,37,남,12.0,27.0,8.0,46.0,7.0
4893,2055794,1394000,KB 혜담카드,52.0,광주 서구,20,대학생,25,여,30.0,40.0,7.0,11.0,12.0
4894,2361358,1568000,씨티 Premier카드,72.0,서울 노원구,20,영업,28,여,19.0,8.0,17.0,22.0,34.0
4895,2964759,1225000,신한 Deep카드,66.0,서울 동작구,20,간호사,28,여,14.0,9.0,27.0,23.0,27.0
4896,2098453,1392000,하나 Simple카드,81.0,세종,20,간호사,28,여,67.0,2.0,15.0,7.0,9.0
4897,2585221,1413000,KB 혜담카드,42.0,서울 송파구,30,디자이너,31,여,15.0,23.0,11.0,2.0,49.0
4898,3508809,2527000,KB 혜담카드,63.0,경기 성남시,30,회계,39,남,41.0,6.0,6.0,42.0,5.0
4899,2527071,1334000,신한 Deep카드,59.0,서울 송파구,20,디자이너,27,남,6.0,19.0,8.0,38.0,29.0
4900,2192788,1230000,네이버페이 현대,64.0,대구 수성구,30,생산직,30,여,18.0,3.0,33.0,43.0,3.0
4901,2298188,1192000,토스카드,64.0,서울 마포구,20,회계,26,남,9.0,38.0,11.0,17.0,25.0
4902,3383277,855000,SSG 랜더스카드,58.0,울산 남구,30,회계,30,남,42.0,5.0,19.0,16.0,18.0
4903,1685824,1916000,KB 혜담카드,45.0,세종,20,공무원,24,여,55.0,2.0,11.0,18.0,14.0
4904,3884477,1295000,삼성 taptap카드,82.0,서울 마포구,30,연구원,33,남,16.0,4.0,25.0,32.0,23.0
4905,2965794,1227000,네이버페이 현대,55.0,광주 서구,20,회계,26,여,50.0,7.0,3.0,38.0,2.0
4906,2138609,1034000,신한 Deep카드,69.0,서울 관악구,30,프리랜서,34,여,0.0,39.0,46.0,5.0,10.0
4907,2346835,963000,하나 Simple카드,71.0,서울 관악구,20,영업,28,여,45.0,16.0,3.0,4.0,32.0
4908,2571139,702000,하나 Simple카드,40.0,서울 성동구,20,대학생,26,여,9.0,31.0,36.0,6.0,18.0
4909,2618070,653000,토스카드,47.0,서울 송파구,30,서비스직,31,남,4.0,33.0,21.0,19.0,23.0
4910,3337129,1182000,씨티 Premier카드,76.0,서울 동작구,30,마케팅,30,남,9.0,22.0,25.0,11.0,33.0
4911,2331627,1224000,토스카드,57.0,대전 유성구,20,간호사,27,남,11.0,4.0,58.0,19.0,8.0
4912,1972457,659000,씨티 Premier카드,51.0,서울 관악구,30,생산직,34,남,5.0,25.0,4.0,26.0,40.0
4913,2729580,786000,NH 농협카드,68.0,경기 성남시,30,마케팅,35,여,11.0,51.0,18.0,2.0,18.0
4914,1949928,1022000,우리 Young카드,69.0,서울 노원구,30,영업,36,여,80.0,0.0,14.0,2.0,4.0
4915,2719601,1406000,현대 ZERO카드,48.0,서울 송파구,20,디자이너,22,남,14.0,40.0,8.0,3.0,35.0
4916,1914394,1185000,IBK 두드림카드,64.0,부산 해운대구,20,디자이너,26,남,15.0,34.0,5.0,41.0,5.0
4917,2419357,661000,카카오뱅크 체크,75.0,인천 남동구,30,공무원,35,여,13.0,40.0,28.0,14.0,5.0
4918,2936139,1967000,현대 ZERO카드,83.0,서울 마포구,20,컨설턴트,24,남,30.0,4.0,29.0,22.0,15.0
4919,2498190,629000,네이버페이 현대,80.0,세종,20,기획,27,남,2.0,58.0,15.0,17.0,8.0
4920,2244368,1480000,롯데 DC카드,68.0,경기 고양시,30,개발자,30,남,31.0,14.0,39.0,2.0,14.0
4921,1742541,765000,네이버페이 현대,79.0,서울 강남구,20,기획,25,여,10.0,65.0,6.0,8.0,11.0
4922,1950348,759000,이마트 KB카드,82.0,세종,20,회계,27,여,73.0,2.0,0.0,6.0,19.0
4923,2697322,2066000,네이버페이 현대,67.0,서울 용산구,30,디자이너,30,여,55.0,21.0,2.0,19.0,3.0
4924,2679149,721000,NH 농협카드,71.0,서울 마포구,30,공무원,31,여,28.0,18.0,3.0,0.0,51.0
4925,2409828,1269000,씨티 Premier카드,43.0,서울 성동구,30,공무원,38,남,18.0,10.0,7.0,35.0,30.0
4926,1666395,1618000,이마트 KB카드,82.0,서울 동작구,20,간호사,26,남,5.0,16.0,22.0,1.0,56.0
4927,2390791,1023000,우리 Young카드,85.0,서울 서초구,20,간호사,29,여,33.0,2.0,30.0,24.0,11.0
4928,2872697,1184000,우리 Young카드,48.0,대구 수성구,30,마케팅,35,남,2.0,23.0,15.0,26.0,34.0
4929,3328607,902000,우리 Young카드,61.0,서울 마포구,20,기획,20,여,25.0,10.0,39.0,12.0,14.0
4930,2518301,1119000,이마트 KB카드,83.0,경기 수원시,30,생산직,32,여,52.0,22.0,8.0,6.0,12.0
4931,3407126,1841000,IBK 두드림카드,63.0,울산 남구,30,서비스직,30,여,33.0,12.0,2.0,14.0,39.0
4932,1664808,749000,NH 농협카드,54.0,서울 서초구,20,영업,29,여,3.0,20.0,60.0,1.0,16.0
4933,1713393,802000,NH 농협카드,69.0,서울 서초구,30,간호사,33,여,27.0,36.0,18.0,4.0,15.0
4934,1689957,1090000,네이버페이 현대,80.0,서울 마포구,20,마케팅,28,여,49.0,13.0,29.0,7.0,2.0
4935,3832390,1436000,카카오뱅크 체크,76.0,경기 성남시,30,기획,31,남,10.0,39.0,11.0,10.0,30.0
4936,4229271,1640000,NH 농협카드,42.0,서울 노원구,30,디자이너,31,남,2.0,3.0,87.0,7.0,1.0
4937,2452474,1438000,KB 혜담카드,63.0,서울 송파구,30,대학생,32,남,74.0,17.0,8.0,0.0,1.0
4938,2269716,1717000,현대 ZERO카드,56.0,경기 성남시,30,개발자,33,여,3.0,2.0,31.0,40.0,24.0
4939,1665509,1537000,우리 Young카드,47.0,경기 성남시,20,데이터분석가,21,남,22.0,8.0,20.0,21.0,29.0
4940,1344180,2282000,KB 혜담카드,72.0,서울 동작구,20,프리랜서,24,여,16.0,27.0,7.0,27.0,23.0
4941,2609205,986000,우리 Young카드,84.0,서울 성동구,20,간호사,27,남,8.0,17.0,5.0,31.0,39.0
4942,2361510,1314000,우리 Young카드,74.0,울산 남구,20,기획,29,여,8.0,22.0,5.0,26.0,39.0
4943,2255243,782000,IBK 두드림카드,66.0,서울 동작구,20,데이터분석가,29,남,0.0,39.0,11.0,30.0,20.0
4944,1799971,1339000,현대 ZERO카드,73.0,서울 서초구,30,기획,31,여,39.0,22.0,13.0,4.0,22.0
4945,3069978,722000,현대 ZERO카드,64.0,대구 수성구,20,연구원,26,여,31.0,1.0,3.0,61.0,4.0
4946,2647650,1400000,NH 농협카드,78.0,서울 강동구,30,공무원,31,남,1.0,43.0,16.0,40.0,0.0
4947,2516813,1739000,카카오뱅크 체크,65.0,서울 마포구,20,마케팅,24,남,9.0,18.0,47.0,12.0,14.0
4948,1772719,1271000,SSG 랜더스카드,63.0,서울 노원구,30,디자이너,32,여,6.0,13.0,21.0,0.0,60.0
4949,2866632,1207000,네이버페이 현대,53.0,서울 성동구,30,프리랜서,39,남,40.0,15.0,35.0,3.0,7.0
4950,2395687,923000,SSG 랜더스카드,69.0,세종,20,컨설턴트,29,남,50.0,4.0,3.0,10.0,33.0
4951,2663537,1177000,SSG 랜더스카드,48.0,서울 노원구,30,연구원,35,여,3.0,16.0,4.0,24.0,53.0
4952,2327324,864000,우리 Young카드,67.0,서울 노원구,20,공무원,29,여,24.0,45.0,18.0,4.0,9.0
4953,2497261,1224000,토스카드,57.0,대전 유성구,20,간호사,27,여,11.0,4.0,58.0,19.0,8.0
4954,2208635,1301000,우리 Young카드,50.0,경기 성남시,30,간호사,33,남,11.0,34.0,12.0,14.0,29.0
4955,3138160,796000,IBK 두드림카드,58.0,울산 남구,30,대학생,31,남,8.0,46.0,21.0,20.0,5.0
4956,2306878,1198000,이마트 KB카드,84.0,서울 용산구,20,대학생,20,여,27.0,2.0,37.0,19.0,15.0
4957,2365836,881000,토스카드,70.0,대전 유성구,20,생산직,28,여,0.0,14.0,5.0,51.0,30.0
4958,2286172,1731000,롯데 DC카드,72.0,서울 마포구,20,마케팅,27,여,21.0,13.0,39.0,1.0,26.0
4959,1613393,1791000,네이버페이 현대,68.0,서울 마포구,20,연구원,29,남,13.0,13.0,44.0,11.0,19.0
4960,1591100,1736000,우리 Young카드,67.0,서울 마포구,20,마케팅,20,남,3.0,48.0,25.0,16.0,8.0
4961,1450012,920000,현대 ZERO카드,82.0,경기 고양시,30,컨설턴트,37,남,2.0,37.0,4.0,19.0,38.0
4962,2658767,1147000,이마트 KB카드,82.0,세종,20,간호사,20,남,12.0,15.0,10.0,8.0,55.0
4963,3579360,2185000,씨티 Premier카드,67.0,대전 유성구,30,데이터분석가,33,남,11.0,4.0,47.0,14.0,24.0
4964,2671775,2132000,하나 Simple카드,42.0,울산 남구,20,공무원,26,남,2.0,51.0,29.0,13.0,5.0
4965,2653394,1281000,삼성 taptap카드,44.0,경기 수원시,30,영업,32,여,35.0,7.0,6.0,47.0,5.0
4966,1506816,1163000,네이버페이 현대,76.0,서울 마포구,30,프리랜서,32,남,15.0,2.0,10.0,12.0,61.0
4967,1736644,1912000,IBK 두드림카드,69.0,경기 고양시,20,공무원,24,여,51.0,9.0,1.0,34.0,5.0
4968,2585207,937000,신한 Deep카드,66.0,대전 유성구,30,회계,30,여,24.0,10.0,48.0,17.0,1.0
4969,2567759,2003000,우리 Young카드,70.0,서울 강남구,30,서비스직,34,여,22.0,5.0,24.0,49.0,0.0
4970,2138625,1013000,SSG 랜더스카드,65.0,세종,20,마케팅,22,남,82.0,4.0,10.0,2.0,2.0
4971,2434458,514000,하나 Simple카드,63.0,서울 관악구,20,간호사,26,여,19.0,5.0,25.0,0.0,51.0
4972,2505825,1405000,카카오뱅크 체크,72.0,울산 남구,30,디자이너,33,여,40.0,31.0,12.0,14.0,3.0
4973,2560385,667000,우리 Young카드,51.0,세종,30,간호사,34,여,36.0,35.0,17.0,3.0,9.0
4974,1930467,830000,씨티 Premier카드,77.0,서울 강동구,20,간호사,27,여,18.0,25.0,23.0,22.0,12.0
4975,2741005,963000,NH 농협카드,65.0,서울 관악구,20,연구원,25,여,2.0,10.0,54.0,23.0,11.0
4976,2284614,530000,네이버페이 현대,74.0,울산 남구,30,기획,31,여,55.0,4.0,39.0,1.0,1.0
4977,2068545,654000,이마트 KB카드,69.0,서울 노원구,30,영업,34,남,15.0,44.0,18.0,10.0,13.0
4978,2114500,1776000,카카오뱅크 체크,65.0,대구 수성구,30,생산직,39,여,11.0,33.0,2.0,13.0,41.0
4979,2075766,674000,현대 ZERO카드,55.0,서울 관악구,20,간호사,20,남,49.0,6.0,13.0,21.0,11.0
4980,2747001,1859000,카카오뱅크 체크,56.0,서울 강남구,20,공무원,25,여,1.0,14.0,13.0,60.0,12.0
4981,2228866,809000,현대 ZERO카드,71.0,경기 수원시,20,연구원,23,남,34.0,12.0,20.0,11.0,23.0
4982,2869696,1456000,신한 Deep카드,85.0,서울 용산구,30,공무원,36,남,10.0,4.0,20.0,8.0,58.0
4983,1875668,1411000,네이버페이 현대,55.0,서울 성동구,30,프리랜서,31,여,30.0,33.0,22.0,1.0,14.0
4984,2642741,1387000,하나 Simple카드,84.0,부산 해운대구,20,컨설턴트,29,여,7.0,2.0,13.0,30.0,48.0
4985,2543633,760000,토스카드,63.0,서울 성동구,30,영업,35,남,10.0,24.0,9.0,50.0,7.0
4986,2199986,643000,카카오뱅크 체크,57.0,서울 관악구,20,간호사,22,남,14.0,12.0,21.0,5.0,48.0
4987,2990091,1275000,토스카드,45.0,대전 유성구,20,컨설턴트,27,여,26.0,44.0,10.0,9.0,11.0
4988,2504381,2152000,NH 농협카드,73.0,서울 서초구,20,영업,26,남,48.0,41.0,2.0,5.0,4.0
4989,1685872,825000,SSG 랜더스카드,74.0,경기 성남시,30,데이터분석가,31,여,18.0,23.0,23.0,29.0,7.0
4990,1365244,727000,하나 Simple카드,57.0,서울 마포구,20,연구원,24,남,17.0,42.0,13.0,28.0,0.0
4991,2217844,1764000,하나 Simple카드,79.0,울산 남구,20,생산직,23,여,57.0,9.0,4.0,16.0,14.0
4992,1893629,1159000,롯데 DC카드,79.0,서울 서초구,30,대학생,34,여,46.0,8.0,37.0,3.0,6.0
4993,2574273,2031000,IBK 두드림카드,77.0,대전 유성구,20,서비스직,29,남,3.0,56.0,20.0,16.0,5.0
4994,2271131,1275000,토스카드,45.0,대전 유성구,20,컨설턴트,27,남,26.0,44.0,10.0,9.0,11.0
4995,3115769,1139000,삼성 taptap카드,84.0,서울 동작구,30,공무원,34,남,57.0,18.0,16.0,3.0,6.0
4996,2146628,1898000,토스카드,84.0,광주 서구,30,간호사,31,여,4.0,26.0,18.0,11.0,41.0
4997,3120691,1936000,NH 농협카드,42.0,부산 해운대구,20,개발자,23,여,11.0,2.0,11.0,60.0,16.0
4998,3671296,1149000,우리 Young카드,52.0,서울 강동구,20,대학생,29,여,53.0,2.0,13.0,2.0,30.0
4999,2110707,1665000,NH 농협카드,67.0,부산 해운대구,20,생산직,27,남,9.0,29.0,34.0,20.0,8.0
5000,2426519,1768000,KB 혜담카드,55.0,세종,20,개발자,26,남,6.0,37.0,48.0,6.0,3.0
5001,3068192,979000,이마트 KB카드,42.0,울산 남구,30,서비스직,35,남,18.0,7.0,1.0,16.0,58.0
5002,2120156,1242000,현대 ZERO카드,50.0,서울 동작구,20,회계,25,남,4.0,18.0,62.0,11.0,5.0
5003,2083964,1383000,현대 ZERO카드,51.0,울산 남구,30,공무원,32,여,45.0,6.0,8.0,10.0,31.0
5004,1707516,1427000,하나 Simple카드,53.0,대전 유성구,20,생산직,22,여,22.0,21.0,30.0,18.0,9.0
5005,1682201,1435000,현대 ZERO카드,76.0,세종,20,디자이너,24,여,4.0,21.0,0.0,50.0,25.0
5006,3283668,1144000,네이버페이 현대,46.0,울산 남구,30,디자이너,38,남,8.0,5.0,27.0,26.0,34.0
5007,2240162,699000,롯데 DC카드,71.0,부산 해운대구,30,마케팅,34,여,2.0,12.0,23.0,27.0,36.0
5008,1000000,1380000,삼성 taptap카드,44.0,경기 수원시,20,기획,29,여,33.0,10.0,6.0,2.0,49.0
5009,2472429,889000,씨티 Premier카드,54.0,경기 고양시,20,회계,28,여,38.0,2.0,22.0,12.0,26.0
5010,2480869,698000,네이버페이 현대,72.0,서울 강동구,30,영업,39,여,34.0,10.0,20.0,28.0,8.0
5011,2923336,1003000,삼성 taptap카드,74.0,서울 용산구,20,영업,29,남,13.0,24.0,1.0,26.0,36.0
5012,2436561,1186000,우리 Young카드,77.0,서울 노원구,20,연구원,20,남,8.0,5.0,8.0,43.0,36.0
5013,1510663,988000,우리 Young카드,47.0,경기 수원시,20,마케팅,29,여,20.0,24.0,19.0,16.0,21.0
5014,1135161,1418000,롯데 DC카드,59.0,서울 마포구,20,개발자,29,남,14.0,14.0,4.0,63.0,5.0
5015,2496369,2305000,KB 혜담카드,65.0,경기 수원시,30,기획,36,남,7.0,47.0,9.0,18.0,19.0
5016,1937446,702000,IBK 두드림카드,40.0,세종,20,데이터분석가,27,여,16.0,13.0,40.0,13.0,18.0
5017,2971579,1012000,NH 농협카드,73.0,광주 서구,30,서비스직,38,여,9.0,4.0,12.0,33.0,42.0
5018,2245564,1073000,신한 Deep카드,81.0,서울 성동구,20,컨설턴트,29,여,17.0,31.0,9.0,31.0,12.0
5019,3793581,1417000,토스카드,76.0,서울 용산구,30,마케팅,31,남,15.0,6.0,66.0,11.0,2.0
5020,1587583,1046000,네이버페이 현대,45.0,서울 노원구,20,대학생,28,남,30.0,37.0,22.0,5.0,6.0
5021,2732632,1158000,네이버페이 현대,48.0,서울 동작구,20,개발자,22,여,10.0,8.0,13.0,21.0,48.0
5022,2610494,662000,이마트 KB카드,84.0,울산 남구,20,마케팅,21,여,0.0,27.0,3.0,41.0,29.0
5023,1240882,1883000,우리 Young카드,82.0,경기 수원시,20,대학생,20,여,34.0,2.0,20.0,21.0,23.0
5024,3161308,1690000,신한 Deep카드,69.0,부산 해운대구,30,회계,30,여,17.0,13.0,45.0,17.0,8.0
5025,2296729,580000,카카오뱅크 체크,51.0,광주 서구,20,프리랜서,24,여,0.0,5.0,29.0,22.0,44.0
5026,2446022,1071000,삼성 taptap카드,76.0,경기 성남시,20,프리랜서,23,여,8.0,46.0,9.0,8.0,29.0
5027,2394572,742000,현대 ZERO카드,56.0,세종,30,컨설턴트,37,남,7.0,47.0,26.0,16.0,4.0
5028,3137623,1793000,SSG 랜더스카드,51.0,서울 강동구,30,디자이너,37,여,28.0,1.0,20.0,16.0,35.0
5029,1657073,645000,이마트 KB카드,65.0,대전 유성구,20,기획,20,여,17.0,1.0,2.0,11.0,69.0
5030,2916046,1031000,네이버페이 현대,68.0,부산 해운대구,30,데이터분석가,34,여,18.0,37.0,10.0,9.0,26.0
5031,2660303,1850000,네이버페이 현대,58.0,세종,20,연구원,27,남,17.0,1.0,2.0,41.0,39.0
5032,2012916,1531000,신한 Deep카드,75.0,세종,30,대학생,30,여,15.0,13.0,49.0,12.0,11.0
5033,3241686,1389000,하나 Simple카드,75.0,부산 해운대구,20,컨설턴트,21,남,6.0,35.0,17.0,19.0,23.0
5034,2615764,769000,현대 ZERO카드,53.0,인천 남동구,30,기획,33,여,36.0,14.0,45.0,4.0,1.0
5035,2576946,1638000,SSG 랜더스카드,74.0,서울 용산구,20,연구원,25,남,19.0,13.0,43.0,21.0,4.0
5036,1736439,856000,롯데 DC카드,76.0,부산 해운대구,30,회계,31,여,19.0,3.0,17.0,49.0,12.0
5037,4482411,1891000,카카오뱅크 체크,50.0,서울 성동구,30,데이터분석가,30,남,25.0,15.0,30.0,17.0,13.0
5038,2142810,1228000,삼성 taptap카드,60.0,서울 성동구,30,데이터분석가,37,남,33.0,1.0,2.0,34.0,30.0
5039,2762443,786000,하나 Simple카드,55.0,서울 강남구,20,개발자,29,남,14.0,49.0,11.0,2.0,24.0
5040,1752614,838000,토스카드,40.0,서울 관악구,20,간호사,24,여,17.0,34.0,8.0,6.0,35.0
5041,2566707,1953000,씨티 Premier카드,71.0,세종,30,생산직,31,남,46.0,26.0,9.0,15.0,4.0
5042,2644377,1060000,IBK 두드림카드,73.0,광주 서구,20,개발자,27,남,24.0,1.0,63.0,3.0,9.0
5043,2763776,1200000,IBK 두드림카드,67.0,서울 마포구,20,마케팅,28,여,40.0,13.0,26.0,21.0,0.0
5044,2110101,1696000,KB 혜담카드,78.0,광주 서구,30,간호사,30,남,17.0,30.0,45.0,7.0,1.0
5045,2795236,1207000,KB 혜담카드,60.0,서울 노원구,20,데이터분석가,24,여,9.0,49.0,10.0,8.0,24.0
5046,2772490,2421000,KB 혜담카드,63.0,서울 마포구,20,컨설턴트,28,여,12.0,14.0,34.0,38.0,2.0
5047,2031023,1335000,네이버페이 현대,47.0,울산 남구,30,간호사,37,여,4.0,17.0,37.0,18.0,24.0
5048,4119053,1312000,카카오뱅크 체크,73.0,서울 마포구,30,대학생,33,남,54.0,2.0,13.0,13.0,18.0
5049,1521571,1227000,KB 혜담카드,72.0,서울 성동구,20,디자이너,28,여,28.0,23.0,24.0,21.0,4.0
5050,1937613,1141000,하나 Simple카드,48.0,서울 마포구,20,회계,25,남,40.0,27.0,22.0,5.0,6.0
5051,3335301,833000,씨티 Premier카드,55.0,부산 해운대구,30,회계,30,남,21.0,2.0,41.0,4.0,32.0
5052,2402503,1176000,이마트 KB카드,61.0,서울 강동구,30,개발자,32,남,15.0,52.0,31.0,2.0,0.0
5053,2631909,1041000,신한 Deep카드,54.0,부산 해운대구,30,프리랜서,39,여,40.0,3.0,4.0,33.0,20.0
5054,3168753,858000,삼성 taptap카드,76.0,서울 노원구,30,생산직,34,남,18.0,35.0,12.0,21.0,14.0
5055,2156462,890000,신한 Deep카드,69.0,광주 서구,20,기획,26,여,21.0,13.0,50.0,1.0,15.0
5056,2666200,827000,카카오뱅크 체크,82.0,서울 용산구,20,마케팅,20,여,46.0,16.0,2.0,4.0,32.0
5057,2840147,1656000,신한 Deep카드,44.0,경기 수원시,30,프리랜서,31,남,26.0,35.0,1.0,1.0,37.0
5058,2365770,1045000,하나 Simple카드,85.0,부산 해운대구,20,개발자,24,남,10.0,34.0,12.0,11.0,33.0
5059,2823235,1227000,KB 혜담카드,55.0,서울 성동구,20,컨설턴트,25,여,2.0,10.0,58.0,8.0,22.0
5060,2645343,1497000,네이버페이 현대,54.0,인천 남동구,20,생산직,24,여,36.0,13.0,16.0,6.0,29.0
5061,2893008,1032000,NH 농협카드,67.0,서울 용산구,30,디자이너,35,여,4.0,8.0,57.0,26.0,5.0
5062,2195574,2798000,현대 ZERO카드,51.0,세종,30,연구원,31,남,23.0,71.0,2.0,1.0,3.0
5063,3367354,1343000,카카오뱅크 체크,42.0,경기 고양시,30,공무원,32,남,33.0,46.0,0.0,6.0,15.0
5064,1810750,1149000,우리 Young카드,52.0,서울 강동구,20,대학생,29,남,53.0,2.0,13.0,2.0,30.0
5065,1609292,2242000,롯데 DC카드,49.0,부산 해운대구,20,기획,26,남,16.0,0.0,6.0,11.0,67.0
5066,2949805,1106000,카카오뱅크 체크,60.0,서울 송파구,30,디자이너,30,남,57.0,27.0,4.0,8.0,4.0
5067,1797852,1232000,신한 Deep카드,50.0,세종,20,회계,22,여,22.0,20.0,1.0,5.0,52.0
5068,2645308,1863000,NH 농협카드,45.0,인천 남동구,20,서비스직,29,남,23.0,39.0,8.0,24.0,6.0
5069,3570174,1032000,KB 혜담카드,43.0,울산 남구,30,프리랜서,39,남,15.0,1.0,52.0,13.0,19.0
5070,1548686,1219000,씨티 Premier카드,62.0,경기 고양시,30,연구원,30,여,48.0,6.0,17.0,2.0,27.0
5071,1835848,1130000,신한 Deep카드,52.0,경기 고양시,20,마케팅,23,여,17.0,11.0,8.0,49.0,15.0
5072,1978149,891000,롯데 DC카드,49.0,서울 노원구,30,공무원,32,남,75.0,2.0,23.0,0.0,0.0
5073,2018685,722000,NH 농협카드,80.0,인천 남동구,20,데이터분석가,25,여,14.0,4.0,27.0,21.0,34.0
5074,2477587,1456000,이마트 KB카드,53.0,경기 성남시,20,공무원,23,남,20.0,21.0,37.0,19.0,3.0
5075,2128855,1109000,신한 Deep카드,67.0,경기 성남시,20,기획,27,남,3.0,4.0,44.0,29.0,20.0
5076,2587168,1035000,롯데 DC카드,44.0,서울 송파구,30,데이터분석가,30,남,10.0,44.0,10.0,27.0,9.0
5077,2900088,664000,우리 Young카드,59.0,세종,20,컨설턴트,20,여,51.0,3.0,2.0,37.0,7.0
5078,1097571,1245000,롯데 DC카드,41.0,서울 서초구,20,기획,25,남,0.0,51.0,26.0,17.0,6.0
5079,3865810,1873000,우리 Young카드,63.0,인천 남동구,30,대학생,37,남,29.0,4.0,26.0,41.0,0.0
5080,2618998,1748000,씨티 Premier카드,54.0,부산 해운대구,30,서비스직,31,남,5.0,22.0,9.0,26.0,38.0
5081,2210945,994000,하나 Simple카드,61.0,서울 노원구,20,대학생,29,여,4.0,12.0,22.0,29.0,33.0
5082,1986318,1500000,삼성 taptap카드,68.0,경기 고양시,20,디자이너,29,남,16.0,40.0,7.0,7.0,30.0
5083,4080021,528000,카카오뱅크 체크,81.0,인천 남동구,30,프리랜서,32,남,20.0,33.0,15.0,30.0,2.0
5084,2138315,1059000,하나 Simple카드,42.0,서울 용산구,30,서비스직,34,남,4.0,19.0,38.0,26.0,13.0
5085,3008215,1731000,네이버페이 현대,53.0,세종,30,간호사,31,남,24.0,19.0,46.0,5.0,6.0
5086,2763719,818000,이마트 KB카드,80.0,부산 해운대구,30,영업,39,여,34.0,13.0,18.0,1.0,34.0
5087,1694498,1615000,하나 Simple카드,42.0,서울 노원구,30,디자이너,31,여,4.0,15.0,58.0,15.0,8.0
5088,2356071,1179000,네이버페이 현대,40.0,경기 성남시,30,개발자,32,남,9.0,4.0,49.0,32.0,6.0
5089,2175910,1216000,KB 혜담카드,76.0,광주 서구,20,회계,23,남,32.0,29.0,4.0,21.0,14.0
5090,2379334,1386000,KB 혜담카드,67.0,서울 서초구,30,마케팅,36,남,27.0,13.0,16.0,9.0,35.0
5091,2429085,1416000,SSG 랜더스카드,80.0,서울 동작구,30,기획,34,남,2.0,44.0,20.0,31.0,3.0
5092,2755096,966000,신한 Deep카드,61.0,울산 남구,30,영업,31,남,10.0,6.0,12.0,32.0,40.0
5093,2574790,887000,현대 ZERO카드,60.0,서울 강남구,20,생산직,23,여,5.0,34.0,19.0,32.0,10.0
5094,2328641,1515000,현대 ZERO카드,56.0,대전 유성구,30,간호사,36,여,14.0,51.0,21.0,2.0,12.0
5095,3039213,1212000,하나 Simple카드,59.0,대전 유성구,30,연구원,37,여,14.0,35.0,13.0,22.0,16.0
5096,2001121,1443000,이마트 KB카드,80.0,부산 해운대구,30,마케팅,30,여,14.0,4.0,23.0,41.0,18.0
5097,1624038,1478000,신한 Deep카드,60.0,서울 관악구,20,서비스직,27,여,10.0,36.0,10.0,18.0,26.0
5098,3213172,671000,SSG 랜더스카드,51.0,서울 노원구,20,공무원,20,여,2.0,35.0,23.0,24.0,16.0
5099,2539429,2492000,NH 농협카드,76.0,대구 수성구,30,서비스직,30,남,18.0,22.0,46.0,13.0,1.0
5100,1844543,1659000,토스카드,63.0,세종,30,데이터분석가,33,여,15.0,24.0,28.0,17.0,16.0
5101,1780562,1530000,삼성 taptap카드,42.0,서울 서초구,30,마케팅,30,남,26.0,0.0,3.0,21.0,50.0
5102,3752572,1542000,우리 Young카드,71.0,서울 마포구,30,컨설턴트,35,남,13.0,9.0,5.0,19.0,54.0
5103,2329347,1177000,SSG 랜더스카드,55.0,서울 노원구,30,마케팅,30,여,19.0,25.0,34.0,5.0,17.0
5104,2822403,1455000,NH 농협카드,84.0,울산 남구,30,공무원,30,남,42.0,6.0,2.0,21.0,29.0
5105,2888558,1726000,IBK 두드림카드,72.0,서울 관악구,30,영업,30,남,17.0,37.0,29.0,11.0,6.0
5106,2756471,1094000,이마트 KB카드,43.0,세종,20,마케팅,28,여,11.0,37.0,28.0,19.0,5.0
5107,2160235,1845000,우리 Young카드,79.0,대구 수성구,20,디자이너,25,남,24.0,1.0,34.0,4.0,37.0
5108,4640837,1103000,KB 혜담카드,65.0,대전 유성구,30,생산직,36,남,60.0,14.0,15.0,5.0,6.0
5109,2566880,797000,하나 Simple카드,68.0,경기 수원시,30,생산직,30,여,8.0,25.0,42.0,12.0,13.0
5110,3030892,1260000,IBK 두드림카드,65.0,서울 마포구,30,개발자,31,여,26.0,31.0,3.0,7.0,33.0
5111,2652619,1158000,SSG 랜더스카드,65.0,세종,20,데이터분석가,26,여,48.0,20.0,25.0,2.0,5.0
5112,2974486,1218000,씨티 Premier카드,65.0,경기 수원시,30,간호사,38,남,3.0,7.0,30.0,4.0,56.0
5113,2589120,1275000,IBK 두드림카드,51.0,서울 용산구,30,공무원,32,남,13.0,12.0,2.0,32.0,41.0
5114,2415981,2015000,신한 Deep카드,40.0,대구 수성구,20,공무원,24,여,5.0,7.0,14.0,60.0,14.0
5115,2755049,1861000,우리 Young카드,51.0,대전 유성구,30,생산직,30,여,21.0,46.0,31.0,2.0,0.0
5116,1963706,1275000,토스카드,45.0,대전 유성구,20,컨설턴트,27,여,26.0,44.0,10.0,9.0,11.0
5117,3116437,1572000,하나 Simple카드,45.0,경기 성남시,30,생산직,33,남,0.0,12.0,56.0,15.0,17.0
5118,3865343,1065000,현대 ZERO카드,74.0,울산 남구,30,대학생,35,남,35.0,30.0,21.0,8.0,6.0
5119,3284973,803000,KB 혜담카드,85.0,서울 마포구,20,생산직,25,여,3.0,32.0,28.0,13.0,24.0
5120,3598058,1073000,신한 Deep카드,82.0,울산 남구,30,영업,39,남,33.0,40.0,8.0,13.0,6.0
5121,3431379,610000,우리 Young카드,59.0,서울 동작구,30,서비스직,33,여,17.0,27.0,20.0,5.0,31.0
5122,2559438,1228000,카카오뱅크 체크,71.0,인천 남동구,30,개발자,32,남,31.0,2.0,32.0,25.0,10.0
5123,2850941,1569000,하나 Simple카드,59.0,인천 남동구,30,회계,33,여,27.0,3.0,8.0,13.0,49.0
5124,2919259,1387000,카카오뱅크 체크,79.0,서울 용산구,20,회계,20,여,48.0,20.0,6.0,8.0,18.0
5125,2051833,1792000,SSG 랜더스카드,54.0,경기 고양시,30,간호사,32,여,21.0,5.0,20.0,7.0,47.0
5126,2007204,1774000,하나 Simple카드,50.0,서울 용산구,20,마케팅,29,남,12.0,2.0,1.0,40.0,45.0
5127,3368952,1162000,현대 ZERO카드,69.0,서울 강동구,30,데이터분석가,34,여,26.0,35.0,6.0,2.0,31.0
5128,2012450,1734000,토스카드,55.0,부산 해운대구,30,컨설턴트,39,여,52.0,0.0,2.0,31.0,15.0
5129,2061208,1576000,우리 Young카드,40.0,서울 마포구,30,대학생,33,남,55.0,8.0,22.0,15.0,0.0
5130,3013990,1389000,IBK 두드림카드,54.0,세종,20,간호사,27,여,1.0,30.0,5.0,57.0,7.0
5131,2848381,1013000,KB 혜담카드,67.0,서울 성동구,20,디자이너,25,여,57.0,0.0,9.0,1.0,33.0
5132,2466060,771000,IBK 두드림카드,54.0,대전 유성구,20,데이터분석가,25,여,15.0,10.0,6.0,59.0,10.0
5133,2477144,966000,SSG 랜더스카드,73.0,부산 해운대구,30,데이터분석가,39,여,3.0,60.0,10.0,1.0,26.0
5134,2030737,1025000,삼성 taptap카드,66.0,서울 관악구,20,데이터분석가,27,남,1.0,5.0,29.0,21.0,44.0
5135,3197364,1875000,토스카드,43.0,경기 성남시,30,대학생,38,남,1.0,2.0,88.0,2.0,7.0
5136,3039903,1044000,네이버페이 현대,58.0,대구 수성구,20,컨설턴트,29,남,1.0,3.0,23.0,9.0,64.0
5137,2369283,1084000,NH 농협카드,58.0,서울 관악구,20,연구원,28,여,40.0,8.0,39.0,9.0,4.0
5138,3583479,1884000,우리 Young카드,57.0,서울 송파구,30,서비스직,39,여,4.0,12.0,29.0,15.0,40.0
5139,2051029,1131000,롯데 DC카드,45.0,경기 성남시,30,컨설턴트,35,여,12.0,3.0,59.0,8.0,18.0
5140,2240159,1138000,카카오뱅크 체크,46.0,서울 강남구,20,서비스직,25,남,4.0,15.0,8.0,44.0,29.0
5141,2738858,1305000,카카오뱅크 체크,66.0,서울 관악구,30,생산직,33,남,9.0,20.0,23.0,0.0,48.0
5142,1957429,1801000,우리 Young카드,75.0,경기 고양시,30,대학생,30,여,1.0,19.0,35.0,4.0,41.0
5143,2173458,1194000,현대 ZERO카드,60.0,대전 유성구,20,디자이너,28,남,11.0,23.0,40.0,19.0,7.0
5144,3292130,1719000,KB 혜담카드,83.0,세종,30,회계,34,남,2.0,3.0,20.0,37.0,38.0
5145,2512115,1311000,신한 Deep카드,61.0,서울 강남구,20,기획,27,여,0.0,12.0,16.0,16.0,56.0
5146,3335226,1088000,하나 Simple카드,45.0,서울 마포구,20,기획,27,남,16.0,1.0,50.0,3.0,30.0
5147,3325127,1367000,IBK 두드림카드,41.0,울산 남구,30,프리랜서,34,남,40.0,34.0,2.0,14.0,10.0
5148,2825068,1276000,씨티 Premier카드,42.0,서울 노원구,20,디자이너,23,남,40.0,13.0,23.0,20.0,4.0
5149,2283047,1636000,NH 농협카드,73.0,서울 관악구,20,개발자,24,남,25.0,32.0,2.0,16.0,25.0
5150,3089027,960000,카카오뱅크 체크,50.0,경기 고양시,20,디자이너,20,여,2.0,25.0,13.0,51.0,9.0
5151,4678914,1388000,삼성 taptap카드,54.0,경기 수원시,30,기획,31,남,44.0,5.0,9.0,13.0,29.0
5152,3371759,1225000,신한 Deep카드,79.0,서울 관악구,30,디자이너,37,남,20.0,6.0,8.0,61.0,5.0
5153,2305138,1383000,NH 농협카드,46.0,서울 강동구,30,대학생,31,남,7.0,8.0,18.0,58.0,9.0
5154,2225597,1436000,NH 농협카드,40.0,부산 해운대구,30,기획,33,여,29.0,6.0,7.0,52.0,6.0
5155,3197354,2078000,현대 ZERO카드,51.0,서울 마포구,30,대학생,39,남,45.0,9.0,10.0,23.0,13.0
5156,2478249,822000,네이버페이 현대,71.0,경기 성남시,20,프리랜서,29,여,27.0,40.0,2.0,4.0,27.0
5157,2599212,997000,토스카드,57.0,경기 성남시,20,서비스직,29,남,24.0,55.0,4.0,11.0,6.0
5158,3322138,1203000,NH 농협카드,83.0,서울 성동구,30,대학생,34,남,7.0,34.0,20.0,14.0,25.0
5159,3004889,1140000,우리 Young카드,65.0,경기 성남시,30,공무원,34,남,10.0,23.0,11.0,42.0,14.0
5160,2181900,754000,카카오뱅크 체크,64.0,서울 성동구,30,컨설턴트,33,여,62.0,12.0,6.0,17.0,3.0
5161,2700569,1185000,토스카드,51.0,대구 수성구,30,프리랜서,34,여,48.0,15.0,3.0,26.0,8.0
5162,4298491,988000,우리 Young카드,41.0,광주 서구,30,프리랜서,37,남,22.0,27.0,37.0,5.0,9.0
5163,2759964,1151000,현대 ZERO카드,62.0,경기 수원시,20,서비스직,24,여,15.0,25.0,9.0,16.0,35.0
5164,2767351,1020000,신한 Deep카드,83.0,서울 송파구,30,간호사,35,여,59.0,10.0,8.0,22.0,1.0
5165,3720696,1091000,KB 혜담카드,53.0,울산 남구,30,마케팅,32,남,0.0,22.0,64.0,7.0,7.0
5166,2064467,1396000,삼성 taptap카드,75.0,경기 고양시,20,생산직,26,여,9.0,21.0,14.0,38.0,18.0
5167,2644214,1762000,SSG 랜더스카드,52.0,경기 성남시,30,연구원,34,남,33.0,2.0,10.0,34.0,21.0
5168,1876107,1429000,신한 Deep카드,82.0,서울 용산구,20,개발자,26,여,42.0,7.0,16.0,32.0,3.0
5169,2187356,1805000,롯데 DC카드,80.0,경기 수원시,20,개발자,26,여,7.0,5.0,34.0,51.0,3.0
5170,2038997,1209000,롯데 DC카드,42.0,서울 동작구,20,공무원,25,여,28.0,5.0,24.0,20.0,23.0
5171,2854137,1522000,롯데 DC카드,65.0,서울 마포구,20,공무원,23,여,21.0,0.0,65.0,5.0,9.0
5172,2667273,937000,신한 Deep카드,66.0,대전 유성구,30,회계,30,남,24.0,10.0,48.0,17.0,1.0
5173,1848639,633000,KB 혜담카드,65.0,서울 노원구,20,기획,21,여,28.0,24.0,5.0,35.0,8.0
5174,3221288,1597000,이마트 KB카드,65.0,서울 강남구,20,생산직,27,남,8.0,9.0,13.0,43.0,27.0
5175,2024312,817000,카카오뱅크 체크,79.0,인천 남동구,20,프리랜서,28,남,1.0,31.0,19.0,3.0,46.0
5176,2326764,1262000,롯데 DC카드,73.0,광주 서구,20,연구원,25,여,43.0,28.0,6.0,5.0,18.0
5177,2725661,846000,우리 Young카드,54.0,서울 관악구,30,컨설턴트,33,여,9.0,40.0,10.0,36.0,5.0
5178,1931653,1915000,네이버페이 현대,46.0,경기 성남시,30,데이터분석가,31,여,24.0,64.0,5.0,3.0,4.0
5179,3864838,1127000,삼성 taptap카드,62.0,서울 용산구,30,간호사,37,남,3.0,15.0,49.0,30.0,3.0
5180,2568559,1532000,하나 Simple카드,46.0,서울 노원구,20,영업,26,여,50.0,24.0,1.0,8.0,17.0
5181,3029192,840000,SSG 랜더스카드,72.0,서울 마포구,20,대학생,28,여,53.0,1.0,5.0,7.0,34.0
5182,1910389,1134000,우리 Young카드,59.0,서울 마포구,20,대학생,21,남,5.0,37.0,41.0,10.0,7.0
5183,2299562,1744000,씨티 Premier카드,56.0,서울 용산구,20,기획,21,남,21.0,19.0,26.0,9.0,25.0
5184,3027549,1992000,씨티 Premier카드,83.0,경기 고양시,30,회계,34,남,0.0,4.0,4.0,89.0,3.0
5185,2381944,1235000,우리 Young카드,63.0,울산 남구,20,디자이너,28,남,78.0,0.0,7.0,5.0,10.0
5186,1772692,864000,카카오뱅크 체크,56.0,울산 남구,30,공무원,37,여,23.0,17.0,2.0,45.0,13.0
5187,2555418,1191000,이마트 KB카드,81.0,경기 수원시,30,개발자,31,여,25.0,2.0,35.0,17.0,21.0
5188,1536768,1122000,KB 혜담카드,59.0,서울 용산구,20,연구원,28,여,1.0,38.0,41.0,13.0,7.0
5189,2429167,1731000,NH 농협카드,50.0,부산 해운대구,20,연구원,28,여,29.0,12.0,31.0,6.0,22.0
5190,1509945,638000,토스카드,44.0,대전 유성구,30,마케팅,31,남,7.0,41.0,23.0,23.0,6.0
5191,1324206,1394000,KB 혜담카드,52.0,광주 서구,20,대학생,25,여,30.0,40.0,7.0,11.0,12.0
5192,3572984,1036000,우리 Young카드,59.0,경기 성남시,30,공무원,34,남,1.0,71.0,5.0,19.0,4.0
5193,2226580,818000,SSG 랜더스카드,61.0,서울 마포구,30,생산직,39,여,14.0,27.0,11.0,48.0,0.0
5194,1756070,1526000,하나 Simple카드,71.0,서울 관악구,20,회계,27,남,1.0,3.0,54.0,0.0,42.0
5195,3135422,1064000,토스카드,54.0,울산 남구,30,대학생,33,여,5.0,20.0,50.0,7.0,18.0
5196,2413813,1822000,우리 Young카드,73.0,경기 고양시,20,컨설턴트,25,남,26.0,11.0,7.0,40.0,16.0
5197,3610463,1616000,SSG 랜더스카드,61.0,서울 관악구,30,연구원,39,남,3.0,33.0,27.0,18.0,19.0
5198,2166878,1698000,NH 농협카드,73.0,울산 남구,20,회계,28,여,36.0,46.0,9.0,7.0,2.0
5199,4875740,1832000,네이버페이 현대,52.0,부산 해운대구,30,데이터분석가,30,남,23.0,0.0,28.0,3.0,46.0
5200,1947743,873000,신한 Deep카드,74.0,서울 마포구,20,데이터분석가,27,여,9.0,26.0,12.0,27.0,26.0
5201,4221146,1225000,롯데 DC카드,52.0,서울 강동구,30,공무원,33,남,60.0,9.0,13.0,13.0,5.0
5202,2219316,1229000,이마트 KB카드,56.0,서울 용산구,20,대학생,27,여,31.0,3.0,25.0,31.0,10.0
5203,1841842,1256000,씨티 Premier카드,54.0,울산 남구,30,공무원,36,남,26.0,17.0,45.0,11.0,1.0
5204,3337994,1324000,신한 Deep카드,74.0,서울 마포구,30,연구원,34,남,10.0,38.0,29.0,20.0,3.0
5205,2407381,2356000,이마트 KB카드,77.0,서울 관악구,20,서비스직,28,남,5.0,4.0,6.0,30.0,55.0
5206,2264074,1613000,카카오뱅크 체크,78.0,광주 서구,30,프리랜서,33,남,27.0,23.0,26.0,20.0,4.0
5207,1788890,1436000,KB 혜담카드,60.0,대구 수성구,20,간호사,20,남,28.0,14.0,6.0,37.0,15.0
5208,2237651,1520000,토스카드,67.0,서울 마포구,20,마케팅,22,남,35.0,10.0,28.0,4.0,23.0
5209,2424873,1929000,NH 농협카드,62.0,울산 남구,20,마케팅,26,남,29.0,5.0,11.0,33.0,22.0
5210,1014668,520000,신한 Deep카드,75.0,경기 고양시,20,컨설턴트,21,남,10.0,3.0,86.0,1.0,0.0
5211,2776560,1145000,KB 혜담카드,77.0,경기 성남시,20,연구원,26,여,43.0,20.0,6.0,18.0,13.0
5212,2002751,1251000,우리 Young카드,57.0,광주 서구,20,생산직,28,여,2.0,7.0,17.0,41.0,33.0
5213,2067776,2061000,IBK 두드림카드,61.0,서울 노원구,30,컨설턴트,33,남,9.0,18.0,31.0,35.0,7.0
5214,2970533,925000,하나 Simple카드,50.0,서울 성동구,30,회계,39,여,6.0,15.0,3.0,28.0,48.0
5215,2238191,1091000,롯데 DC카드,63.0,대구 수성구,20,연구원,25,여,13.0,28.0,28.0,8.0,23.0
5216,2858082,769000,NH 농협카드,84.0,경기 고양시,20,대학생,26,남,47.0,11.0,29.0,12.0,1.0
5217,2718976,751000,삼성 taptap카드,55.0,세종,30,간호사,32,여,6.0,6.0,13.0,2.0,73.0
5218,2249242,2772000,신한 Deep카드,47.0,경기 고양시,20,마케팅,22,남,8.0,49.0,2.0,28.0,13.0
5219,2173635,1394000,KB 혜담카드,52.0,광주 서구,20,대학생,25,여,30.0,40.0,7.0,11.0,12.0
5220,2491356,1399000,삼성 taptap카드,40.0,울산 남구,20,기획,25,남,12.0,11.0,9.0,34.0,34.0
5221,2043234,1179000,우리 Young카드,44.0,경기 성남시,20,간호사,25,여,36.0,16.0,12.0,35.0,1.0
5222,1823713,1595000,롯데 DC카드,75.0,울산 남구,20,서비스직,26,여,75.0,5.0,5.0,4.0,11.0
5223,2554954,1238000,카카오뱅크 체크,77.0,서울 마포구,20,데이터분석가,27,남,9.0,1.0,74.0,3.0,13.0
5224,2898858,1574000,네이버페이 현대,49.0,서울 강동구,30,기획,31,남,1.0,17.0,3.0,42.0,37.0
5225,2266783,747000,우리 Young카드,51.0,서울 송파구,20,연구원,22,여,14.0,14.0,60.0,7.0,5.0
5226,2794689,1088000,롯데 DC카드,63.0,세종,20,프리랜서,27,남,11.0,18.0,8.0,35.0,28.0
5227,2443061,1785000,KB 혜담카드,41.0,서울 관악구,30,대학생,38,여,18.0,15.0,19.0,8.0,40.0
5228,2507516,2019000,하나 Simple카드,65.0,부산 해운대구,30,마케팅,31,여,0.0,35.0,6.0,11.0,48.0
5229,2200175,884000,우리 Young카드,73.0,세종,30,프리랜서,32,여,25.0,21.0,34.0,15.0,5.0
5230,2465369,1284000,씨티 Premier카드,77.0,부산 해운대구,20,생산직,28,여,2.0,11.0,61.0,9.0,17.0
5231,2674913,1292000,카카오뱅크 체크,70.0,서울 동작구,30,회계,34,여,39.0,9.0,1.0,50.0,1.0
5232,2700387,948000,우리 Young카드,42.0,인천 남동구,20,개발자,22,여,9.0,11.0,29.0,32.0,19.0
5233,1960435,1024000,롯데 DC카드,47.0,부산 해운대구,20,프리랜서,27,남,9.0,22.0,2.0,49.0,18.0
5234,2679528,1392000,네이버페이 현대,84.0,경기 수원시,30,회계,34,남,14.0,5.0,5.0,35.0,41.0
5235,3554496,1674000,롯데 DC카드,71.0,서울 서초구,30,프리랜서,30,남,19.0,43.0,1.0,35.0,2.0
5236,2376106,935000,NH 농협카드,73.0,서울 송파구,20,서비스직,26,여,3.0,16.0,18.0,19.0,44.0
5237,2046890,1578000,카카오뱅크 체크,57.0,서울 관악구,30,생산직,39,여,29.0,13.0,20.0,7.0,31.0
5238,3914587,1265000,네이버페이 현대,40.0,울산 남구,30,디자이너,38,남,3.0,25.0,1.0,51.0,20.0
5239,1400774,1053000,하나 Simple카드,65.0,서울 관악구,20,서비스직,26,여,49.0,26.0,13.0,4.0,8.0
5240,3548999,2351000,네이버페이 현대,48.0,세종,30,데이터분석가,30,남,5.0,22.0,0.0,53.0,20.0
5241,2114351,1320000,삼성 taptap카드,58.0,경기 성남시,30,공무원,32,남,12.0,25.0,28.0,3.0,32.0
5242,3192894,633000,KB 혜담카드,65.0,서울 노원구,20,기획,21,여,28.0,24.0,5.0,35.0,8.0
5243,1477700,1499000,신한 Deep카드,78.0,광주 서구,20,공무원,25,남,32.0,8.0,15.0,37.0,8.0
5244,2826125,1373000,네이버페이 현대,60.0,세종,20,개발자,26,여,24.0,4.0,17.0,47.0,8.0
5245,2209182,801000,KB 혜담카드,63.0,인천 남동구,20,컨설턴트,28,남,30.0,16.0,9.0,42.0,3.0
5246,2316698,1794000,삼성 taptap카드,50.0,광주 서구,30,데이터분석가,33,여,45.0,6.0,1.0,20.0,28.0
5247,2342698,1427000,SSG 랜더스카드,53.0,서울 노원구,20,회계,25,여,3.0,18.0,38.0,29.0,12.0
5248,2565950,1039000,NH 농협카드,63.0,울산 남구,20,데이터분석가,20,남,12.0,21.0,12.0,49.0,6.0
5249,1797799,630000,현대 ZERO카드,46.0,대전 유성구,20,컨설턴트,20,여,5.0,16.0,51.0,18.0,10.0
5250,1842106,1449000,하나 Simple카드,54.0,부산 해운대구,20,마케팅,25,여,36.0,17.0,13.0,33.0,1.0
5251,3454723,1762000,SSG 랜더스카드,52.0,경기 성남시,30,연구원,34,남,33.0,2.0,10.0,34.0,21.0
5252,1804859,1091000,우리 Young카드,85.0,경기 수원시,30,연구원,33,남,6.0,31.0,8.0,10.0,45.0
5253,2207885,738000,신한 Deep카드,47.0,서울 강남구,30,서비스직,36,여,73.0,11.0,9.0,1.0,6.0
5254,3770343,834000,토스카드,75.0,서울 송파구,20,간호사,29,남,19.0,8.0,4.0,15.0,54.0
5255,2322390,1408000,롯데 DC카드,44.0,서울 마포구,30,마케팅,34,남,7.0,14.0,4.0,38.0,37.0
5256,2823901,1003000,이마트 KB카드,52.0,대전 유성구,20,디자이너,26,남,11.0,61.0,9.0,5.0,14.0
5257,2589834,1535000,이마트 KB카드,55.0,서울 관악구,30,데이터분석가,31,남,4.0,8.0,19.0,11.0,58.0
5258,2754522,1631000,씨티 Premier카드,46.0,세종,30,컨설턴트,39,여,10.0,11.0,34.0,22.0,23.0
5259,3458048,569000,씨티 Premier카드,58.0,서울 성동구,30,기획,31,남,33.0,18.0,11.0,25.0,13.0
5260,2859822,1046000,우리 Young카드,83.0,서울 관악구,30,데이터분석가,30,남,24.0,0.0,22.0,23.0,31.0
5261,3244442,1287000,씨티 Premier카드,72.0,부산 해운대구,20,공무원,23,남,3.0,8.0,22.0,59.0,8.0
5262,2205331,1158000,이마트 KB카드,46.0,서울 강남구,30,간호사,31,여,24.0,28.0,4.0,26.0,18.0
5263,2367110,1304000,IBK 두드림카드,68.0,서울 강남구,20,생산직,28,남,3.0,35.0,0.0,24.0,38.0
5264,2622638,2068000,토스카드,59.0,서울 성동구,30,컨설턴트,37,여,29.0,0.0,4.0,51.0,16.0
5265,1689015,1182000,현대 ZERO카드,51.0,대구 수성구,20,생산직,29,남,23.0,4.0,30.0,27.0,16.0
5266,2799889,1572000,하나 Simple카드,45.0,경기 성남시,30,생산직,33,남,0.0,12.0,56.0,15.0,17.0
5267,2330756,2010000,현대 ZERO카드,43.0,서울 성동구,20,마케팅,24,여,1.0,27.0,46.0,16.0,10.0
5268,2033939,716000,카카오뱅크 체크,46.0,광주 서구,20,기획,20,남,16.0,45.0,16.0,12.0,11.0
5269,3470461,1146000,신한 Deep카드,61.0,부산 해운대구,20,데이터분석가,25,여,19.0,2.0,36.0,28.0,15.0
5270,1830688,702000,IBK 두드림카드,40.0,세종,20,데이터분석가,27,여,16.0,13.0,40.0,13.0,18.0
5271,2839712,1638000,신한 Deep카드,40.0,대구 수성구,20,프리랜서,24,남,3.0,15.0,40.0,33.0,9.0
5272,3599521,1239000,KB 혜담카드,77.0,서울 용산구,30,서비스직,39,남,27.0,12.0,45.0,14.0,2.0
5273,2493068,650000,KB 혜담카드,72.0,서울 송파구,30,개발자,32,여,35.0,6.0,9.0,2.0,48.0
5274,2394353,968000,NH 농협카드,82.0,대구 수성구,30,생산직,39,남,26.0,10.0,52.0,11.0,1.0
5275,1865872,541000,이마트 KB카드,52.0,서울 송파구,20,연구원,21,남,24.0,21.0,42.0,7.0,6.0
5276,2637422,829000,IBK 두드림카드,74.0,서울 송파구,30,서비스직,39,남,1.0,66.0,24.0,1.0,8.0
5277,1357129,1247000,신한 Deep카드,54.0,울산 남구,20,연구원,29,남,3.0,14.0,33.0,28.0,22.0
5278,1748267,1109000,NH 농협카드,62.0,서울 동작구,20,개발자,25,여,13.0,5.0,30.0,37.0,15.0
5279,1962266,1375000,롯데 DC카드,48.0,울산 남구,30,대학생,36,남,16.0,21.0,45.0,7.0,11.0
5280,2922937,1044000,롯데 DC카드,84.0,대구 수성구,20,간호사,23,남,7.0,58.0,16.0,9.0,10.0
5281,2559231,2592000,KB 혜담카드,44.0,부산 해운대구,20,마케팅,23,여,5.0,25.0,18.0,37.0,15.0
5282,3550181,1935000,하나 Simple카드,42.0,경기 고양시,30,개발자,31,남,37.0,28.0,1.0,20.0,14.0
5283,2544415,1071000,삼성 taptap카드,76.0,경기 성남시,20,프리랜서,23,남,8.0,46.0,9.0,8.0,29.0
5284,2583483,877000,IBK 두드림카드,58.0,서울 노원구,30,공무원,35,여,40.0,11.0,16.0,20.0,13.0
5285,2980340,1251000,우리 Young카드,52.0,경기 고양시,20,회계,28,남,11.0,40.0,17.0,26.0,6.0
5286,2194618,1332000,카카오뱅크 체크,50.0,대전 유성구,30,영업,32,여,3.0,8.0,50.0,10.0,29.0
5287,2553334,671000,신한 Deep카드,60.0,경기 수원시,30,생산직,35,여,29.0,16.0,12.0,9.0,34.0
5288,3522941,529000,IBK 두드림카드,82.0,서울 노원구,30,영업,37,남,8.0,16.0,12.0,52.0,12.0
5289,1589395,1810000,하나 Simple카드,71.0,서울 서초구,20,마케팅,20,여,11.0,23.0,45.0,18.0,3.0
5290,5167612,1379000,토스카드,78.0,경기 성남시,30,컨설턴트,31,남,24.0,6.0,9.0,36.0,25.0
5291,2264282,1337000,하나 Simple카드,46.0,서울 강남구,20,컨설턴트,23,남,22.0,20.0,37.0,11.0,10.0
5292,2320994,1010000,IBK 두드림카드,69.0,서울 마포구,20,생산직,27,여,2.0,40.0,29.0,23.0,6.0
5293,3128439,760000,토스카드,63.0,서울 성동구,30,영업,35,여,10.0,24.0,9.0,50.0,7.0
5294,3640468,1365000,네이버페이 현대,64.0,서울 마포구,30,연구원,33,남,6.0,0.0,85.0,5.0,4.0
5295,2269039,1596000,KB 혜담카드,49.0,서울 마포구,20,간호사,20,여,1.0,12.0,1.0,35.0,51.0
5296,2565064,646000,씨티 Premier카드,46.0,인천 남동구,30,마케팅,33,여,41.0,26.0,15.0,12.0,6.0
5297,1497925,1381000,토스카드,57.0,서울 서초구,20,디자이너,20,여,20.0,47.0,9.0,9.0,15.0
5298,1971767,1159000,하나 Simple카드,49.0,서울 관악구,20,개발자,20,여,12.0,0.0,10.0,60.0,18.0
5299,2508605,1239000,하나 Simple카드,55.0,경기 수원시,20,기획,27,남,33.0,22.0,6.0,1.0,38.0
5300,3310724,1012000,NH 농협카드,73.0,광주 서구,30,서비스직,38,남,9.0,4.0,12.0,33.0,42.0
5301,2860582,1227000,하나 Simple카드,67.0,서울 송파구,20,기획,27,여,50.0,3.0,8.0,5.0,34.0
5302,2189749,1700000,토스카드,46.0,경기 수원시,20,프리랜서,22,남,40.0,1.0,33.0,21.0,5.0
5303,1556356,748000,KB 혜담카드,68.0,서울 서초구,20,서비스직,28,여,78.0,1.0,2.0,3.0,16.0
5304,3739711,1774000,네이버페이 현대,47.0,서울 노원구,30,공무원,39,남,14.0,0.0,15.0,35.0,36.0
5305,4005262,1517000,KB 혜담카드,68.0,서울 송파구,30,영업,35,남,11.0,13.0,12.0,47.0,17.0
5306,2699122,1436000,KB 혜담카드,60.0,대구 수성구,20,간호사,20,남,28.0,14.0,6.0,37.0,15.0
5307,2418183,1171000,IBK 두드림카드,85.0,서울 강동구,30,대학생,38,여,3.0,47.0,16.0,22.0,12.0
5308,3731070,1816000,삼성 taptap카드,47.0,서울 강동구,30,컨설턴트,31,남,8.0,13.0,17.0,39.0,23.0
5309,3964455,870000,SSG 랜더스카드,73.0,경기 수원시,20,디자이너,22,여,2.0,31.0,36.0,22.0,9.0
5310,3080606,979000,우리 Young카드,78.0,서울 노원구,30,대학생,34,남,9.0,23.0,31.0,34.0,3.0
5311,2081784,1156000,우리 Young카드,63.0,세종,30,대학생,30,남,30.0,9.0,36.0,16.0,9.0
5312,1956857,1078000,카카오뱅크 체크,72.0,서울 용산구,20,영업,20,남,14.0,6.0,59.0,8.0,13.0
5313,2562738,2475000,카카오뱅크 체크,53.0,서울 관악구,20,회계,23,여,4.0,8.0,30.0,6.0,52.0
5314,1447597,1820000,현대 ZERO카드,66.0,대전 유성구,20,데이터분석가,29,남,21.0,5.0,13.0,35.0,26.0
5315,2334701,519000,삼성 taptap카드,73.0,광주 서구,20,프리랜서,20,남,28.0,33.0,14.0,15.0,10.0
5316,3266235,1488000,현대 ZERO카드,61.0,서울 서초구,30,데이터분석가,30,남,23.0,46.0,0.0,3.0,28.0
5317,4074585,2284000,이마트 KB카드,72.0,서울 성동구,30,데이터분석가,31,남,14.0,43.0,14.0,11.0,18.0
5318,3155097,1403000,토스카드,72.0,부산 해운대구,30,개발자,35,여,17.0,1.0,1.0,78.0,3.0
5319,2682292,1703000,토스카드,63.0,서울 동작구,20,데이터분석가,29,여,22.0,5.0,4.0,27.0,42.0
5320,1486124,796000,IBK 두드림카드,58.0,울산 남구,30,대학생,31,남,8.0,46.0,21.0,20.0,5.0
5321,2960526,1424000,롯데 DC카드,74.0,인천 남동구,30,영업,34,여,2.0,5.0,14.0,43.0,36.0
5322,2852756,1180000,KB 혜담카드,68.0,경기 고양시,30,서비스직,32,여,47.0,16.0,17.0,13.0,7.0
5323,2377972,1098000,롯데 DC카드,49.0,광주 서구,20,데이터분석가,28,남,10.0,43.0,10.0,37.0,0.0
5324,1384888,1775000,IBK 두드림카드,60.0,서울 강남구,20,서비스직,28,여,11.0,56.0,22.0,2.0,9.0
5325,1861613,1923000,카카오뱅크 체크,43.0,서울 마포구,20,데이터분석가,27,여,2.0,17.0,8.0,53.0,20.0
5326,2183224,870000,SSG 랜더스카드,50.0,울산 남구,30,개발자,35,남,24.0,12.0,23.0,30.0,11.0
5327,1242495,998000,네이버페이 현대,65.0,경기 성남시,20,개발자,29,남,25.0,17.0,6.0,3.0,49.0
5328,2248542,781000,롯데 DC카드,83.0,울산 남구,20,서비스직,27,여,29.0,35.0,2.0,10.0,24.0
5329,1851088,1872000,현대 ZERO카드,68.0,서울 동작구,20,대학생,29,여,19.0,14.0,13.0,44.0,10.0
5330,3562652,1458000,SSG 랜더스카드,81.0,부산 해운대구,20,데이터분석가,28,남,10.0,21.0,22.0,25.0,22.0
5331,2165614,1113000,하나 Simple카드,77.0,경기 수원시,20,간호사,29,남,16.0,17.0,35.0,31.0,1.0
5332,2896876,1729000,신한 Deep카드,67.0,대구 수성구,20,영업,24,남,37.0,7.0,33.0,2.0,21.0
5333,1715450,1324000,현대 ZERO카드,41.0,대전 유성구,30,프리랜서,32,여,40.0,0.0,45.0,10.0,5.0
5334,2234955,641000,우리 Young카드,80.0,대전 유성구,30,서비스직,33,여,2.0,17.0,45.0,36.0,0.0
5335,2298448,1141000,하나 Simple카드,48.0,서울 마포구,20,회계,25,여,40.0,27.0,22.0,5.0,6.0
5336,1795923,1377000,씨티 Premier카드,64.0,인천 남동구,20,컨설턴트,25,남,15.0,29.0,19.0,9.0,28.0
5337,2038899,1587000,우리 Young카드,66.0,경기 수원시,20,연구원,22,여,49.0,10.0,1.0,25.0,15.0
5338,2391024,1202000,NH 농협카드,72.0,경기 성남시,30,간호사,35,여,12.0,56.0,27.0,5.0,0.0
5339,2836264,1250000,IBK 두드림카드,42.0,서울 강동구,30,영업,30,남,29.0,2.0,48.0,10.0,11.0
5340,3177559,1043000,카카오뱅크 체크,73.0,대구 수성구,20,마케팅,29,남,58.0,12.0,3.0,14.0,13.0
5341,2689113,1262000,SSG 랜더스카드,53.0,경기 성남시,30,서비스직,35,여,26.0,7.0,24.0,29.0,14.0
5342,2739755,1082000,하나 Simple카드,85.0,경기 성남시,30,개발자,34,여,20.0,8.0,8.0,0.0,64.0
5343,2519827,2406000,IBK 두드림카드,51.0,세종,20,컨설턴트,28,남,17.0,1.0,19.0,19.0,44.0
5344,2806313,1665000,하나 Simple카드,74.0,서울 관악구,30,기획,33,여,2.0,9.0,8.0,46.0,35.0
5345,2941979,1226000,SSG 랜더스카드,51.0,서울 관악구,30,디자이너,38,남,22.0,10.0,39.0,26.0,3.0
5346,2089626,946000,삼성 taptap카드,84.0,서울 강남구,20,디자이너,25,여,5.0,31.0,8.0,52.0,4.0
5347,2333408,1386000,IBK 두드림카드,58.0,세종,20,프리랜서,29,여,32.0,12.0,34.0,16.0,6.0
5348,3078401,1106000,카카오뱅크 체크,60.0,서울 송파구,30,디자이너,30,여,57.0,27.0,4.0,8.0,4.0
5349,3063119,973000,네이버페이 현대,72.0,경기 성남시,30,기획,34,여,16.0,13.0,16.0,27.0,28.0
5350,2379800,2155000,KB 혜담카드,64.0,대구 수성구,30,개발자,31,여,24.0,11.0,41.0,23.0,1.0
5351,2633921,920000,토스카드,77.0,서울 송파구,20,서비스직,27,남,12.0,17.0,4.0,28.0,39.0
5352,2402707,830000,씨티 Premier카드,45.0,서울 용산구,30,영업,31,여,7.0,15.0,18.0,38.0,22.0
5353,3023709,729000,SSG 랜더스카드,49.0,서울 동작구,30,회계,34,남,47.0,29.0,16.0,1.0,7.0
5354,2668533,1053000,하나 Simple카드,48.0,서울 용산구,30,디자이너,32,남,6.0,0.0,10.0,61.0,23.0
5355,2872848,1290000,네이버페이 현대,68.0,서울 용산구,30,연구원,39,남,15.0,2.0,27.0,17.0,39.0
5356,2920665,1150000,KB 혜담카드,74.0,서울 서초구,20,컨설턴트,25,남,41.0,9.0,13.0,34.0,3.0
5357,2296210,1281000,NH 농협카드,81.0,서울 관악구,20,간호사,21,여,10.0,25.0,13.0,28.0,24.0
5358,3094697,1144000,네이버페이 현대,46.0,울산 남구,30,디자이너,38,남,8.0,5.0,27.0,26.0,34.0
5359,1776391,1265000,카카오뱅크 체크,48.0,서울 노원구,30,생산직,38,여,11.0,21.0,9.0,0.0,59.0
5360,2345378,1516000,SSG 랜더스카드,57.0,서울 관악구,30,기획,35,여,6.0,57.0,6.0,23.0,8.0
5361,2129342,570000,씨티 Premier카드,51.0,세종,20,연구원,29,남,6.0,3.0,16.0,0.0,75.0
5362,1835428,1999000,카카오뱅크 체크,43.0,서울 용산구,20,연구원,27,여,23.0,13.0,44.0,10.0,10.0
5363,2260832,992000,씨티 Premier카드,77.0,서울 강동구,20,마케팅,29,남,19.0,5.0,9.0,65.0,2.0
5364,2035408,1727000,삼성 taptap카드,83.0,세종,20,회계,22,남,38.0,7.0,10.0,31.0,14.0
5365,2289997,538000,KB 혜담카드,67.0,서울 강남구,20,컨설턴트,22,여,18.0,23.0,1.0,8.0,50.0
5366,3085052,672000,삼성 taptap카드,81.0,울산 남구,30,공무원,38,남,49.0,6.0,6.0,35.0,4.0
5367,2330971,920000,하나 Simple카드,41.0,울산 남구,30,기획,33,남,23.0,4.0,5.0,62.0,6.0
5368,2050649,1358000,토스카드,56.0,울산 남구,20,회계,26,여,13.0,10.0,7.0,6.0,64.0
5369,2538687,946000,신한 Deep카드,57.0,서울 강남구,30,데이터분석가,39,여,34.0,31.0,3.0,7.0,25.0
5370,3829009,975000,IBK 두드림카드,44.0,인천 남동구,30,생산직,39,남,12.0,19.0,16.0,8.0,45.0
5371,2378359,1457000,KB 혜담카드,70.0,서울 강남구,20,마케팅,26,여,31.0,46.0,6.0,14.0,3.0
5372,1919032,916000,NH 농협카드,41.0,경기 성남시,20,개발자,29,여,51.0,16.0,6.0,25.0,2.0
5373,2699502,771000,SSG 랜더스카드,66.0,서울 마포구,30,기획,37,여,7.0,7.0,39.0,15.0,32.0
5374,3103774,1568000,하나 Simple카드,50.0,서울 용산구,20,공무원,26,남,7.0,8.0,20.0,17.0,48.0
5375,2708353,1191000,토스카드,51.0,서울 성동구,20,데이터분석가,24,여,1.0,29.0,43.0,19.0,8.0
5376,2773763,1851000,이마트 KB카드,49.0,인천 남동구,30,마케팅,31,여,14.0,9.0,11.0,25.0,41.0
5377,2862795,1877000,토스카드,60.0,서울 관악구,30,생산직,35,여,9.0,9.0,23.0,39.0,20.0
5378,2969977,1933000,NH 농협카드,41.0,서울 강동구,20,서비스직,26,여,15.0,5.0,28.0,26.0,26.0
5379,3752938,1180000,네이버페이 현대,63.0,부산 해운대구,30,영업,32,남,9.0,23.0,33.0,35.0,0.0
5380,3396732,1815000,토스카드,63.0,서울 강동구,30,데이터분석가,39,남,12.0,44.0,10.0,30.0,4.0
5381,2784321,1833000,롯데 DC카드,65.0,광주 서구,20,회계,29,남,23.0,1.0,36.0,26.0,14.0
5382,1709174,1138000,우리 Young카드,62.0,서울 동작구,20,대학생,29,남,21.0,7.0,14.0,10.0,48.0
5383,1498867,810000,SSG 랜더스카드,42.0,대구 수성구,20,영업,28,여,21.0,70.0,1.0,1.0,7.0
5384,3109969,801000,네이버페이 현대,70.0,서울 동작구,30,간호사,32,남,32.0,44.0,3.0,6.0,15.0
5385,2284340,1714000,우리 Young카드,40.0,부산 해운대구,20,대학생,25,여,26.0,32.0,4.0,19.0,19.0
5386,2228044,847000,씨티 Premier카드,72.0,경기 고양시,30,마케팅,31,여,27.0,1.0,9.0,26.0,37.0
5387,3578096,824000,하나 Simple카드,78.0,인천 남동구,30,데이터분석가,35,남,2.0,15.0,26.0,1.0,56.0
5388,1318568,724000,신한 Deep카드,77.0,경기 성남시,20,연구원,27,남,8.0,4.0,32.0,21.0,35.0
5389,2232613,856000,롯데 DC카드,76.0,부산 해운대구,30,회계,31,여,19.0,3.0,17.0,49.0,12.0
5390,2257522,2447000,하나 Simple카드,42.0,서울 성동구,30,회계,34,여,18.0,9.0,5.0,30.0,38.0
5391,1431849,977000,우리 Young카드,62.0,서울 성동구,20,개발자,29,남,50.0,8.0,15.0,3.0,24.0
5392,2997365,1760000,롯데 DC카드,50.0,서울 강남구,20,공무원,23,남,19.0,27.0,15.0,18.0,21.0
5393,1820399,1066000,NH 농협카드,75.0,경기 수원시,30,간호사,35,여,21.0,20.0,36.0,18.0,5.0
5394,1955829,1730000,NH 농협카드,57.0,세종,20,프리랜서,26,여,5.0,36.0,0.0,25.0,34.0
5395,2703989,2129000,씨티 Premier카드,61.0,경기 고양시,20,기획,24,남,36.0,24.0,3.0,25.0,12.0
5396,2823022,1722000,카카오뱅크 체크,46.0,서울 성동구,30,프리랜서,32,여,6.0,11.0,70.0,4.0,9.0
5397,1695912,2084000,이마트 KB카드,51.0,서울 성동구,20,마케팅,27,남,28.0,4.0,26.0,42.0,0.0
5398,3477742,1411000,네이버페이 현대,55.0,서울 성동구,30,프리랜서,31,남,30.0,33.0,22.0,1.0,14.0
5399,3202849,563000,IBK 두드림카드,54.0,서울 서초구,30,마케팅,33,남,16.0,6.0,32.0,29.0,17.0
5400,4633124,1979000,이마트 KB카드,56.0,서울 성동구,30,연구원,30,남,12.0,19.0,24.0,30.0,15.0
5401,3282758,977000,NH 농협카드,72.0,서울 서초구,30,기획,39,남,21.0,5.0,18.0,52.0,4.0
5402,2179379,1923000,씨티 Premier카드,56.0,울산 남구,20,회계,29,남,32.0,5.0,45.0,16.0,2.0
5403,1821749,921000,카카오뱅크 체크,83.0,서울 송파구,20,공무원,22,남,67.0,14.0,13.0,4.0,2.0
5404,1877878,687000,현대 ZERO카드,82.0,서울 강동구,20,회계,29,남,16.0,3.0,35.0,2.0,44.0
5405,1837115,2465000,우리 Young카드,63.0,서울 강동구,20,간호사,20,남,10.0,30.0,23.0,24.0,13.0
5406,2935549,1198000,씨티 Premier카드,60.0,경기 고양시,20,영업,26,여,38.0,7.0,6.0,46.0,3.0
5407,3012578,1283000,우리 Young카드,46.0,서울 마포구,30,공무원,34,남,15.0,5.0,22.0,10.0,48.0
5408,3395672,1053000,NH 농협카드,51.0,광주 서구,30,개발자,30,남,8.0,7.0,10.0,46.0,29.0
5409,3007123,1458000,SSG 랜더스카드,81.0,부산 해운대구,20,데이터분석가,28,여,10.0,21.0,22.0,25.0,22.0
5410,1070767,1090000,토스카드,52.0,서울 성동구,20,영업,26,여,11.0,7.0,31.0,10.0,41.0
5411,3895211,1587000,삼성 taptap카드,63.0,서울 마포구,30,간호사,32,남,22.0,32.0,23.0,7.0,16.0
5412,2527698,1158000,이마트 KB카드,46.0,서울 강남구,30,간호사,31,여,24.0,28.0,4.0,26.0,18.0
5413,2467524,1109000,SSG 랜더스카드,60.0,대전 유성구,20,영업,29,여,3.0,50.0,11.0,18.0,18.0
5414,1835798,788000,네이버페이 현대,64.0,경기 성남시,20,디자이너,28,여,6.0,37.0,35.0,14.0,8.0
5415,1872437,1369000,이마트 KB카드,48.0,대전 유성구,20,서비스직,29,남,20.0,10.0,24.0,14.0,32.0
5416,2494422,1399000,KB 혜담카드,80.0,서울 동작구,20,서비스직,26,여,10.0,24.0,51.0,3.0,12.0
5417,3442298,635000,현대 ZERO카드,70.0,서울 서초구,20,공무원,28,남,17.0,20.0,7.0,40.0,16.0
5418,3001656,2258000,하나 Simple카드,72.0,서울 노원구,30,개발자,34,여,35.0,3.0,2.0,22.0,38.0
5419,2882761,2799000,IBK 두드림카드,44.0,서울 노원구,20,개발자,29,여,27.0,31.0,30.0,3.0,9.0
5420,2153999,1046000,네이버페이 현대,45.0,서울 노원구,20,대학생,28,남,30.0,37.0,22.0,5.0,6.0
5421,2199897,571000,토스카드,73.0,경기 성남시,30,프리랜서,32,여,4.0,4.0,39.0,38.0,15.0
5422,2453436,1106000,IBK 두드림카드,50.0,서울 용산구,30,디자이너,30,남,36.0,5.0,39.0,16.0,4.0
5423,2005863,1143000,토스카드,68.0,서울 용산구,20,프리랜서,23,여,3.0,38.0,46.0,11.0,2.0
5424,1563052,1569000,하나 Simple카드,73.0,서울 노원구,30,간호사,37,남,18.0,4.0,52.0,7.0,19.0
5425,1887540,926000,SSG 랜더스카드,40.0,울산 남구,20,디자이너,25,남,13.0,40.0,24.0,6.0,17.0
5426,2607752,1097000,삼성 taptap카드,45.0,대구 수성구,30,회계,34,남,8.0,23.0,21.0,40.0,8.0
5427,2162320,1358000,토스카드,56.0,울산 남구,20,회계,26,여,13.0,10.0,7.0,6.0,64.0
5428,2315875,1416000,신한 Deep카드,66.0,서울 노원구,20,간호사,28,남,18.0,10.0,3.0,67.0,2.0
5429,2431225,1398000,SSG 랜더스카드,50.0,서울 노원구,20,데이터분석가,28,남,14.0,17.0,68.0,1.0,0.0
5430,2989552,1181000,카카오뱅크 체크,41.0,서울 동작구,30,공무원,33,남,47.0,4.0,38.0,2.0,9.0
5431,2209278,1324000,신한 Deep카드,74.0,서울 마포구,30,연구원,34,여,10.0,38.0,29.0,20.0,3.0
5432,1518320,1186000,토스카드,49.0,서울 성동구,30,연구원,31,여,2.0,23.0,17.0,3.0,55.0
5433,2597283,1343000,카카오뱅크 체크,42.0,경기 고양시,30,공무원,32,남,33.0,46.0,0.0,6.0,15.0
5434,1763774,1341000,신한 Deep카드,53.0,서울 강남구,20,연구원,27,남,9.0,10.0,32.0,40.0,9.0
5435,3326246,1588000,씨티 Premier카드,82.0,광주 서구,30,데이터분석가,34,남,14.0,34.0,14.0,33.0,5.0
5436,3636501,1330000,카카오뱅크 체크,71.0,서울 관악구,30,회계,37,남,13.0,31.0,8.0,23.0,25.0
5437,2719285,1144000,이마트 KB카드,51.0,서울 동작구,20,대학생,25,남,22.0,16.0,29.0,31.0,2.0
5438,2628476,914000,IBK 두드림카드,57.0,서울 송파구,20,컨설턴트,28,여,3.0,5.0,51.0,22.0,19.0
5439,2183237,1983000,이마트 KB카드,63.0,서울 관악구,20,공무원,26,남,0.0,11.0,28.0,48.0,13.0
5440,1989022,1144000,씨티 Premier카드,82.0,부산 해운대구,20,마케팅,29,남,46.0,21.0,11.0,17.0,5.0
5441,1876448,714000,이마트 KB카드,76.0,울산 남구,20,서비스직,28,남,45.0,20.0,18.0,15.0,2.0
5442,1496250,916000,NH 농협카드,41.0,경기 성남시,20,개발자,29,여,51.0,16.0,6.0,25.0,2.0
5443,2745926,953000,IBK 두드림카드,52.0,대구 수성구,20,기획,24,여,27.0,60.0,11.0,1.0,1.0
5444,2162644,580000,카카오뱅크 체크,51.0,광주 서구,20,프리랜서,24,여,0.0,5.0,29.0,22.0,44.0
5445,2127561,1134000,롯데 DC카드,70.0,서울 마포구,30,생산직,35,남,12.0,11.0,27.0,9.0,41.0
5446,2421456,1162000,현대 ZERO카드,65.0,부산 해운대구,30,서비스직,31,남,2.0,47.0,39.0,10.0,2.0
5447,2393118,892000,카카오뱅크 체크,43.0,서울 노원구,30,디자이너,36,남,34.0,48.0,12.0,4.0,2.0
5448,3030117,2077000,KB 혜담카드,69.0,서울 용산구,30,연구원,37,남,56.0,18.0,1.0,1.0,24.0
5449,3033733,1387000,하나 Simple카드,50.0,세종,30,회계,35,여,4.0,1.0,38.0,54.0,3.0
5450,2076005,1980000,SSG 랜더스카드,71.0,경기 고양시,20,컨설턴트,29,여,7.0,24.0,34.0,27.0,8.0
5451,1123733,1542000,현대 ZERO카드,75.0,서울 강동구,20,연구원,27,여,11.0,16.0,4.0,17.0,52.0
5452,2155409,1449000,KB 혜담카드,49.0,서울 관악구,20,공무원,27,여,2.0,15.0,11.0,48.0,24.0
5453,2890664,2447000,하나 Simple카드,42.0,서울 성동구,30,회계,34,남,18.0,9.0,5.0,30.0,38.0
5454,2137539,1227000,KB 혜담카드,72.0,서울 성동구,20,디자이너,28,여,28.0,23.0,24.0,21.0,4.0
5455,1936269,938000,롯데 DC카드,82.0,경기 고양시,20,회계,25,남,10.0,25.0,2.0,62.0,1.0
5456,2358719,943000,현대 ZERO카드,43.0,세종,20,디자이너,28,남,25.0,50.0,2.0,19.0,4.0
5457,2533070,1602000,KB 혜담카드,52.0,세종,30,대학생,39,여,45.0,24.0,4.0,26.0,1.0
5458,2982618,1654000,현대 ZERO카드,47.0,서울 송파구,30,영업,38,남,3.0,9.0,55.0,7.0,26.0
5459,3288848,1230000,네이버페이 현대,64.0,대구 수성구,30,생산직,30,남,18.0,3.0,33.0,43.0,3.0
5460,2035083,1429000,신한 Deep카드,82.0,서울 용산구,20,개발자,26,남,42.0,7.0,16.0,32.0,3.0
5461,2006707,782000,IBK 두드림카드,66.0,서울 동작구,20,데이터분석가,29,여,0.0,39.0,11.0,30.0,20.0
5462,3190061,1546000,IBK 두드림카드,49.0,부산 해운대구,30,대학생,35,여,22.0,9.0,24.0,44.0,1.0
5463,3391548,890000,카카오뱅크 체크,45.0,대전 유성구,30,기획,31,남,2.0,3.0,12.0,1.0,82.0
5464,2913473,929000,우리 Young카드,55.0,서울 노원구,30,연구원,34,여,6.0,18.0,2.0,25.0,49.0
5465,3858273,661000,네이버페이 현대,74.0,서울 서초구,30,공무원,32,남,3.0,30.0,12.0,32.0,23.0
5466,3368160,1270000,네이버페이 현대,52.0,부산 해운대구,30,프리랜서,34,남,28.0,42.0,3.0,15.0,12.0
5467,2714194,988000,이마트 KB카드,65.0,서울 노원구,20,회계,29,여,19.0,17.0,0.0,44.0,20.0
5468,1710327,1018000,NH 농협카드,66.0,인천 남동구,30,개발자,35,여,13.0,13.0,14.0,6.0,54.0
5469,2602076,846000,KB 혜담카드,75.0,부산 해운대구,30,회계,31,여,9.0,63.0,11.0,4.0,13.0
5470,2158640,1241000,하나 Simple카드,52.0,광주 서구,20,간호사,28,남,17.0,0.0,38.0,14.0,31.0
5471,3088842,1189000,KB 혜담카드,62.0,서울 송파구,20,공무원,27,여,18.0,7.0,18.0,47.0,10.0
5472,2963822,2013000,네이버페이 현대,81.0,세종,30,서비스직,39,여,13.0,36.0,29.0,13.0,9.0
5473,1934777,1107000,카카오뱅크 체크,56.0,부산 해운대구,20,개발자,23,여,17.0,6.0,39.0,6.0,32.0
5474,2436397,2179000,KB 혜담카드,65.0,서울 서초구,20,프리랜서,23,남,25.0,2.0,1.0,44.0,28.0
5475,2583840,1178000,롯데 DC카드,50.0,대전 유성구,30,개발자,32,여,13.0,7.0,10.0,29.0,41.0
5476,2727165,1450000,이마트 KB카드,64.0,서울 강동구,30,개발자,32,여,21.0,4.0,16.0,45.0,14.0
5477,1740578,1378000,삼성 taptap카드,42.0,서울 서초구,20,데이터분석가,29,남,1.0,1.0,84.0,6.0,8.0
5478,2430008,1086000,네이버페이 현대,44.0,인천 남동구,20,디자이너,27,남,44.0,20.0,18.0,17.0,1.0
5479,2135924,863000,하나 Simple카드,81.0,경기 고양시,20,간호사,26,남,6.0,7.0,1.0,46.0,40.0
5480,2391224,1233000,토스카드,70.0,대구 수성구,20,데이터분석가,25,여,12.0,1.0,33.0,32.0,22.0
5481,1887807,1133000,NH 농협카드,64.0,울산 남구,20,서비스직,23,여,47.0,9.0,1.0,30.0,13.0
5482,2207468,1656000,NH 농협카드,45.0,서울 서초구,30,개발자,31,여,2.0,27.0,21.0,9.0,41.0
5483,3086921,1873000,우리 Young카드,63.0,인천 남동구,30,대학생,37,여,29.0,4.0,26.0,41.0,0.0
5484,1974226,977000,이마트 KB카드,45.0,세종,30,기획,31,여,6.0,30.0,36.0,7.0,21.0
5485,2315571,1058000,KB 혜담카드,69.0,대구 수성구,30,생산직,34,남,35.0,10.0,15.0,17.0,23.0
5486,2963893,946000,신한 Deep카드,57.0,서울 강남구,30,데이터분석가,39,남,34.0,31.0,3.0,7.0,25.0
5487,1864054,1711000,카카오뱅크 체크,84.0,경기 수원시,20,데이터분석가,24,남,4.0,10.0,44.0,18.0,24.0
5488,2380479,1186000,SSG 랜더스카드,56.0,서울 노원구,30,기획,37,남,5.0,28.0,33.0,30.0,4.0
5489,3073553,1064000,KB 혜담카드,60.0,인천 남동구,30,영업,33,남,18.0,40.0,22.0,8.0,12.0
5490,1497467,1365000,토스카드,46.0,광주 서구,20,컨설턴트,25,여,1.0,5.0,60.0,3.0,31.0
5491,2294426,1186000,SSG 랜더스카드,56.0,서울 노원구,30,기획,37,남,5.0,28.0,33.0,30.0,4.0
5492,4437866,1118000,토스카드,73.0,대전 유성구,30,서비스직,32,남,45.0,3.0,32.0,11.0,9.0
5493,3321632,1096000,롯데 DC카드,56.0,서울 마포구,30,기획,36,남,41.0,16.0,13.0,14.0,16.0
5494,2477405,1284000,롯데 DC카드,42.0,울산 남구,30,생산직,31,남,43.0,9.0,5.0,14.0,29.0
5495,2709107,739000,우리 Young카드,83.0,대구 수성구,30,영업,34,여,43.0,4.0,26.0,12.0,15.0
5496,2783665,786000,NH 농협카드,68.0,경기 성남시,30,마케팅,35,여,11.0,51.0,18.0,2.0,18.0
5497,2747207,1131000,IBK 두드림카드,75.0,경기 수원시,20,디자이너,26,여,21.0,7.0,30.0,31.0,11.0
5498,2910990,792000,신한 Deep카드,63.0,서울 마포구,30,연구원,30,남,2.0,15.0,9.0,39.0,35.0
5499,2738248,2157000,롯데 DC카드,85.0,서울 송파구,20,생산직,27,여,10.0,2.0,13.0,59.0,16.0
5500,1480776,1707000,NH 농협카드,54.0,경기 수원시,30,서비스직,38,여,5.0,33.0,3.0,19.0,40.0
5501,1721845,1452000,SSG 랜더스카드,53.0,울산 남구,20,대학생,27,여,5.0,1.0,9.0,17.0,68.0
5502,2331935,1548000,롯데 DC카드,75.0,인천 남동구,20,연구원,22,남,12.0,16.0,3.0,32.0,37.0
5503,2414816,997000,KB 혜담카드,75.0,대구 수성구,20,회계,28,여,9.0,8.0,48.0,5.0,30.0
5504,2044108,780000,현대 ZERO카드,81.0,경기 수원시,30,프리랜서,35,여,33.0,22.0,31.0,6.0,8.0
5505,2629709,1461000,하나 Simple카드,41.0,세종,30,공무원,37,여,33.0,13.0,37.0,1.0,16.0
5506,1938079,1556000,NH 농협카드,44.0,서울 용산구,20,간호사,25,여,4.0,3.0,51.0,35.0,7.0
5507,2111520,805000,롯데 DC카드,54.0,서울 강남구,20,연구원,20,남,40.0,26.0,1.0,11.0,22.0
5508,2762386,1234000,씨티 Premier카드,71.0,서울 성동구,20,개발자,25,여,22.0,17.0,11.0,48.0,2.0
5509,2704468,1985000,삼성 taptap카드,78.0,대전 유성구,20,마케팅,25,남,36.0,16.0,5.0,34.0,9.0
5510,1751469,1907000,네이버페이 현대,47.0,부산 해운대구,20,개발자,24,여,12.0,6.0,27.0,51.0,4.0
5511,2259923,667000,카카오뱅크 체크,40.0,서울 동작구,30,디자이너,34,남,4.0,72.0,6.0,10.0,8.0
5512,2044413,1915000,씨티 Premier카드,69.0,서울 노원구,20,간호사,22,남,17.0,29.0,25.0,2.0,27.0
5513,2236626,1055000,카카오뱅크 체크,74.0,서울 송파구,20,프리랜서,27,남,28.0,44.0,3.0,14.0,11.0
5514,2171050,1638000,씨티 Premier카드,65.0,서울 노원구,30,프리랜서,36,여,10.0,7.0,10.0,26.0,47.0
5515,3728449,1245000,우리 Young카드,57.0,세종,30,생산직,36,남,0.0,15.0,30.0,52.0,3.0
5516,2673694,1606000,NH 농협카드,78.0,광주 서구,30,기획,32,여,5.0,42.0,21.0,32.0,0.0
5517,2453042,2063000,신한 Deep카드,64.0,서울 노원구,20,데이터분석가,29,여,18.0,0.0,25.0,2.0,55.0
5518,2113422,1658000,신한 Deep카드,77.0,인천 남동구,30,마케팅,32,남,24.0,2.0,1.0,4.0,69.0
5519,3817103,1051000,IBK 두드림카드,52.0,서울 서초구,30,공무원,36,남,41.0,13.0,5.0,17.0,24.0
5520,1025881,1059000,하나 Simple카드,42.0,서울 용산구,30,서비스직,34,남,4.0,19.0,38.0,26.0,13.0
5521,2917027,1307000,롯데 DC카드,70.0,서울 서초구,30,서비스직,39,여,38.0,22.0,19.0,6.0,15.0
5522,2967155,915000,하나 Simple카드,58.0,서울 강남구,30,간호사,32,여,25.0,6.0,42.0,21.0,6.0
5523,2033799,1269000,KB 혜담카드,80.0,광주 서구,20,컨설턴트,28,남,6.0,36.0,4.0,42.0,12.0
5524,3891037,1892000,삼성 taptap카드,46.0,서울 동작구,30,영업,39,남,27.0,14.0,45.0,8.0,6.0
5525,2468451,1709000,토스카드,59.0,인천 남동구,30,회계,39,여,10.0,13.0,34.0,12.0,31.0
5526,2531215,1726000,NH 농협카드,51.0,서울 서초구,30,서비스직,32,여,57.0,9.0,14.0,10.0,10.0
5527,2419764,1298000,우리 Young카드,43.0,서울 송파구,20,디자이너,21,여,15.0,8.0,59.0,12.0,6.0
5528,4093287,1748000,씨티 Premier카드,54.0,부산 해운대구,30,서비스직,31,여,5.0,22.0,9.0,26.0,38.0
5529,3941103,1170000,토스카드,63.0,대전 유성구,30,서비스직,31,남,11.0,12.0,39.0,21.0,17.0
5530,2600565,1094000,이마트 KB카드,43.0,세종,20,마케팅,28,남,11.0,37.0,28.0,19.0,5.0
5531,1793597,898000,카카오뱅크 체크,81.0,서울 서초구,20,영업,20,남,14.0,22.0,20.0,3.0,41.0
5532,2321794,2527000,SSG 랜더스카드,66.0,경기 수원시,20,개발자,21,남,5.0,35.0,7.0,51.0,2.0
5533,2430813,1631000,하나 Simple카드,53.0,인천 남동구,30,컨설턴트,32,남,56.0,15.0,7.0,17.0,5.0
5534,2661055,781000,롯데 DC카드,83.0,울산 남구,20,서비스직,27,남,29.0,35.0,2.0,10.0,24.0
5535,3098326,779000,롯데 DC카드,77.0,서울 강동구,30,프리랜서,34,남,21.0,30.0,3.0,10.0,36.0
5536,1937739,754000,롯데 DC카드,85.0,서울 강남구,30,대학생,32,여,5.0,9.0,9.0,24.0,53.0
5537,2540562,890000,토스카드,61.0,서울 용산구,30,회계,33,여,3.0,27.0,7.0,36.0,27.0
5538,2075291,2120000,IBK 두드림카드,53.0,서울 동작구,30,마케팅,31,여,13.0,74.0,0.0,1.0,12.0
5539,2325608,873000,신한 Deep카드,74.0,서울 마포구,20,데이터분석가,27,여,9.0,26.0,12.0,27.0,26.0
5540,1820461,1065000,하나 Simple카드,64.0,울산 남구,20,간호사,26,남,37.0,0.0,35.0,5.0,23.0
5541,2263743,968000,하나 Simple카드,53.0,서울 송파구,20,컨설턴트,26,여,41.0,0.0,19.0,8.0,32.0
5542,2625234,930000,우리 Young카드,83.0,대구 수성구,20,개발자,23,남,38.0,27.0,6.0,12.0,17.0
5543,2473474,1082000,이마트 KB카드,74.0,서울 관악구,30,공무원,37,여,18.0,4.0,54.0,10.0,14.0
5544,2726378,2062000,SSG 랜더스카드,84.0,서울 동작구,30,대학생,33,남,13.0,34.0,32.0,11.0,10.0
5545,2601638,529000,IBK 두드림카드,82.0,서울 노원구,30,영업,37,여,8.0,16.0,12.0,52.0,12.0
5546,2598591,1222000,롯데 DC카드,71.0,대구 수성구,20,공무원,26,남,5.0,29.0,7.0,20.0,39.0
5547,1696408,567000,삼성 taptap카드,83.0,서울 관악구,20,마케팅,29,남,3.0,15.0,30.0,1.0,51.0
5548,2630328,937000,신한 Deep카드,66.0,대전 유성구,30,회계,30,여,24.0,10.0,48.0,17.0,1.0
5549,3922278,1819000,현대 ZERO카드,77.0,서울 노원구,30,개발자,34,남,9.0,15.0,18.0,50.0,8.0
5550,2536828,1175000,신한 Deep카드,60.0,대구 수성구,20,연구원,23,여,3.0,0.0,65.0,14.0,18.0
5551,2278877,1558000,카카오뱅크 체크,69.0,경기 수원시,20,영업,26,여,4.0,10.0,18.0,61.0,7.0
5552,2819868,760000,NH 농협카드,49.0,세종,30,디자이너,38,여,4.0,35.0,42.0,4.0,15.0
5553,2726248,1324000,신한 Deep카드,74.0,서울 마포구,30,연구원,34,여,10.0,38.0,29.0,20.0,3.0
5554,2876800,1509000,KB 혜담카드,44.0,서울 동작구,30,회계,30,여,1.0,25.0,49.0,19.0,6.0
5555,1583247,1103000,KB 혜담카드,65.0,대전 유성구,30,생산직,36,남,60.0,14.0,15.0,5.0,6.0
5556,1473271,1189000,KB 혜담카드,62.0,서울 송파구,20,공무원,27,여,18.0,7.0,18.0,47.0,10.0
5557,2752414,1270000,하나 Simple카드,80.0,경기 수원시,20,마케팅,26,여,7.0,17.0,53.0,11.0,12.0
5558,1747360,1168000,NH 농협카드,81.0,서울 강동구,30,연구원,38,여,6.0,10.0,2.0,33.0,49.0
5559,2450769,865000,신한 Deep카드,62.0,대전 유성구,20,회계,29,남,27.0,41.0,24.0,3.0,5.0
5560,2073975,1697000,IBK 두드림카드,73.0,서울 관악구,20,기획,29,여,9.0,31.0,18.0,31.0,11.0
5561,1751905,1147000,NH 농협카드,53.0,서울 성동구,20,디자이너,27,여,5.0,36.0,1.0,44.0,14.0
5562,2674824,1105000,토스카드,58.0,인천 남동구,30,기획,33,여,9.0,50.0,22.0,4.0,15.0
5563,2350516,1122000,신한 Deep카드,46.0,서울 강남구,20,서비스직,23,남,31.0,22.0,5.0,29.0,13.0
5564,4477239,1727000,삼성 taptap카드,73.0,울산 남구,30,디자이너,32,남,19.0,1.0,61.0,16.0,3.0
5565,1937594,1133000,NH 농협카드,62.0,대전 유성구,20,연구원,24,남,13.0,58.0,15.0,13.0,1.0
5566,2970055,1252000,NH 농협카드,55.0,서울 서초구,20,디자이너,21,여,1.0,17.0,13.0,69.0,0.0
5567,2426211,1805000,하나 Simple카드,70.0,광주 서구,20,프리랜서,25,여,4.0,21.0,1.0,7.0,67.0
5568,1919489,1058000,삼성 taptap카드,55.0,부산 해운대구,20,디자이너,27,남,18.0,14.0,27.0,5.0,36.0
5569,3559472,1532000,현대 ZERO카드,48.0,서울 용산구,30,디자이너,30,남,31.0,13.0,2.0,28.0,26.0
5570,3396016,1058000,KB 혜담카드,69.0,대구 수성구,30,생산직,34,남,35.0,10.0,15.0,17.0,23.0
5571,3025090,1732000,SSG 랜더스카드,45.0,서울 마포구,30,영업,33,남,15.0,6.0,17.0,35.0,27.0
5572,2633147,1269000,씨티 Premier카드,43.0,서울 성동구,30,공무원,38,여,18.0,10.0,7.0,35.0,30.0
5573,1951506,728000,롯데 DC카드,46.0,서울 노원구,20,데이터분석가,24,여,12.0,11.0,5.0,34.0,38.0
5574,1837106,1760000,롯데 DC카드,50.0,서울 강남구,20,공무원,23,남,19.0,27.0,15.0,18.0,21.0
5575,2879721,1507000,이마트 KB카드,63.0,경기 성남시,30,영업,31,여,6.0,32.0,13.0,45.0,4.0
5576,2843242,689000,현대 ZERO카드,78.0,경기 수원시,30,프리랜서,34,남,13.0,17.0,27.0,36.0,7.0
5577,2209958,996000,SSG 랜더스카드,66.0,서울 서초구,20,영업,29,여,37.0,6.0,9.0,33.0,15.0
5578,3195875,741000,NH 농협카드,51.0,경기 수원시,30,생산직,37,남,6.0,54.0,8.0,31.0,1.0
5579,2382644,2475000,카카오뱅크 체크,53.0,서울 관악구,20,회계,23,남,4.0,8.0,30.0,6.0,52.0
5580,1535336,1079000,SSG 랜더스카드,66.0,경기 수원시,20,생산직,28,남,3.0,22.0,62.0,0.0,13.0
5581,2893126,2071000,카카오뱅크 체크,41.0,경기 고양시,20,회계,26,여,62.0,8.0,3.0,6.0,21.0
5582,2560591,2351000,네이버페이 현대,48.0,세종,30,데이터분석가,30,여,5.0,22.0,0.0,53.0,20.0
5583,2148673,955000,하나 Simple카드,74.0,인천 남동구,20,대학생,26,여,0.0,3.0,18.0,33.0,46.0
5584,3301592,1621000,롯데 DC카드,53.0,경기 수원시,30,연구원,35,남,16.0,42.0,23.0,7.0,12.0
5585,2368271,1771000,신한 Deep카드,81.0,세종,20,연구원,25,남,26.0,53.0,2.0,16.0,3.0
5586,2633531,1107000,카카오뱅크 체크,56.0,부산 해운대구,20,개발자,23,남,17.0,6.0,39.0,6.0,32.0
5587,2518991,845000,삼성 taptap카드,67.0,서울 동작구,20,기획,27,여,17.0,27.0,17.0,9.0,30.0
5588,2608923,1025000,카카오뱅크 체크,69.0,서울 강남구,20,간호사,20,남,10.0,58.0,2.0,9.0,21.0
5589,3175496,1462000,SSG 랜더스카드,84.0,서울 서초구,30,프리랜서,30,여,12.0,26.0,2.0,32.0,28.0
5590,2941812,852000,SSG 랜더스카드,46.0,경기 고양시,30,서비스직,39,여,16.0,77.0,4.0,2.0,1.0
5591,2419756,1951000,KB 혜담카드,51.0,경기 고양시,30,컨설턴트,34,여,31.0,22.0,9.0,18.0,20.0
5592,1688549,1212000,KB 혜담카드,72.0,경기 성남시,20,대학생,29,남,14.0,11.0,11.0,19.0,45.0
5593,4167458,586000,SSG 랜더스카드,48.0,대구 수성구,30,디자이너,30,남,22.0,9.0,32.0,26.0,11.0
5594,2833593,971000,NH 농협카드,46.0,대구 수성구,30,기획,34,남,6.0,13.0,40.0,33.0,8.0
5595,2263446,873000,우리 Young카드,71.0,경기 성남시,30,마케팅,35,여,5.0,17.0,2.0,22.0,54.0
5596,1381636,2315000,IBK 두드림카드,58.0,서울 관악구,20,개발자,26,여,27.0,17.0,35.0,2.0,19.0
5597,2419236,732000,네이버페이 현대,71.0,서울 관악구,20,생산직,26,남,6.0,19.0,16.0,43.0,16.0
5598,3104220,1780000,하나 Simple카드,48.0,서울 서초구,30,회계,34,남,0.0,7.0,31.0,35.0,27.0
5599,1492442,1225000,삼성 taptap카드,53.0,경기 수원시,20,컨설턴트,29,여,6.0,10.0,10.0,55.0,19.0
5600,2476637,1575000,씨티 Premier카드,40.0,서울 노원구,20,디자이너,28,여,20.0,8.0,50.0,11.0,11.0
5601,2000904,1468000,카카오뱅크 체크,76.0,경기 성남시,20,서비스직,29,남,39.0,11.0,6.0,34.0,10.0
5602,3595157,1771000,신한 Deep카드,81.0,세종,20,연구원,25,여,26.0,53.0,2.0,16.0,3.0
5603,1965319,1750000,카카오뱅크 체크,74.0,인천 남동구,20,연구원,22,남,0.0,26.0,16.0,45.0,13.0
5604,2695364,1266000,네이버페이 현대,85.0,서울 동작구,30,마케팅,32,남,8.0,54.0,17.0,10.0,11.0
5605,1812611,891000,이마트 KB카드,54.0,서울 용산구,20,공무원,29,여,11.0,13.0,11.0,64.0,1.0
5606,2888938,994000,KB 혜담카드,48.0,경기 고양시,20,영업,24,여,30.0,2.0,1.0,53.0,14.0
5607,2063612,1280000,롯데 DC카드,85.0,광주 서구,20,영업,24,여,2.0,10.0,30.0,2.0,56.0
5608,1887542,1967000,현대 ZERO카드,83.0,서울 마포구,20,컨설턴트,24,남,30.0,4.0,29.0,22.0,15.0
5609,2853477,2302000,하나 Simple카드,68.0,서울 성동구,30,간호사,36,여,19.0,16.0,12.0,38.0,15.0
5610,2033752,870000,토스카드,80.0,서울 마포구,30,프리랜서,30,남,19.0,1.0,51.0,22.0,7.0
5611,3437577,2020000,IBK 두드림카드,83.0,서울 노원구,30,간호사,32,남,45.0,1.0,47.0,2.0,5.0
5612,3140699,1591000,토스카드,64.0,서울 서초구,20,마케팅,22,여,10.0,14.0,14.0,20.0,42.0
5613,3396625,801000,신한 Deep카드,70.0,경기 수원시,30,서비스직,35,남,2.0,27.0,1.0,21.0,49.0
5614,2568949,1768000,롯데 DC카드,77.0,인천 남동구,20,간호사,27,여,27.0,25.0,28.0,4.0,16.0
5615,2935030,795000,IBK 두드림카드,44.0,서울 관악구,30,디자이너,38,여,6.0,27.0,47.0,13.0,7.0
5616,4196795,1615000,현대 ZERO카드,71.0,서울 강남구,30,영업,37,남,19.0,34.0,4.0,11.0,32.0
5617,3846925,1054000,현대 ZERO카드,74.0,경기 수원시,30,대학생,38,남,57.0,9.0,5.0,28.0,1.0
5618,3307768,1269000,하나 Simple카드,57.0,인천 남동구,30,컨설턴트,31,남,12.0,18.0,38.0,22.0,10.0
5619,2701945,2356000,이마트 KB카드,77.0,서울 관악구,20,서비스직,28,남,5.0,4.0,6.0,30.0,55.0
5620,2057032,1739000,씨티 Premier카드,54.0,서울 강동구,30,회계,36,여,0.0,46.0,18.0,19.0,17.0
5621,2888146,1364000,현대 ZERO카드,57.0,인천 남동구,30,컨설턴트,31,여,18.0,35.0,7.0,32.0,8.0
5622,1747222,1087000,카카오뱅크 체크,71.0,울산 남구,20,연구원,27,남,60.0,18.0,14.0,1.0,7.0
5623,2066488,1309000,이마트 KB카드,54.0,경기 성남시,20,공무원,27,남,14.0,6.0,16.0,28.0,36.0
5624,1000000,1661000,하나 Simple카드,43.0,경기 성남시,20,기획,28,여,45.0,6.0,5.0,34.0,10.0
5625,2700714,1373000,토스카드,53.0,서울 송파구,30,영업,39,여,2.0,4.0,28.0,36.0,30.0
5626,1928063,1036000,KB 혜담카드,51.0,서울 마포구,20,개발자,27,남,17.0,14.0,21.0,5.0,43.0
5627,2805572,1020000,신한 Deep카드,55.0,서울 용산구,20,대학생,26,남,20.0,24.0,9.0,30.0,17.0
5628,2695096,946000,신한 Deep카드,57.0,서울 강남구,30,데이터분석가,39,여,34.0,31.0,3.0,7.0,25.0
5629,3786867,1953000,이마트 KB카드,59.0,서울 성동구,30,회계,33,남,36.0,3.0,19.0,14.0,28.0
5630,2241482,996000,이마트 KB카드,69.0,경기 고양시,30,영업,36,남,36.0,19.0,3.0,32.0,10.0
5631,3019193,586000,SSG 랜더스카드,48.0,대구 수성구,30,디자이너,30,여,22.0,9.0,32.0,26.0,11.0
5632,3302928,1324000,카카오뱅크 체크,62.0,서울 노원구,20,생산직,28,여,36.0,6.0,14.0,26.0,18.0
5633,2632079,2253000,카카오뱅크 체크,60.0,경기 성남시,20,디자이너,28,여,68.0,6.0,6.0,2.0,18.0
5634,2645174,1389000,하나 Simple카드,85.0,대전 유성구,20,디자이너,28,여,1.0,57.0,11.0,13.0,18.0
5635,2334798,866000,토스카드,71.0,경기 고양시,20,생산직,26,여,31.0,16.0,29.0,18.0,6.0
5636,1987665,1098000,카카오뱅크 체크,60.0,인천 남동구,20,회계,22,남,31.0,3.0,1.0,41.0,24.0
5637,2630596,811000,토스카드,74.0,서울 송파구,20,간호사,20,남,8.0,11.0,12.0,8.0,61.0
5638,1945741,1548000,토스카드,81.0,서울 송파구,30,디자이너,33,남,37.0,32.0,5.0,9.0,17.0
5639,2041122,699000,삼성 taptap카드,48.0,서울 성동구,20,연구원,29,남,1.0,20.0,20.0,23.0,36.0
5640,1614471,672000,이마트 KB카드,74.0,서울 송파구,30,간호사,38,여,5.0,11.0,50.0,23.0,11.0
5641,2148171,932000,이마트 KB카드,61.0,서울 송파구,30,서비스직,33,여,17.0,16.0,41.0,26.0,0.0
5642,2821022,960000,롯데 DC카드,63.0,서울 마포구,30,영업,32,여,28.0,13.0,2.0,51.0,6.0
5643,2752696,1884000,KB 혜담카드,43.0,서울 성동구,30,간호사,31,여,30.0,11.0,14.0,23.0,22.0
5644,3035639,806000,IBK 두드림카드,58.0,서울 동작구,30,생산직,31,남,7.0,1.0,62.0,3.0,27.0
5645,2335200,1893000,IBK 두드림카드,78.0,서울 동작구,20,서비스직,29,남,38.0,21.0,8.0,27.0,6.0
5646,1307067,1385000,SSG 랜더스카드,75.0,경기 성남시,20,공무원,28,여,36.0,20.0,19.0,14.0,11.0
5647,2313718,933000,현대 ZERO카드,84.0,대전 유성구,30,개발자,37,여,1.0,15.0,59.0,10.0,15.0
5648,2159324,2040000,네이버페이 현대,63.0,서울 서초구,30,디자이너,31,여,1.0,42.0,20.0,8.0,29.0
5649,2170470,2301000,토스카드,74.0,서울 강남구,30,서비스직,36,여,21.0,20.0,1.0,49.0,9.0
5650,2799789,760000,IBK 두드림카드,82.0,서울 강남구,30,서비스직,35,여,48.0,38.0,7.0,7.0,0.0
5651,1819746,1467000,삼성 taptap카드,79.0,경기 성남시,20,간호사,28,여,39.0,20.0,9.0,16.0,16.0
5652,1947659,1775000,토스카드,43.0,서울 성동구,20,생산직,22,남,23.0,6.0,23.0,39.0,9.0
5653,1456465,641000,우리 Young카드,80.0,대전 유성구,30,서비스직,33,여,2.0,17.0,45.0,36.0,0.0
5654,2102938,1736000,우리 Young카드,67.0,서울 마포구,20,마케팅,20,여,3.0,48.0,25.0,16.0,8.0
5655,2238513,679000,우리 Young카드,47.0,서울 강동구,30,영업,39,남,4.0,9.0,58.0,10.0,19.0
5656,2289601,2175000,SSG 랜더스카드,65.0,경기 수원시,20,영업,29,여,45.0,21.0,23.0,8.0,3.0
5657,2334224,1120000,KB 혜담카드,52.0,경기 고양시,30,영업,35,남,50.0,3.0,31.0,5.0,11.0
5658,2302271,1846000,IBK 두드림카드,58.0,경기 성남시,20,공무원,23,여,14.0,4.0,55.0,22.0,5.0
5659,2898719,1350000,IBK 두드림카드,68.0,서울 마포구,30,회계,30,남,4.0,19.0,5.0,30.0,42.0
5660,3086020,556000,NH 농협카드,52.0,세종,20,간호사,25,여,18.0,10.0,53.0,1.0,18.0
5661,3348052,911000,네이버페이 현대,63.0,광주 서구,30,컨설턴트,35,남,16.0,46.0,20.0,12.0,6.0
5662,1580181,858000,현대 ZERO카드,53.0,인천 남동구,30,기획,36,여,5.0,32.0,14.0,17.0,32.0
5663,2114577,1724000,롯데 DC카드,64.0,세종,30,서비스직,30,남,4.0,11.0,31.0,38.0,16.0
5664,3038645,1379000,KB 혜담카드,76.0,서울 마포구,30,영업,38,남,76.0,12.0,2.0,7.0,3.0
5665,2349106,1157000,NH 농협카드,73.0,세종,30,프리랜서,33,남,42.0,1.0,2.0,29.0,26.0
5666,1000000,1213000,네이버페이 현대,77.0,서울 송파구,20,데이터분석가,25,여,22.0,0.0,36.0,2.0,40.0
5667,3944682,1392000,네이버페이 현대,84.0,경기 수원시,30,회계,34,남,14.0,5.0,5.0,35.0,41.0
5668,2610112,1776000,하나 Simple카드,69.0,경기 고양시,20,데이터분석가,26,남,43.0,38.0,15.0,1.0,3.0
5669,2510488,1142000,토스카드,57.0,서울 마포구,20,마케팅,26,여,3.0,12.0,2.0,24.0,59.0
5670,1946338,1511000,씨티 Premier카드,65.0,서울 성동구,20,회계,28,여,33.0,2.0,6.0,20.0,39.0
5671,2713838,1209000,롯데 DC카드,74.0,서울 송파구,30,대학생,39,여,6.0,79.0,5.0,4.0,6.0
5672,1897819,1302000,신한 Deep카드,55.0,서울 서초구,20,기획,20,남,2.0,19.0,3.0,32.0,44.0
5673,2602428,1149000,하나 Simple카드,61.0,경기 성남시,30,영업,36,여,45.0,15.0,5.0,26.0,9.0
5674,2355591,1639000,네이버페이 현대,82.0,서울 용산구,30,데이터분석가,32,남,67.0,20.0,6.0,4.0,3.0
5675,4061401,1143000,씨티 Premier카드,69.0,서울 동작구,30,디자이너,38,남,9.0,45.0,13.0,17.0,16.0
5676,1464881,1510000,네이버페이 현대,41.0,서울 마포구,20,기획,27,여,19.0,20.0,10.0,46.0,5.0
5677,3116141,500000,하나 Simple카드,42.0,광주 서구,30,컨설턴트,33,여,43.0,3.0,18.0,7.0,29.0
5678,2519457,1456000,이마트 KB카드,68.0,대전 유성구,30,컨설턴트,33,여,6.0,48.0,9.0,21.0,16.0
5679,2005266,781000,롯데 DC카드,83.0,울산 남구,20,서비스직,27,남,29.0,35.0,2.0,10.0,24.0
5680,2333501,1189000,KB 혜담카드,62.0,서울 송파구,20,공무원,27,남,18.0,7.0,18.0,47.0,10.0
5681,3513343,1058000,KB 혜담카드,69.0,대구 수성구,30,생산직,34,남,35.0,10.0,15.0,17.0,23.0
5682,3183373,880000,SSG 랜더스카드,79.0,서울 동작구,30,공무원,39,여,28.0,26.0,42.0,3.0,1.0
5683,2406571,1094000,토스카드,80.0,서울 송파구,20,컨설턴트,26,남,25.0,7.0,7.0,17.0,44.0
5684,2376512,1168000,NH 농협카드,81.0,서울 강동구,30,연구원,38,남,6.0,10.0,2.0,33.0,49.0
5685,2277815,944000,롯데 DC카드,81.0,서울 강동구,20,컨설턴트,24,남,31.0,20.0,16.0,15.0,18.0
5686,3408396,2006000,하나 Simple카드,79.0,경기 수원시,30,간호사,34,여,13.0,35.0,11.0,3.0,38.0
5687,3943374,966000,씨티 Premier카드,64.0,서울 마포구,30,개발자,39,남,5.0,9.0,8.0,17.0,61.0
5688,2704381,2228000,이마트 KB카드,67.0,서울 용산구,20,공무원,27,여,58.0,0.0,4.0,32.0,6.0
5689,2647843,2015000,신한 Deep카드,40.0,대구 수성구,20,공무원,24,남,5.0,7.0,14.0,60.0,14.0
5690,2849725,1403000,IBK 두드림카드,81.0,인천 남동구,30,디자이너,32,여,1.0,49.0,27.0,11.0,12.0
5691,2829377,2060000,롯데 DC카드,62.0,서울 송파구,20,영업,21,남,17.0,22.0,20.0,17.0,24.0
5692,2021685,1283000,삼성 taptap카드,50.0,서울 강동구,20,기획,28,여,23.0,11.0,27.0,22.0,17.0
5693,1572456,1362000,SSG 랜더스카드,58.0,서울 송파구,20,프리랜서,29,여,11.0,20.0,33.0,24.0,12.0
5694,2284501,1871000,KB 혜담카드,74.0,서울 성동구,20,기획,23,남,22.0,65.0,3.0,7.0,3.0
5695,2091209,825000,현대 ZERO카드,85.0,경기 고양시,30,기획,30,여,10.0,35.0,1.0,23.0,31.0
5696,2261485,966000,SSG 랜더스카드,73.0,부산 해운대구,30,데이터분석가,39,남,3.0,60.0,10.0,1.0,26.0
5697,2139860,778000,토스카드,58.0,서울 성동구,30,대학생,30,여,14.0,25.0,14.0,2.0,45.0
5698,3492656,1357000,SSG 랜더스카드,48.0,부산 해운대구,20,생산직,27,여,25.0,0.0,32.0,26.0,17.0
5699,2318062,1203000,IBK 두드림카드,50.0,광주 서구,20,연구원,22,남,23.0,3.0,12.0,12.0,50.0
5700,3253335,506000,롯데 DC카드,76.0,서울 강남구,30,기획,34,남,8.0,20.0,22.0,16.0,34.0
5701,1638818,954000,NH 농협카드,58.0,서울 송파구,20,기획,24,남,5.0,15.0,5.0,32.0,43.0
5702,1709372,1670000,현대 ZERO카드,81.0,세종,30,생산직,33,남,6.0,32.0,17.0,17.0,28.0
5703,1840473,1868000,NH 농협카드,81.0,서울 마포구,20,대학생,28,남,16.0,1.0,61.0,17.0,5.0
5704,2969097,517000,삼성 taptap카드,44.0,서울 동작구,20,영업,27,남,65.0,6.0,16.0,7.0,6.0
5705,3233992,1726000,NH 농협카드,51.0,서울 서초구,30,서비스직,32,남,57.0,9.0,14.0,10.0,10.0
5706,2799297,1615000,하나 Simple카드,42.0,서울 노원구,30,디자이너,31,여,4.0,15.0,58.0,15.0,8.0
5707,2619283,1788000,현대 ZERO카드,63.0,대전 유성구,20,데이터분석가,29,남,18.0,46.0,4.0,4.0,28.0
5708,1954325,1537000,카카오뱅크 체크,54.0,서울 관악구,20,마케팅,22,남,43.0,5.0,19.0,6.0,27.0
5709,2943982,1074000,IBK 두드림카드,63.0,서울 용산구,20,생산직,29,여,17.0,38.0,5.0,13.0,27.0
5710,1933596,1121000,카카오뱅크 체크,74.0,대구 수성구,20,생산직,28,남,22.0,18.0,20.0,5.0,35.0
5711,2953116,1174000,현대 ZERO카드,43.0,서울 용산구,20,기획,20,남,75.0,17.0,4.0,2.0,2.0
5712,3309611,1292000,카카오뱅크 체크,70.0,서울 동작구,30,회계,34,남,39.0,9.0,1.0,50.0,1.0
5713,1605477,1489000,카카오뱅크 체크,70.0,서울 송파구,30,공무원,34,여,29.0,4.0,11.0,30.0,26.0
5714,2125995,1573000,신한 Deep카드,85.0,서울 강남구,30,간호사,32,여,13.0,6.0,45.0,35.0,1.0
5715,1750543,2180000,삼성 taptap카드,76.0,경기 성남시,30,기획,39,남,23.0,5.0,3.0,48.0,21.0
5716,2831641,1311000,씨티 Premier카드,76.0,서울 노원구,20,대학생,28,여,15.0,14.0,8.0,34.0,29.0
5717,2237632,1514000,KB 혜담카드,47.0,서울 강동구,20,간호사,21,여,9.0,4.0,73.0,3.0,11.0
5718,1135828,1140000,이마트 KB카드,69.0,대구 수성구,20,마케팅,27,여,12.0,19.0,17.0,15.0,37.0
5719,2437873,1027000,현대 ZERO카드,84.0,서울 서초구,20,공무원,28,여,14.0,30.0,37.0,11.0,8.0
5720,1981417,2212000,현대 ZERO카드,71.0,서울 성동구,20,영업,29,여,35.0,29.0,7.0,11.0,18.0
5721,1508097,1398000,SSG 랜더스카드,50.0,서울 노원구,20,데이터분석가,28,남,14.0,17.0,68.0,1.0,0.0
5722,3088982,662000,NH 농협카드,63.0,서울 서초구,20,마케팅,28,남,6.0,5.0,26.0,14.0,49.0
5723,3075100,651000,신한 Deep카드,65.0,서울 강남구,30,회계,33,남,5.0,10.0,7.0,17.0,61.0
5724,2353284,818000,이마트 KB카드,80.0,부산 해운대구,30,영업,39,여,34.0,13.0,18.0,1.0,34.0
5725,2300287,989000,토스카드,50.0,대구 수성구,30,컨설턴트,34,여,28.0,2.0,16.0,36.0,18.0
5726,1493360,1688000,씨티 Premier카드,78.0,서울 동작구,20,연구원,20,여,1.0,27.0,2.0,60.0,10.0
5727,1847725,814000,롯데 DC카드,58.0,울산 남구,30,프리랜서,33,여,33.0,16.0,28.0,14.0,9.0
5728,3899441,1093000,이마트 KB카드,65.0,서울 서초구,30,프리랜서,31,남,1.0,25.0,60.0,2.0,12.0
5729,2263058,914000,네이버페이 현대,80.0,대구 수성구,30,개발자,30,여,1.0,39.0,1.0,52.0,7.0
5730,2261033,2638000,삼성 taptap카드,47.0,서울 용산구,20,서비스직,29,여,6.0,8.0,18.0,62.0,6.0
5731,1477834,1213000,현대 ZERO카드,41.0,광주 서구,30,서비스직,30,여,5.0,2.0,75.0,12.0,6.0
5732,1840953,1274000,하나 Simple카드,50.0,서울 강남구,30,영업,32,여,37.0,9.0,12.0,29.0,13.0
5733,2554906,1731000,롯데 DC카드,56.0,광주 서구,20,개발자,27,여,15.0,1.0,16.0,65.0,3.0
5734,2438855,1055000,카카오뱅크 체크,74.0,서울 송파구,20,프리랜서,27,남,28.0,44.0,3.0,14.0,11.0
5735,3376687,1819000,삼성 taptap카드,71.0,서울 노원구,30,대학생,36,여,7.0,15.0,24.0,9.0,45.0
5736,3940069,1613000,카카오뱅크 체크,78.0,광주 서구,30,프리랜서,33,남,27.0,23.0,26.0,20.0,4.0
5737,2384644,1494000,신한 Deep카드,48.0,경기 고양시,30,기획,39,여,19.0,11.0,23.0,33.0,14.0
5738,2736476,672000,이마트 KB카드,74.0,서울 송파구,30,간호사,38,여,5.0,11.0,50.0,23.0,11.0
5739,2091698,1073000,KB 혜담카드,67.0,서울 서초구,20,프리랜서,24,남,17.0,9.0,8.0,26.0,40.0
5740,3277404,1891000,우리 Young카드,48.0,서울 동작구,20,서비스직,23,여,8.0,49.0,4.0,38.0,1.0
5741,3804310,854000,신한 Deep카드,61.0,서울 관악구,30,데이터분석가,31,남,23.0,17.0,23.0,6.0,31.0
5742,2334842,517000,삼성 taptap카드,44.0,서울 동작구,20,영업,27,남,65.0,6.0,16.0,7.0,6.0
5743,2350197,1092000,하나 Simple카드,62.0,울산 남구,20,데이터분석가,29,남,5.0,18.0,34.0,38.0,5.0
5744,3222425,1148000,IBK 두드림카드,49.0,서울 동작구,30,마케팅,36,여,61.0,23.0,5.0,8.0,3.0
5745,2789788,1628000,카카오뱅크 체크,42.0,대구 수성구,30,프리랜서,38,여,47.0,7.0,19.0,4.0,23.0
5746,3279314,1630000,롯데 DC카드,63.0,서울 용산구,30,영업,36,여,27.0,46.0,8.0,8.0,11.0
5747,1464446,990000,카카오뱅크 체크,49.0,서울 관악구,30,디자이너,33,남,12.0,17.0,0.0,43.0,28.0
5748,2730614,582000,신한 Deep카드,76.0,서울 용산구,30,컨설턴트,31,여,30.0,11.0,8.0,38.0,13.0
5749,2242282,937000,신한 Deep카드,66.0,대전 유성구,30,회계,30,여,24.0,10.0,48.0,17.0,1.0
5750,4229464,1156000,NH 농협카드,46.0,울산 남구,30,공무원,32,남,31.0,12.0,8.0,40.0,9.0
5751,3023199,1661000,이마트 KB카드,52.0,서울 강동구,20,프리랜서,29,남,46.0,15.0,7.0,28.0,4.0
5752,2266417,1080000,씨티 Premier카드,73.0,서울 마포구,20,공무원,27,남,6.0,62.0,3.0,6.0,23.0
5753,3267815,1599000,하나 Simple카드,40.0,세종,30,생산직,35,여,22.0,2.0,20.0,25.0,31.0
5754,3391557,2061000,IBK 두드림카드,61.0,서울 노원구,30,컨설턴트,33,여,9.0,18.0,31.0,35.0,7.0
5755,2287203,1939000,롯데 DC카드,79.0,인천 남동구,20,영업,28,여,2.0,40.0,37.0,6.0,15.0
5756,4730353,1346000,롯데 DC카드,44.0,울산 남구,30,영업,33,남,11.0,28.0,14.0,31.0,16.0
5757,2484329,1259000,NH 농협카드,84.0,서울 마포구,30,개발자,31,여,21.0,24.0,6.0,36.0,13.0
5758,2142739,924000,네이버페이 현대,61.0,세종,20,마케팅,26,남,17.0,20.0,10.0,39.0,14.0
5759,3606110,1364000,씨티 Premier카드,62.0,광주 서구,30,대학생,33,남,7.0,6.0,28.0,23.0,36.0
5760,2323104,1633000,롯데 DC카드,79.0,울산 남구,30,생산직,31,여,7.0,5.0,8.0,2.0,78.0
5761,3059737,1766000,IBK 두드림카드,64.0,대전 유성구,30,프리랜서,30,남,46.0,25.0,24.0,3.0,2.0
5762,2954717,520000,신한 Deep카드,75.0,경기 고양시,20,컨설턴트,21,여,10.0,3.0,86.0,1.0,0.0
5763,2259609,1192000,신한 Deep카드,74.0,서울 송파구,20,서비스직,29,남,32.0,0.0,24.0,8.0,36.0
5764,1652491,681000,이마트 KB카드,42.0,서울 성동구,30,데이터분석가,34,여,21.0,2.0,52.0,16.0,9.0
5765,3257123,1056000,하나 Simple카드,66.0,서울 성동구,30,기획,35,남,40.0,11.0,4.0,6.0,39.0
5766,1901853,809000,토스카드,46.0,부산 해운대구,20,개발자,27,여,5.0,25.0,28.0,20.0,22.0
5767,3605689,1693000,KB 혜담카드,66.0,부산 해운대구,30,프리랜서,31,남,42.0,24.0,0.0,21.0,13.0
5768,3487332,1302000,NH 농협카드,49.0,울산 남구,30,개발자,35,남,33.0,8.0,19.0,26.0,14.0
5769,2985700,2186000,우리 Young카드,73.0,광주 서구,20,생산직,26,여,3.0,52.0,21.0,16.0,8.0
5770,2703766,1670000,하나 Simple카드,57.0,경기 수원시,20,연구원,27,남,11.0,50.0,3.0,13.0,23.0
5771,3045122,912000,토스카드,61.0,서울 강남구,30,데이터분석가,38,여,30.0,45.0,12.0,6.0,7.0
5772,2165451,1649000,IBK 두드림카드,47.0,경기 성남시,30,데이터분석가,36,여,4.0,8.0,37.0,34.0,17.0
5773,3562790,1118000,카카오뱅크 체크,59.0,서울 강동구,30,마케팅,30,남,10.0,12.0,30.0,32.0,16.0
5774,3234225,2111000,삼성 taptap카드,52.0,서울 서초구,20,디자이너,27,남,17.0,27.0,25.0,12.0,19.0
5775,2155675,1045000,하나 Simple카드,55.0,서울 강동구,30,공무원,35,여,13.0,22.0,33.0,26.0,6.0
5776,3149869,1179000,우리 Young카드,66.0,서울 송파구,20,마케팅,26,여,23.0,33.0,24.0,17.0,3.0
5777,2225324,1935000,하나 Simple카드,42.0,경기 고양시,30,개발자,31,여,37.0,28.0,1.0,20.0,14.0
5778,1824014,1240000,우리 Young카드,58.0,경기 고양시,20,공무원,29,여,71.0,0.0,12.0,17.0,0.0
5779,2398100,2294000,삼성 taptap카드,57.0,서울 동작구,20,프리랜서,25,여,5.0,13.0,46.0,4.0,32.0
5780,3501137,1251000,하나 Simple카드,59.0,서울 노원구,30,기획,30,남,2.0,34.0,47.0,10.0,7.0
5781,2955875,1294000,토스카드,56.0,서울 노원구,30,서비스직,32,여,3.0,40.0,9.0,28.0,20.0
5782,2019118,646000,씨티 Premier카드,46.0,인천 남동구,30,마케팅,33,여,41.0,26.0,15.0,12.0,6.0
5783,2467270,1276000,삼성 taptap카드,70.0,세종,20,프리랜서,24,남,29.0,16.0,32.0,21.0,2.0
5784,2520111,1709000,토스카드,59.0,인천 남동구,30,회계,39,남,10.0,13.0,34.0,12.0,31.0
5785,1505538,1190000,IBK 두드림카드,40.0,부산 해운대구,20,영업,25,남,1.0,30.0,8.0,0.0,61.0
5786,1785631,1285000,SSG 랜더스카드,69.0,세종,20,마케팅,26,남,4.0,32.0,4.0,47.0,13.0
5787,1874549,628000,이마트 KB카드,76.0,서울 관악구,20,영업,27,여,44.0,7.0,29.0,7.0,13.0
5788,2510797,1872000,현대 ZERO카드,68.0,서울 동작구,20,대학생,29,남,19.0,14.0,13.0,44.0,10.0
5789,3806549,1082000,하나 Simple카드,85.0,경기 성남시,30,개발자,34,남,20.0,8.0,8.0,0.0,64.0
5790,1513396,1401000,IBK 두드림카드,56.0,서울 성동구,20,공무원,25,남,24.0,3.0,56.0,3.0,14.0
5791,2425980,1152000,신한 Deep카드,80.0,서울 노원구,20,개발자,25,여,1.0,11.0,47.0,40.0,1.0
5792,1911650,1058000,KB 혜담카드,69.0,대구 수성구,30,생산직,34,여,35.0,10.0,15.0,17.0,23.0
5793,2564542,1612000,카카오뱅크 체크,77.0,서울 마포구,20,생산직,29,남,13.0,17.0,5.0,2.0,63.0
5794,1938634,1534000,NH 농협카드,56.0,서울 용산구,20,대학생,25,남,26.0,7.0,57.0,7.0,3.0
5795,1974335,1343000,카카오뱅크 체크,79.0,광주 서구,30,생산직,36,여,3.0,37.0,22.0,22.0,16.0
5796,2899832,926000,삼성 taptap카드,71.0,서울 서초구,30,연구원,36,여,11.0,54.0,28.0,5.0,2.0
5797,2589154,2266000,롯데 DC카드,58.0,세종,30,프리랜서,34,남,0.0,21.0,8.0,50.0,21.0
5798,2092018,886000,이마트 KB카드,56.0,경기 고양시,20,개발자,28,남,45.0,9.0,17.0,3.0,26.0
5799,1140005,1479000,SSG 랜더스카드,79.0,광주 서구,20,공무원,26,남,2.0,34.0,6.0,41.0,17.0
5800,3662585,1863000,이마트 KB카드,82.0,울산 남구,30,컨설턴트,30,남,28.0,18.0,2.0,30.0,22.0
5801,2660454,715000,우리 Young카드,44.0,서울 용산구,20,마케팅,26,여,2.0,4.0,19.0,52.0,23.0
5802,2502728,1791000,KB 혜담카드,63.0,경기 수원시,30,마케팅,35,여,23.0,6.0,54.0,0.0,17.0
5803,1486209,1060000,IBK 두드림카드,73.0,광주 서구,20,개발자,27,남,24.0,1.0,63.0,3.0,9.0
5804,3104684,1133000,카카오뱅크 체크,67.0,대구 수성구,30,마케팅,32,여,16.0,37.0,23.0,18.0,6.0
5805,2533615,1488000,현대 ZERO카드,61.0,서울 서초구,30,데이터분석가,30,남,23.0,46.0,0.0,3.0,28.0
5806,2273323,1315000,토스카드,78.0,경기 성남시,30,영업,35,여,59.0,2.0,1.0,24.0,14.0
5807,3406022,1589000,신한 Deep카드,50.0,부산 해운대구,20,데이터분석가,23,여,1.0,1.0,10.0,75.0,13.0
5808,1898181,1732000,하나 Simple카드,81.0,경기 성남시,20,대학생,28,남,20.0,24.0,32.0,10.0,14.0
5809,3519546,1494000,하나 Simple카드,85.0,인천 남동구,30,개발자,32,남,11.0,38.0,4.0,22.0,25.0
5810,2781046,1349000,하나 Simple카드,65.0,서울 성동구,30,대학생,35,여,6.0,13.0,9.0,62.0,10.0
5811,2445086,937000,IBK 두드림카드,64.0,서울 강동구,20,영업,23,남,18.0,8.0,9.0,11.0,54.0
5812,3197400,2077000,KB 혜담카드,69.0,서울 용산구,30,연구원,37,남,56.0,18.0,1.0,1.0,24.0
5813,2438194,702000,하나 Simple카드,40.0,서울 성동구,20,대학생,26,여,9.0,31.0,36.0,6.0,18.0
5814,2635970,1365000,롯데 DC카드,68.0,세종,30,간호사,31,여,13.0,47.0,1.0,37.0,2.0
5815,2224040,2042000,현대 ZERO카드,80.0,서울 강동구,20,영업,25,남,20.0,68.0,0.0,8.0,4.0
5816,3255641,697000,토스카드,74.0,서울 동작구,30,간호사,33,여,25.0,11.0,62.0,1.0,1.0
5817,1593669,1154000,삼성 taptap카드,64.0,서울 서초구,20,서비스직,24,남,3.0,22.0,1.0,70.0,4.0
5818,2760729,1003000,삼성 taptap카드,82.0,광주 서구,20,디자이너,26,여,21.0,3.0,15.0,49.0,12.0
5819,2911171,2258000,하나 Simple카드,72.0,서울 노원구,30,개발자,34,여,35.0,3.0,2.0,22.0,38.0
5820,2849199,1276000,신한 Deep카드,46.0,서울 관악구,30,디자이너,34,여,16.0,1.0,46.0,2.0,35.0
5821,2808489,1141000,토스카드,56.0,서울 강남구,20,회계,26,남,85.0,9.0,2.0,2.0,2.0
5822,2453700,1118000,토스카드,74.0,서울 관악구,30,대학생,33,여,21.0,0.0,37.0,7.0,35.0
5823,1315512,1135000,씨티 Premier카드,52.0,서울 관악구,20,개발자,27,여,6.0,11.0,70.0,6.0,7.0
5824,2949395,1884000,우리 Young카드,57.0,서울 송파구,30,서비스직,39,남,4.0,12.0,29.0,15.0,40.0
5825,2306164,1494000,토스카드,58.0,서울 서초구,30,연구원,30,남,1.0,36.0,4.0,35.0,24.0
5826,1884070,591000,네이버페이 현대,76.0,대전 유성구,20,서비스직,27,남,13.0,12.0,46.0,24.0,5.0
5827,1628790,931000,신한 Deep카드,43.0,광주 서구,20,연구원,22,남,48.0,16.0,10.0,24.0,2.0
5828,2011327,1660000,우리 Young카드,47.0,경기 성남시,20,영업,23,여,6.0,26.0,17.0,1.0,50.0
5829,2582363,1254000,신한 Deep카드,51.0,세종,30,디자이너,32,남,21.0,46.0,8.0,19.0,6.0
5830,1061215,1009000,토스카드,73.0,서울 송파구,20,마케팅,29,남,11.0,51.0,13.0,6.0,19.0
5831,2600110,1225000,롯데 DC카드,85.0,서울 용산구,20,회계,29,여,0.0,5.0,26.0,48.0,21.0
5832,3360160,1893000,하나 Simple카드,60.0,서울 관악구,20,영업,25,남,2.0,11.0,42.0,19.0,26.0
5833,2803118,941000,현대 ZERO카드,50.0,부산 해운대구,30,기획,34,여,8.0,32.0,44.0,3.0,13.0
5834,2148538,1625000,신한 Deep카드,44.0,서울 관악구,20,마케팅,24,남,19.0,3.0,65.0,13.0,0.0
5835,2472626,1228000,하나 Simple카드,78.0,세종,30,디자이너,30,여,10.0,25.0,8.0,47.0,10.0
5836,2289507,1408000,롯데 DC카드,44.0,서울 마포구,30,마케팅,34,여,7.0,14.0,4.0,38.0,37.0
5837,2545020,1471000,KB 혜담카드,46.0,광주 서구,30,회계,33,여,20.0,12.0,45.0,9.0,14.0
5838,2974094,1930000,NH 농협카드,60.0,서울 강동구,30,마케팅,32,남,46.0,0.0,18.0,3.0,33.0
5839,1829475,2086000,삼성 taptap카드,55.0,서울 관악구,20,데이터분석가,26,여,27.0,11.0,23.0,4.0,35.0
5840,4178021,1381000,SSG 랜더스카드,62.0,서울 노원구,30,서비스직,31,남,7.0,19.0,51.0,12.0,11.0
5841,1506422,1900000,KB 혜담카드,61.0,서울 노원구,20,공무원,24,남,9.0,11.0,52.0,15.0,13.0
5842,3502832,2166000,토스카드,82.0,서울 송파구,30,개발자,32,남,14.0,64.0,4.0,11.0,7.0
5843,2199401,1158000,네이버페이 현대,48.0,서울 동작구,20,개발자,22,여,10.0,8.0,13.0,21.0,48.0
5844,3200415,812000,SSG 랜더스카드,51.0,경기 고양시,20,연구원,28,남,5.0,82.0,3.0,5.0,5.0
5845,2420432,1207000,KB 혜담카드,60.0,서울 노원구,20,데이터분석가,24,여,9.0,49.0,10.0,8.0,24.0
5846,2070047,1676000,SSG 랜더스카드,62.0,서울 마포구,20,간호사,27,남,36.0,14.0,40.0,5.0,5.0
5847,2826604,1158000,이마트 KB카드,46.0,서울 강남구,30,간호사,31,남,24.0,28.0,4.0,26.0,18.0
5848,2519953,1771000,신한 Deep카드,43.0,세종,30,연구원,36,여,4.0,12.0,62.0,7.0,15.0
5849,1678604,1934000,현대 ZERO카드,52.0,경기 고양시,20,영업,23,남,47.0,23.0,3.0,15.0,12.0
5850,2116565,1098000,하나 Simple카드,79.0,광주 서구,30,컨설턴트,31,여,34.0,19.0,27.0,7.0,13.0
5851,1750539,1101000,현대 ZERO카드,72.0,부산 해운대구,30,공무원,31,남,4.0,49.0,7.0,2.0,38.0
5852,1788511,2111000,삼성 taptap카드,52.0,서울 서초구,20,디자이너,27,여,17.0,27.0,25.0,12.0,19.0
5853,2546953,1122000,신한 Deep카드,72.0,서울 강남구,30,디자이너,36,여,10.0,50.0,18.0,6.0,16.0
5854,2400087,773000,현대 ZERO카드,66.0,부산 해운대구,20,생산직,25,남,18.0,20.0,12.0,23.0,27.0
5855,1614469,1024000,네이버페이 현대,84.0,대전 유성구,30,간호사,30,남,2.0,1.0,48.0,20.0,29.0
5856,2431394,1776000,IBK 두드림카드,82.0,부산 해운대구,30,영업,31,여,0.0,24.0,6.0,16.0,54.0
5857,2781704,1722000,카카오뱅크 체크,46.0,서울 성동구,30,프리랜서,32,여,6.0,11.0,70.0,4.0,9.0
5858,2885961,2090000,IBK 두드림카드,43.0,대구 수성구,30,공무원,32,남,9.0,12.0,23.0,39.0,17.0
5859,2556347,1236000,IBK 두드림카드,54.0,서울 관악구,30,연구원,31,남,49.0,14.0,3.0,3.0,31.0
5860,2293919,1143000,이마트 KB카드,43.0,서울 노원구,30,공무원,31,여,3.0,1.0,11.0,73.0,12.0
5861,1979618,1237000,우리 Young카드,41.0,울산 남구,20,영업,24,여,5.0,16.0,8.0,32.0,39.0
5862,1931634,952000,신한 Deep카드,61.0,서울 관악구,20,생산직,23,남,21.0,17.0,10.0,39.0,13.0
5863,2336911,1105000,KB 혜담카드,84.0,경기 고양시,20,컨설턴트,22,남,28.0,8.0,48.0,15.0,1.0
5864,4615381,1566000,현대 ZERO카드,83.0,서울 관악구,30,영업,33,남,1.0,1.0,5.0,48.0,45.0
5865,2128150,989000,토스카드,50.0,대구 수성구,30,컨설턴트,34,여,28.0,2.0,16.0,36.0,18.0
5866,2777300,1772000,현대 ZERO카드,60.0,울산 남구,30,공무원,33,남,13.0,6.0,3.0,78.0,0.0
5867,2224151,1554000,NH 농협카드,76.0,서울 송파구,20,간호사,22,여,34.0,6.0,36.0,16.0,8.0
5868,2518851,1573000,카카오뱅크 체크,64.0,서울 노원구,30,데이터분석가,33,남,1.0,1.0,28.0,33.0,37.0
5869,2799117,1252000,SSG 랜더스카드,62.0,광주 서구,20,대학생,29,남,9.0,49.0,20.0,17.0,5.0
5870,1064557,1874000,현대 ZERO카드,56.0,광주 서구,20,프리랜서,27,여,60.0,14.0,2.0,21.0,3.0
5871,2234470,1047000,현대 ZERO카드,50.0,서울 송파구,30,대학생,34,여,42.0,15.0,27.0,4.0,12.0
5872,2909156,2640000,우리 Young카드,77.0,경기 성남시,30,서비스직,33,여,17.0,27.0,22.0,12.0,22.0
5873,2102952,765000,토스카드,62.0,부산 해운대구,20,데이터분석가,28,남,50.0,27.0,16.0,5.0,2.0
5874,1839580,1396000,삼성 taptap카드,75.0,경기 고양시,20,생산직,26,여,9.0,21.0,14.0,38.0,18.0
5875,2470378,1269000,KB 혜담카드,80.0,광주 서구,20,컨설턴트,28,여,6.0,36.0,4.0,42.0,12.0
5876,3634440,1079000,씨티 Premier카드,68.0,서울 서초구,30,프리랜서,31,남,31.0,31.0,15.0,3.0,20.0
5877,3147444,1751000,카카오뱅크 체크,80.0,울산 남구,30,개발자,31,남,15.0,5.0,5.0,23.0,52.0
5878,2439145,1313000,토스카드,52.0,세종,30,회계,34,남,51.0,2.0,7.0,14.0,26.0
5879,2478101,1620000,신한 Deep카드,67.0,대구 수성구,20,공무원,23,남,30.0,18.0,16.0,30.0,6.0
5880,2048975,1397000,KB 혜담카드,64.0,경기 성남시,20,마케팅,27,여,63.0,1.0,22.0,12.0,2.0
5881,3521630,1245000,네이버페이 현대,69.0,경기 고양시,30,서비스직,30,남,2.0,30.0,26.0,16.0,26.0
5882,2991629,1011000,신한 Deep카드,60.0,서울 관악구,20,컨설턴트,24,여,33.0,1.0,16.0,23.0,27.0
5883,1000000,950000,롯데 DC카드,77.0,서울 관악구,20,생산직,23,여,35.0,0.0,15.0,12.0,38.0
5884,2305533,981000,씨티 Premier카드,41.0,인천 남동구,20,개발자,20,여,15.0,8.0,17.0,48.0,12.0
5885,1382133,541000,이마트 KB카드,52.0,서울 송파구,20,연구원,21,여,24.0,21.0,42.0,7.0,6.0
5886,4709252,1328000,네이버페이 현대,76.0,광주 서구,30,컨설턴트,31,남,11.0,19.0,21.0,24.0,25.0
5887,2015937,716000,우리 Young카드,47.0,서울 관악구,20,마케팅,20,남,30.0,20.0,4.0,7.0,39.0
5888,3522461,1294000,토스카드,56.0,서울 노원구,30,서비스직,32,남,3.0,40.0,9.0,28.0,20.0
5889,2232341,2020000,롯데 DC카드,77.0,인천 남동구,20,마케팅,29,여,3.0,46.0,4.0,39.0,8.0
5890,2437840,992000,SSG 랜더스카드,52.0,부산 해운대구,30,영업,30,남,15.0,9.0,29.0,32.0,15.0
5891,1788973,1499000,신한 Deep카드,78.0,광주 서구,20,공무원,25,여,32.0,8.0,15.0,37.0,8.0
5892,4109975,1214000,신한 Deep카드,81.0,서울 마포구,30,컨설턴트,32,남,51.0,29.0,7.0,8.0,5.0
5893,3669156,1446000,현대 ZERO카드,42.0,서울 강남구,30,영업,39,남,7.0,16.0,43.0,7.0,27.0
5894,4360508,1213000,카카오뱅크 체크,45.0,서울 동작구,30,영업,32,남,27.0,8.0,25.0,15.0,25.0
5895,2277726,1036000,KB 혜담카드,51.0,서울 마포구,20,개발자,27,여,17.0,14.0,21.0,5.0,43.0
5896,2643959,1510000,롯데 DC카드,69.0,경기 성남시,30,디자이너,37,여,39.0,12.0,24.0,16.0,9.0
5897,2116404,1190000,IBK 두드림카드,40.0,부산 해운대구,20,영업,25,남,1.0,30.0,8.0,0.0,61.0
5898,2106458,1294000,신한 Deep카드,45.0,서울 관악구,20,서비스직,26,여,12.0,21.0,15.0,1.0,51.0
5899,1729056,1335000,토스카드,64.0,경기 수원시,20,데이터분석가,29,남,1.0,29.0,64.0,3.0,3.0
5900,2292005,1145000,KB 혜담카드,77.0,경기 성남시,20,연구원,26,여,43.0,20.0,6.0,18.0,13.0
5901,2105376,1656000,신한 Deep카드,44.0,경기 수원시,30,프리랜서,31,여,26.0,35.0,1.0,1.0,37.0
5902,3309336,1391000,우리 Young카드,41.0,서울 강남구,30,컨설턴트,30,남,5.0,6.0,20.0,62.0,7.0
5903,2335005,1303000,하나 Simple카드,41.0,서울 서초구,20,기획,26,여,15.0,16.0,20.0,12.0,37.0
5904,3201377,559000,롯데 DC카드,52.0,서울 송파구,30,서비스직,37,남,13.0,31.0,31.0,10.0,15.0
5905,3337564,948000,삼성 taptap카드,84.0,서울 용산구,30,공무원,38,여,19.0,38.0,32.0,8.0,3.0
5906,2231141,1784000,우리 Young카드,83.0,광주 서구,20,프리랜서,24,남,20.0,43.0,4.0,3.0,30.0
5907,2878363,1107000,카카오뱅크 체크,68.0,대전 유성구,30,생산직,36,여,17.0,18.0,33.0,21.0,11.0
5908,3275754,1833000,SSG 랜더스카드,83.0,부산 해운대구,20,대학생,24,남,4.0,51.0,32.0,4.0,9.0
5909,2903308,1127000,IBK 두드림카드,63.0,서울 송파구,20,프리랜서,27,여,3.0,6.0,28.0,52.0,11.0
5910,2826584,809000,현대 ZERO카드,71.0,경기 수원시,20,연구원,23,여,34.0,12.0,20.0,11.0,23.0
5911,2346655,829000,IBK 두드림카드,74.0,서울 송파구,30,서비스직,39,여,1.0,66.0,24.0,1.0,8.0
5912,2364821,1546000,KB 혜담카드,57.0,대전 유성구,20,데이터분석가,23,여,28.0,29.0,8.0,13.0,22.0
5913,1590861,1271000,카카오뱅크 체크,52.0,세종,20,데이터분석가,28,여,4.0,36.0,43.0,15.0,2.0
5914,3349240,1612000,씨티 Premier카드,55.0,경기 수원시,30,연구원,35,남,22.0,23.0,15.0,37.0,3.0
5915,3192122,1218000,씨티 Premier카드,65.0,경기 수원시,30,간호사,38,남,3.0,7.0,30.0,4.0,56.0
5916,2261692,805000,IBK 두드림카드,55.0,대전 유성구,20,서비스직,23,남,32.0,19.0,1.0,40.0,8.0
5917,3013597,935000,씨티 Premier카드,76.0,부산 해운대구,30,마케팅,34,여,1.0,62.0,6.0,29.0,2.0
5918,1646112,996000,SSG 랜더스카드,66.0,서울 서초구,20,영업,29,남,37.0,6.0,9.0,33.0,15.0
5919,3067431,1645000,KB 혜담카드,79.0,서울 송파구,20,디자이너,24,여,2.0,5.0,5.0,87.0,1.0
5920,2700882,1514000,신한 Deep카드,44.0,부산 해운대구,20,대학생,22,여,48.0,7.0,24.0,16.0,5.0
5921,2950556,1158000,신한 Deep카드,64.0,서울 서초구,30,디자이너,39,남,27.0,6.0,33.0,27.0,7.0
5922,2175635,1622000,신한 Deep카드,41.0,서울 성동구,20,회계,29,남,50.0,8.0,27.0,7.0,8.0
5923,2490305,1420000,KB 혜담카드,47.0,서울 노원구,20,영업,27,남,4.0,1.0,32.0,37.0,26.0
5924,3010425,1305000,신한 Deep카드,40.0,서울 용산구,20,프리랜서,23,남,3.0,8.0,6.0,63.0,20.0
5925,2300803,1387000,카카오뱅크 체크,79.0,서울 용산구,20,회계,20,남,48.0,20.0,6.0,8.0,18.0
5926,3100821,1858000,현대 ZERO카드,61.0,서울 관악구,30,서비스직,31,남,25.0,4.0,60.0,9.0,2.0
5927,2259059,1385000,삼성 taptap카드,66.0,서울 강동구,20,영업,29,여,25.0,26.0,38.0,11.0,0.0
5928,3391012,1149000,NH 농협카드,84.0,서울 송파구,30,서비스직,36,여,6.0,24.0,21.0,21.0,28.0
5929,2065558,1074000,씨티 Premier카드,47.0,대구 수성구,20,영업,24,남,11.0,3.0,18.0,55.0,13.0
5930,2235246,1073000,씨티 Premier카드,74.0,서울 서초구,20,프리랜서,26,남,8.0,17.0,13.0,47.0,15.0
5931,4024404,2120000,IBK 두드림카드,53.0,서울 동작구,30,마케팅,31,남,13.0,74.0,0.0,1.0,12.0
5932,2573505,1451000,씨티 Premier카드,81.0,서울 용산구,30,데이터분석가,34,여,25.0,21.0,24.0,3.0,27.0
5933,2818529,869000,신한 Deep카드,73.0,경기 수원시,20,간호사,20,여,2.0,75.0,6.0,5.0,12.0
5934,2362103,1491000,롯데 DC카드,51.0,대구 수성구,30,기획,37,남,10.0,1.0,44.0,16.0,29.0
5935,2147353,972000,우리 Young카드,65.0,서울 동작구,20,데이터분석가,24,남,27.0,1.0,49.0,22.0,1.0
5936,3242217,1239000,토스카드,66.0,대전 유성구,30,컨설턴트,30,여,10.0,0.0,58.0,1.0,31.0
5937,2161830,1057000,네이버페이 현대,76.0,세종,30,컨설턴트,30,여,0.0,0.0,9.0,55.0,36.0
5938,2174350,845000,삼성 taptap카드,67.0,서울 동작구,20,기획,27,남,17.0,27.0,17.0,9.0,30.0
5939,2628342,2058000,롯데 DC카드,43.0,서울 서초구,30,간호사,35,여,26.0,32.0,24.0,5.0,13.0
5940,1755422,1696000,IBK 두드림카드,56.0,서울 관악구,20,기획,27,남,8.0,7.0,2.0,50.0,33.0
5941,2043094,1180000,SSG 랜더스카드,42.0,광주 서구,20,간호사,28,남,42.0,6.0,48.0,0.0,4.0
5942,2306318,686000,SSG 랜더스카드,66.0,서울 마포구,20,디자이너,28,여,27.0,2.0,24.0,19.0,28.0
5943,2523340,1324000,현대 ZERO카드,41.0,대전 유성구,30,프리랜서,32,여,40.0,0.0,45.0,10.0,5.0
5944,2890176,1179000,우리 Young카드,66.0,서울 송파구,20,마케팅,26,남,23.0,33.0,24.0,17.0,3.0
5945,3270728,1118000,네이버페이 현대,42.0,대구 수성구,30,대학생,33,여,13.0,6.0,54.0,4.0,23.0
5946,1821957,2302000,IBK 두드림카드,56.0,서울 강남구,20,마케팅,28,남,2.0,21.0,65.0,6.0,6.0
5947,2555634,1481000,현대 ZERO카드,59.0,경기 수원시,30,영업,38,여,3.0,10.0,57.0,14.0,16.0
5948,2587124,869000,삼성 taptap카드,72.0,서울 마포구,20,마케팅,29,남,12.0,2.0,7.0,77.0,2.0
5949,3258173,654000,삼성 taptap카드,55.0,인천 남동구,30,디자이너,33,여,5.0,14.0,26.0,51.0,4.0
5950,2859245,925000,하나 Simple카드,50.0,서울 성동구,30,회계,39,여,6.0,15.0,3.0,28.0,48.0
5951,3203639,1816000,하나 Simple카드,47.0,서울 서초구,30,대학생,30,남,1.0,16.0,64.0,2.0,17.0
5952,2833271,1472000,삼성 taptap카드,45.0,울산 남구,30,공무원,38,여,1.0,6.0,6.0,34.0,53.0
5953,2586884,1080000,씨티 Premier카드,73.0,서울 마포구,20,공무원,27,여,6.0,62.0,3.0,6.0,23.0
5954,2036142,1119000,KB 혜담카드,78.0,경기 수원시,30,디자이너,39,여,38.0,2.0,12.0,22.0,26.0
5955,3134959,1230000,네이버페이 현대,64.0,대구 수성구,30,생산직,30,남,18.0,3.0,33.0,43.0,3.0
5956,3229580,987000,삼성 taptap카드,77.0,대전 유성구,30,간호사,30,여,7.0,8.0,58.0,21.0,6.0
5957,2146321,940000,씨티 Premier카드,79.0,경기 고양시,20,영업,29,여,8.0,43.0,35.0,8.0,6.0
5958,3090612,1619000,신한 Deep카드,45.0,서울 용산구,30,회계,30,남,30.0,22.0,6.0,33.0,9.0
5959,2128741,2016000,하나 Simple카드,52.0,서울 강남구,20,공무원,25,여,38.0,2.0,1.0,12.0,47.0
5960,1380298,1791000,네이버페이 현대,42.0,서울 노원구,30,기획,39,남,27.0,9.0,18.0,46.0,0.0
5961,2260295,863000,NH 농협카드,45.0,서울 마포구,20,프리랜서,26,남,22.0,17.0,25.0,16.0,20.0
5962,2650895,918000,KB 혜담카드,82.0,경기 수원시,30,공무원,30,여,27.0,11.0,10.0,47.0,5.0
5963,1993753,668000,하나 Simple카드,42.0,서울 동작구,20,개발자,29,여,16.0,15.0,2.0,16.0,51.0
5964,1672681,849000,IBK 두드림카드,48.0,서울 용산구,20,기획,28,여,28.0,1.0,40.0,28.0,3.0
5965,2383575,1081000,SSG 랜더스카드,63.0,세종,30,데이터분석가,30,남,11.0,11.0,2.0,75.0,1.0
5966,2632093,1181000,카카오뱅크 체크,54.0,대전 유성구,20,생산직,23,여,29.0,36.0,6.0,12.0,17.0
5967,3236262,1345000,현대 ZERO카드,72.0,서울 강남구,20,기획,29,남,0.0,60.0,19.0,17.0,4.0
5968,2941216,743000,NH 농협카드,73.0,서울 강남구,20,영업,29,남,15.0,26.0,39.0,5.0,15.0
5969,2058957,1445000,우리 Young카드,70.0,대전 유성구,30,데이터분석가,32,남,13.0,9.0,9.0,15.0,54.0
5970,2927313,847000,씨티 Premier카드,72.0,경기 고양시,30,마케팅,31,여,27.0,1.0,9.0,26.0,37.0
5971,1918418,1326000,현대 ZERO카드,55.0,광주 서구,20,영업,20,여,30.0,4.0,25.0,13.0,28.0
5972,2208866,1451000,씨티 Premier카드,81.0,서울 용산구,30,데이터분석가,34,여,25.0,21.0,24.0,3.0,27.0
5973,2019012,617000,신한 Deep카드,84.0,서울 강남구,20,생산직,24,여,10.0,27.0,37.0,16.0,10.0
5974,3494246,1275000,IBK 두드림카드,51.0,서울 용산구,30,공무원,32,남,13.0,12.0,2.0,32.0,41.0
5975,2979626,1508000,씨티 Premier카드,82.0,서울 강동구,30,기획,33,여,3.0,6.0,23.0,37.0,31.0
5976,2200984,1540000,신한 Deep카드,68.0,인천 남동구,20,영업,22,남,11.0,15.0,9.0,37.0,28.0
5977,2943250,1247000,삼성 taptap카드,66.0,서울 성동구,30,공무원,30,남,29.0,23.0,14.0,29.0,5.0
5978,2482131,1095000,신한 Deep카드,51.0,대전 유성구,20,생산직,27,남,3.0,57.0,12.0,12.0,16.0
5979,2783997,1772000,현대 ZERO카드,60.0,울산 남구,30,공무원,33,여,13.0,6.0,3.0,78.0,0.0
5980,3088112,1005000,SSG 랜더스카드,60.0,서울 성동구,30,대학생,30,여,3.0,1.0,81.0,6.0,9.0
5981,1607814,1789000,하나 Simple카드,40.0,울산 남구,20,마케팅,28,여,9.0,21.0,33.0,19.0,18.0
5982,3014019,1061000,네이버페이 현대,76.0,서울 마포구,30,데이터분석가,36,남,42.0,28.0,8.0,11.0,11.0
5983,1715987,1178000,우리 Young카드,68.0,서울 성동구,20,마케팅,26,남,24.0,4.0,4.0,51.0,17.0
5984,2224528,925000,현대 ZERO카드,71.0,광주 서구,20,개발자,24,여,56.0,2.0,13.0,19.0,10.0
5985,2136912,611000,SSG 랜더스카드,78.0,광주 서구,20,영업,20,남,7.0,15.0,47.0,28.0,3.0
5986,2226625,1360000,NH 농협카드,84.0,서울 송파구,20,데이터분석가,27,여,15.0,1.0,34.0,41.0,9.0
5987,1850128,1013000,SSG 랜더스카드,65.0,세종,20,마케팅,22,여,82.0,4.0,10.0,2.0,2.0
5988,1506355,885000,IBK 두드림카드,48.0,광주 서구,20,디자이너,28,남,39.0,11.0,27.0,12.0,11.0
5989,1202781,701000,삼성 taptap카드,66.0,대전 유성구,20,연구원,28,여,27.0,3.0,1.0,53.0,16.0
5990,2434409,1690000,신한 Deep카드,69.0,부산 해운대구,30,회계,30,여,17.0,13.0,45.0,17.0,8.0
5991,2698299,1014000,현대 ZERO카드,42.0,광주 서구,30,프리랜서,31,남,19.0,11.0,24.0,10.0,36.0
5992,1912031,2203000,삼성 taptap카드,72.0,서울 강남구,20,데이터분석가,28,여,31.0,12.0,15.0,28.0,14.0
5993,2911274,617000,신한 Deep카드,84.0,서울 강남구,20,생산직,24,남,10.0,27.0,37.0,16.0,10.0
5994,1820280,600000,NH 농협카드,56.0,서울 서초구,20,간호사,22,여,40.0,16.0,8.0,13.0,23.0
5995,2958417,2264000,우리 Young카드,65.0,서울 동작구,20,프리랜서,25,여,0.0,45.0,13.0,7.0,35.0
5996,3311921,1189000,SSG 랜더스카드,53.0,대전 유성구,30,회계,31,여,21.0,18.0,51.0,5.0,5.0
5997,1524549,1762000,SSG 랜더스카드,52.0,경기 성남시,30,연구원,34,여,33.0,2.0,10.0,34.0,21.0
5998,3064667,1816000,삼성 taptap카드,47.0,서울 강동구,30,컨설턴트,31,남,8.0,13.0,17.0,39.0,23.0
5999,2300151,1014000,우리 Young카드,64.0,대구 수성구,30,간호사,32,여,4.0,9.0,24.0,32.0,31.0
6000,1000000,672000,SSG 랜더스카드,62.0,서울 동작구,20,기획,29,남,1.0,22.0,7.0,38.0,32.0
6001,1777679,1665000,하나 Simple카드,74.0,서울 관악구,30,기획,33,여,2.0,9.0,8.0,46.0,35.0
6002,2637468,1406000,우리 Young카드,41.0,인천 남동구,20,마케팅,24,여,19.0,5.0,8.0,23.0,45.0
6003,3259599,569000,롯데 DC카드,61.0,서울 관악구,20,개발자,29,남,3.0,41.0,28.0,1.0,27.0
6004,2701339,1137000,NH 농협카드,58.0,서울 강남구,20,회계,27,남,7.0,21.0,1.0,13.0,58.0
6005,2411816,875000,우리 Young카드,84.0,서울 마포구,20,데이터분석가,26,여,15.0,23.0,14.0,36.0,12.0
6006,2489333,1521000,이마트 KB카드,41.0,대전 유성구,30,서비스직,30,여,17.0,70.0,7.0,0.0,6.0
6007,3091331,992000,KB 혜담카드,47.0,서울 강남구,20,디자이너,25,남,22.0,38.0,22.0,11.0,7.0
6008,4503767,1615000,현대 ZERO카드,71.0,서울 강남구,30,영업,37,남,19.0,34.0,4.0,11.0,32.0
6009,1956578,1939000,롯데 DC카드,79.0,인천 남동구,20,영업,28,남,2.0,40.0,37.0,6.0,15.0
6010,1250006,1806000,NH 농협카드,69.0,서울 동작구,20,연구원,21,여,63.0,2.0,11.0,2.0,22.0
6011,1531268,1473000,NH 농협카드,75.0,경기 수원시,30,개발자,31,남,17.0,5.0,26.0,7.0,45.0
6012,3160940,1435000,우리 Young카드,56.0,대전 유성구,30,대학생,32,여,3.0,31.0,39.0,11.0,16.0
6013,2226470,1355000,우리 Young카드,51.0,서울 관악구,20,데이터분석가,26,남,3.0,15.0,15.0,10.0,57.0
6014,2591620,1380000,KB 혜담카드,51.0,세종,30,대학생,35,여,26.0,7.0,2.0,60.0,5.0
6015,1354674,987000,토스카드,58.0,대구 수성구,20,서비스직,22,남,16.0,39.0,1.0,4.0,40.0
6016,1873405,747000,신한 Deep카드,45.0,서울 성동구,20,마케팅,21,여,24.0,9.0,18.0,25.0,24.0
6017,2102259,1376000,하나 Simple카드,59.0,경기 성남시,20,간호사,25,남,17.0,47.0,8.0,14.0,14.0
6018,2603919,1266000,KB 혜담카드,77.0,서울 용산구,30,영업,32,여,31.0,22.0,21.0,24.0,2.0
6019,2050703,1492000,롯데 DC카드,67.0,경기 성남시,20,개발자,29,남,4.0,45.0,18.0,1.0,32.0
6020,1981336,1902000,이마트 KB카드,56.0,서울 강남구,30,데이터분석가,31,여,10.0,49.0,7.0,8.0,26.0
6021,2107716,1032000,KB 혜담카드,43.0,울산 남구,30,프리랜서,39,여,15.0,1.0,52.0,13.0,19.0
6022,2854161,1052000,현대 ZERO카드,45.0,경기 고양시,20,회계,24,남,33.0,10.0,29.0,0.0,28.0
6023,2622392,1290000,네이버페이 현대,68.0,서울 용산구,30,연구원,39,여,15.0,2.0,27.0,17.0,39.0
6024,2806078,1151000,신한 Deep카드,56.0,서울 성동구,30,디자이너,32,여,23.0,0.0,27.0,3.0,47.0
6025,2370788,559000,롯데 DC카드,52.0,서울 송파구,30,서비스직,37,남,13.0,31.0,31.0,10.0,15.0
6026,1000000,630000,현대 ZERO카드,46.0,대전 유성구,20,컨설턴트,20,남,5.0,16.0,51.0,18.0,10.0
6027,2633826,880000,신한 Deep카드,85.0,대전 유성구,30,개발자,32,남,45.0,2.0,38.0,13.0,2.0
6028,2066714,1714000,현대 ZERO카드,48.0,세종,30,프리랜서,35,여,27.0,37.0,10.0,16.0,10.0
6029,2424506,1605000,하나 Simple카드,83.0,광주 서구,20,회계,29,여,11.0,18.0,2.0,16.0,53.0
6030,3892861,1670000,네이버페이 현대,55.0,대전 유성구,20,기획,29,남,27.0,34.0,8.0,12.0,19.0
6031,2847583,1851000,이마트 KB카드,49.0,인천 남동구,30,마케팅,31,여,14.0,9.0,11.0,25.0,41.0
6032,3617980,1385000,IBK 두드림카드,68.0,대전 유성구,20,마케팅,26,여,7.0,2.0,67.0,12.0,12.0
6033,2784384,1347000,NH 농협카드,80.0,부산 해운대구,30,회계,32,여,15.0,56.0,27.0,1.0,1.0
6034,1935056,1322000,토스카드,77.0,대구 수성구,20,회계,26,여,27.0,2.0,13.0,15.0,43.0
6035,2673958,1163000,SSG 랜더스카드,53.0,세종,30,공무원,31,여,11.0,2.0,12.0,66.0,9.0
6036,3390319,2025000,하나 Simple카드,71.0,서울 동작구,30,공무원,31,여,41.0,8.0,7.0,39.0,5.0
6037,4280693,1953000,이마트 KB카드,59.0,서울 성동구,30,회계,33,남,36.0,3.0,19.0,14.0,28.0
6038,1962331,727000,하나 Simple카드,57.0,서울 마포구,20,연구원,24,여,17.0,42.0,13.0,28.0,0.0
6039,3177228,1698000,신한 Deep카드,59.0,인천 남동구,30,영업,39,남,52.0,17.0,1.0,2.0,28.0
6040,1535366,1381000,토스카드,57.0,서울 서초구,20,디자이너,20,남,20.0,47.0,9.0,9.0,15.0
6041,2662334,1179000,삼성 taptap카드,53.0,서울 마포구,20,회계,23,남,10.0,2.0,20.0,28.0,40.0
6042,3026677,1891000,우리 Young카드,48.0,서울 동작구,20,서비스직,23,여,8.0,49.0,4.0,38.0,1.0
6043,2269899,1612000,씨티 Premier카드,64.0,서울 동작구,20,컨설턴트,28,여,20.0,5.0,61.0,11.0,3.0
6044,1916307,1730000,NH 농협카드,79.0,서울 관악구,20,간호사,25,남,61.0,5.0,24.0,1.0,9.0
6045,3252091,901000,하나 Simple카드,49.0,서울 강남구,30,회계,36,남,3.0,7.0,19.0,12.0,59.0
6046,2458729,1926000,신한 Deep카드,80.0,서울 성동구,20,컨설턴트,22,남,6.0,23.0,23.0,34.0,14.0
6047,2540571,1704000,현대 ZERO카드,58.0,경기 수원시,30,프리랜서,39,여,7.0,51.0,3.0,0.0,39.0
6048,2339357,500000,이마트 KB카드,56.0,서울 송파구,20,디자이너,25,남,27.0,2.0,7.0,32.0,32.0
6049,2163092,1101000,토스카드,63.0,서울 성동구,20,간호사,25,여,10.0,12.0,15.0,51.0,12.0
6050,2747977,1192000,씨티 Premier카드,68.0,서울 노원구,20,회계,28,남,9.0,40.0,30.0,16.0,5.0
6051,3515359,1103000,삼성 taptap카드,47.0,서울 동작구,30,연구원,37,남,4.0,21.0,1.0,67.0,7.0
6052,2311827,1776000,KB 혜담카드,63.0,경기 고양시,30,기획,38,남,33.0,7.0,29.0,1.0,30.0
6053,1744704,1620000,신한 Deep카드,67.0,대구 수성구,20,공무원,23,남,30.0,18.0,16.0,30.0,6.0
6054,2372812,1323000,네이버페이 현대,51.0,서울 관악구,30,디자이너,30,여,3.0,24.0,30.0,14.0,29.0
6055,2618418,1174000,삼성 taptap카드,73.0,세종,20,대학생,24,남,9.0,21.0,63.0,7.0,0.0
6056,2324028,2294000,이마트 KB카드,72.0,서울 노원구,20,생산직,28,남,57.0,4.0,23.0,14.0,2.0
6057,1928424,1297000,네이버페이 현대,75.0,서울 송파구,20,기획,29,남,16.0,32.0,20.0,13.0,19.0
6058,3183063,2016000,KB 혜담카드,68.0,서울 용산구,30,프리랜서,31,남,1.0,8.0,34.0,27.0,30.0
6059,2084594,1745000,롯데 DC카드,50.0,부산 해운대구,20,영업,26,남,7.0,5.0,12.0,25.0,51.0
6060,2690243,2010000,현대 ZERO카드,43.0,서울 성동구,20,마케팅,24,남,1.0,27.0,46.0,16.0,10.0
6061,2416529,1728000,IBK 두드림카드,57.0,서울 용산구,20,공무원,27,여,10.0,61.0,8.0,19.0,2.0
6062,2342360,2570000,현대 ZERO카드,67.0,서울 관악구,30,컨설턴트,32,여,3.0,24.0,42.0,3.0,28.0
6063,2365759,1922000,현대 ZERO카드,42.0,울산 남구,20,프리랜서,27,남,29.0,9.0,15.0,8.0,39.0
6064,2907524,1876000,SSG 랜더스카드,51.0,경기 고양시,20,프리랜서,20,남,19.0,20.0,58.0,2.0,1.0
6065,1965184,1799000,우리 Young카드,81.0,세종,20,연구원,25,여,1.0,53.0,30.0,6.0,10.0
6066,3281859,956000,KB 혜담카드,53.0,경기 고양시,30,회계,35,남,10.0,19.0,61.0,10.0,0.0
6067,2950677,1558000,SSG 랜더스카드,83.0,서울 송파구,30,간호사,31,남,8.0,36.0,21.0,7.0,28.0
6068,3298888,1111000,씨티 Premier카드,74.0,서울 관악구,30,데이터분석가,35,남,3.0,41.0,11.0,30.0,15.0
6069,2541804,1405000,카카오뱅크 체크,72.0,울산 남구,30,디자이너,33,남,40.0,31.0,12.0,14.0,3.0
6070,2305167,2314000,롯데 DC카드,69.0,경기 수원시,20,생산직,29,여,25.0,11.0,47.0,14.0,3.0
6071,2803911,934000,신한 Deep카드,65.0,서울 용산구,20,데이터분석가,24,남,28.0,25.0,20.0,11.0,16.0
6072,2031496,1120000,네이버페이 현대,42.0,인천 남동구,30,회계,37,여,1.0,3.0,29.0,60.0,7.0
6073,2069416,601000,토스카드,81.0,대구 수성구,30,공무원,37,남,17.0,19.0,12.0,50.0,2.0
6074,2095981,2582000,IBK 두드림카드,51.0,대구 수성구,30,연구원,36,남,30.0,13.0,15.0,5.0,37.0
6075,1914668,1343000,카카오뱅크 체크,42.0,경기 고양시,30,공무원,32,여,33.0,46.0,0.0,6.0,15.0
6076,2547661,1308000,카카오뱅크 체크,47.0,서울 강남구,20,영업,28,남,3.0,17.0,44.0,31.0,5.0
6077,1797070,1108000,KB 혜담카드,63.0,대전 유성구,30,연구원,32,여,8.0,8.0,58.0,11.0,15.0
6078,2101052,869000,삼성 taptap카드,72.0,서울 마포구,20,마케팅,29,남,12.0,2.0,7.0,77.0,2.0
6079,2559144,1151000,현대 ZERO카드,62.0,경기 수원시,20,서비스직,24,여,15.0,25.0,9.0,16.0,35.0
6080,3291661,1048000,현대 ZERO카드,70.0,울산 남구,30,서비스직,32,남,12.0,7.0,24.0,54.0,3.0
6081,2057220,869000,삼성 taptap카드,72.0,서울 마포구,20,마케팅,29,여,12.0,2.0,7.0,77.0,2.0
6082,3133646,1101000,씨티 Premier카드,47.0,경기 수원시,30,마케팅,33,남,8.0,21.0,14.0,38.0,19.0
6083,2303572,1929000,NH 농협카드,62.0,울산 남구,20,마케팅,26,여,29.0,5.0,11.0,33.0,22.0
6084,2843031,1357000,현대 ZERO카드,79.0,서울 강동구,30,데이터분석가,34,남,4.0,2.0,25.0,38.0,31.0
6085,2394582,1344000,신한 Deep카드,44.0,대구 수성구,30,연구원,31,여,7.0,32.0,1.0,54.0,6.0
6086,3367713,1695000,IBK 두드림카드,62.0,서울 관악구,20,생산직,28,남,32.0,17.0,46.0,4.0,1.0
6087,2654655,2772000,신한 Deep카드,47.0,경기 고양시,20,마케팅,22,여,8.0,49.0,2.0,28.0,13.0
6088,3490325,1155000,이마트 KB카드,45.0,대구 수성구,20,간호사,29,남,62.0,6.0,4.0,2.0,26.0
6089,2652125,1631000,씨티 Premier카드,46.0,세종,30,컨설턴트,39,남,10.0,11.0,34.0,22.0,23.0
6090,2207516,1368000,네이버페이 현대,48.0,서울 동작구,20,간호사,24,남,19.0,11.0,39.0,26.0,5.0
6091,1583937,1810000,삼성 taptap카드,64.0,서울 강남구,20,영업,28,남,1.0,70.0,2.0,14.0,13.0
6092,2433303,1917000,하나 Simple카드,54.0,서울 성동구,30,영업,32,남,13.0,4.0,62.0,2.0,19.0
6093,3450956,894000,네이버페이 현대,57.0,울산 남구,30,프리랜서,32,여,6.0,1.0,23.0,49.0,21.0
6094,2238982,878000,롯데 DC카드,67.0,경기 고양시,30,간호사,34,여,17.0,53.0,14.0,11.0,5.0
6095,3209640,1007000,네이버페이 현대,79.0,서울 강남구,20,프리랜서,29,남,9.0,55.0,5.0,13.0,18.0
6096,1878318,1858000,삼성 taptap카드,57.0,경기 고양시,30,마케팅,34,여,2.0,8.0,61.0,12.0,17.0
6097,1723265,803000,SSG 랜더스카드,69.0,대구 수성구,20,영업,25,여,26.0,23.0,33.0,12.0,6.0
6098,2761138,797000,SSG 랜더스카드,53.0,경기 수원시,30,마케팅,32,남,3.0,5.0,38.0,19.0,35.0
6099,2218125,1097000,신한 Deep카드,61.0,경기 수원시,20,간호사,20,여,0.0,24.0,1.0,50.0,25.0
6100,2711543,1227000,KB 혜담카드,72.0,서울 성동구,20,디자이너,28,여,28.0,23.0,24.0,21.0,4.0
6101,2725385,1491000,네이버페이 현대,55.0,서울 성동구,30,연구원,31,여,1.0,35.0,11.0,35.0,18.0
6102,2041842,1396000,삼성 taptap카드,75.0,경기 고양시,20,생산직,26,남,9.0,21.0,14.0,38.0,18.0
6103,2183342,1324000,카카오뱅크 체크,62.0,서울 노원구,20,생산직,28,여,36.0,6.0,14.0,26.0,18.0
6104,2090468,1077000,신한 Deep카드,60.0,서울 관악구,20,영업,22,남,15.0,6.0,16.0,12.0,51.0
6105,1792673,1758000,삼성 taptap카드,57.0,울산 남구,20,생산직,27,남,17.0,2.0,14.0,30.0,37.0
6106,1806018,1166000,카카오뱅크 체크,69.0,경기 성남시,20,생산직,24,남,12.0,26.0,26.0,1.0,35.0
6107,2763941,1894000,하나 Simple카드,82.0,서울 강동구,20,대학생,25,여,1.0,54.0,28.0,12.0,5.0
6108,1335917,685000,이마트 KB카드,72.0,서울 송파구,20,간호사,24,여,14.0,14.0,15.0,49.0,8.0
6109,3308679,1549000,삼성 taptap카드,53.0,서울 강남구,30,생산직,33,여,54.0,2.0,19.0,7.0,18.0
6110,2328502,1698000,신한 Deep카드,59.0,인천 남동구,30,영업,39,여,52.0,17.0,1.0,2.0,28.0
6111,2459243,2588000,토스카드,64.0,서울 마포구,30,간호사,37,남,73.0,7.0,7.0,11.0,2.0
6112,3517831,2006000,하나 Simple카드,79.0,경기 수원시,30,간호사,34,남,13.0,35.0,11.0,3.0,38.0
6113,4039651,1115000,하나 Simple카드,68.0,서울 노원구,30,공무원,31,남,30.0,8.0,16.0,2.0,44.0
6114,3782342,744000,네이버페이 현대,66.0,서울 관악구,30,프리랜서,36,남,33.0,17.0,1.0,18.0,31.0
6115,2500926,1211000,씨티 Premier카드,56.0,서울 송파구,20,컨설턴트,24,여,5.0,22.0,55.0,3.0,15.0
6116,3043431,755000,씨티 Premier카드,80.0,경기 수원시,30,컨설턴트,35,여,16.0,20.0,22.0,23.0,19.0
6117,1391751,1021000,신한 Deep카드,63.0,광주 서구,20,영업,27,남,9.0,9.0,26.0,29.0,27.0
6118,1989084,1152000,신한 Deep카드,80.0,서울 노원구,20,개발자,25,남,1.0,11.0,47.0,40.0,1.0
6119,2362180,742000,하나 Simple카드,63.0,서울 마포구,30,디자이너,33,남,5.0,5.0,5.0,83.0,2.0
6120,3857247,727000,SSG 랜더스카드,40.0,서울 강남구,30,마케팅,34,남,8.0,15.0,8.0,67.0,2.0
6121,2308260,893000,카카오뱅크 체크,76.0,서울 서초구,30,디자이너,30,여,23.0,2.0,37.0,4.0,34.0
6122,2922703,1450000,카카오뱅크 체크,66.0,서울 송파구,30,회계,30,여,15.0,7.0,37.0,33.0,8.0
6123,2767928,1637000,SSG 랜더스카드,75.0,서울 송파구,30,간호사,30,여,87.0,7.0,3.0,1.0,2.0
6124,2396385,1271000,SSG 랜더스카드,63.0,서울 노원구,30,디자이너,32,남,6.0,13.0,21.0,0.0,60.0
6125,1956520,749000,IBK 두드림카드,57.0,서울 강동구,20,서비스직,27,남,1.0,4.0,18.0,35.0,42.0
6126,2896908,1749000,삼성 taptap카드,53.0,서울 마포구,20,데이터분석가,26,남,3.0,33.0,11.0,28.0,25.0
6127,2112258,772000,현대 ZERO카드,50.0,서울 용산구,30,서비스직,33,여,9.0,48.0,3.0,5.0,35.0
6128,2312433,1232000,신한 Deep카드,50.0,세종,20,회계,22,여,22.0,20.0,1.0,5.0,52.0
6129,1858729,2134000,이마트 KB카드,68.0,경기 수원시,20,대학생,27,남,21.0,5.0,24.0,1.0,49.0
6130,2343023,619000,씨티 Premier카드,62.0,세종,30,데이터분석가,38,여,6.0,46.0,44.0,3.0,1.0
6131,2967686,1982000,삼성 taptap카드,64.0,인천 남동구,30,간호사,39,남,44.0,1.0,25.0,25.0,5.0
6132,2108566,1486000,이마트 KB카드,63.0,서울 성동구,30,서비스직,34,여,24.0,46.0,5.0,20.0,5.0
6133,2019776,1147000,삼성 taptap카드,77.0,경기 성남시,30,생산직,35,여,2.0,6.0,31.0,30.0,31.0
6134,2393136,1227000,KB 혜담카드,57.0,경기 수원시,20,서비스직,24,여,19.0,46.0,19.0,7.0,9.0
6135,1827631,816000,하나 Simple카드,42.0,서울 송파구,20,마케팅,28,여,22.0,3.0,37.0,30.0,8.0
6136,1844671,686000,SSG 랜더스카드,66.0,서울 마포구,20,디자이너,28,남,27.0,2.0,24.0,19.0,28.0
6137,2342662,1951000,KB 혜담카드,51.0,경기 고양시,30,컨설턴트,34,남,31.0,22.0,9.0,18.0,20.0
6138,2211045,1852000,토스카드,83.0,울산 남구,20,프리랜서,29,남,28.0,28.0,32.0,7.0,5.0
6139,2721850,958000,SSG 랜더스카드,41.0,서울 성동구,20,회계,26,남,51.0,1.0,18.0,3.0,27.0
6140,3253264,972000,삼성 taptap카드,51.0,대전 유성구,30,데이터분석가,33,여,27.0,40.0,11.0,16.0,6.0
6141,2137040,1107000,카카오뱅크 체크,68.0,대전 유성구,30,생산직,36,여,17.0,18.0,33.0,21.0,11.0
6142,3325155,1101000,토스카드,63.0,서울 성동구,20,간호사,25,남,10.0,12.0,15.0,51.0,12.0
6143,1747647,1227000,네이버페이 현대,55.0,광주 서구,20,회계,26,여,50.0,7.0,3.0,38.0,2.0
6144,2791774,1537000,우리 Young카드,47.0,경기 성남시,20,데이터분석가,21,남,22.0,8.0,20.0,21.0,29.0
6145,1889151,1979000,NH 농협카드,70.0,광주 서구,20,컨설턴트,27,남,13.0,6.0,10.0,38.0,33.0
6146,1814538,958000,SSG 랜더스카드,41.0,서울 성동구,20,회계,26,남,51.0,1.0,18.0,3.0,27.0
6147,2478670,939000,씨티 Premier카드,55.0,서울 서초구,30,데이터분석가,31,남,6.0,35.0,4.0,38.0,17.0
6148,2223776,1898000,씨티 Premier카드,51.0,세종,20,공무원,28,남,22.0,9.0,1.0,19.0,49.0
6149,2539986,1939000,롯데 DC카드,79.0,인천 남동구,20,영업,28,남,2.0,40.0,37.0,6.0,15.0
6150,3468907,1209000,NH 농협카드,72.0,대전 유성구,30,연구원,30,남,4.0,30.0,23.0,11.0,32.0
6151,1778007,1284000,씨티 Premier카드,77.0,부산 해운대구,20,생산직,28,여,2.0,11.0,61.0,9.0,17.0
6152,2307238,1202000,KB 혜담카드,78.0,세종,30,데이터분석가,35,남,3.0,6.0,14.0,29.0,48.0
6153,2358352,1733000,NH 농협카드,58.0,서울 송파구,30,생산직,38,남,5.0,11.0,63.0,4.0,17.0
6154,2922051,993000,SSG 랜더스카드,53.0,인천 남동구,30,공무원,31,남,12.0,38.0,37.0,6.0,7.0
6155,2394922,1616000,우리 Young카드,82.0,서울 서초구,30,간호사,33,여,12.0,26.0,31.0,28.0,3.0
6156,1774912,815000,KB 혜담카드,61.0,부산 해운대구,20,프리랜서,23,남,14.0,47.0,5.0,25.0,9.0
6157,2384801,688000,KB 혜담카드,54.0,인천 남동구,20,마케팅,25,여,5.0,9.0,33.0,27.0,26.0
6158,3631284,1951000,카카오뱅크 체크,64.0,대전 유성구,30,데이터분석가,32,여,45.0,39.0,4.0,10.0,2.0
6159,1997642,1701000,NH 농협카드,56.0,서울 마포구,20,컨설턴트,28,여,15.0,35.0,8.0,6.0,36.0
6160,2283244,1163000,KB 혜담카드,40.0,부산 해운대구,30,회계,30,여,10.0,34.0,31.0,6.0,19.0
6161,2529830,1262000,KB 혜담카드,80.0,부산 해운대구,20,개발자,25,남,4.0,17.0,29.0,22.0,28.0
6162,2608828,993000,SSG 랜더스카드,84.0,서울 관악구,30,회계,30,남,23.0,21.0,20.0,19.0,17.0
6163,2584482,1080000,씨티 Premier카드,73.0,서울 마포구,20,공무원,27,남,6.0,62.0,3.0,6.0,23.0
6164,1890728,1819000,삼성 taptap카드,56.0,서울 노원구,20,기획,28,여,30.0,1.0,11.0,37.0,21.0
6165,4282483,2036000,토스카드,48.0,서울 서초구,30,생산직,31,남,20.0,18.0,28.0,12.0,22.0
6166,2422387,1233000,KB 혜담카드,48.0,경기 고양시,20,개발자,20,남,4.0,45.0,28.0,2.0,21.0
6167,1939988,1861000,SSG 랜더스카드,56.0,서울 서초구,20,공무원,22,여,1.0,4.0,80.0,12.0,3.0
6168,1955654,1124000,카카오뱅크 체크,59.0,울산 남구,20,연구원,28,남,23.0,28.0,3.0,22.0,24.0
6169,1993100,1157000,이마트 KB카드,54.0,경기 성남시,20,개발자,25,여,26.0,9.0,30.0,35.0,0.0
6170,2936374,1358000,카카오뱅크 체크,76.0,서울 용산구,20,영업,25,여,3.0,19.0,13.0,43.0,22.0
6171,1615624,1211000,우리 Young카드,48.0,부산 해운대구,20,서비스직,26,남,2.0,33.0,38.0,19.0,8.0
6172,2532440,1743000,우리 Young카드,71.0,부산 해운대구,30,서비스직,39,남,8.0,38.0,17.0,25.0,12.0
6173,2606837,772000,씨티 Premier카드,44.0,경기 성남시,30,컨설턴트,37,남,21.0,2.0,20.0,14.0,43.0
6174,2242156,1243000,하나 Simple카드,83.0,서울 관악구,20,생산직,27,여,6.0,37.0,20.0,34.0,3.0
6175,2364445,953000,하나 Simple카드,55.0,서울 강동구,30,프리랜서,39,여,17.0,12.0,42.0,22.0,7.0
6176,1754386,1468000,네이버페이 현대,69.0,인천 남동구,30,프리랜서,30,여,16.0,4.0,8.0,56.0,16.0
6177,2050088,1074000,삼성 taptap카드,64.0,서울 마포구,20,프리랜서,29,여,1.0,56.0,7.0,23.0,13.0
6178,2200224,1144000,이마트 KB카드,51.0,서울 동작구,20,대학생,25,여,22.0,16.0,29.0,31.0,2.0
6179,1935951,1020000,신한 Deep카드,55.0,서울 용산구,20,대학생,26,남,20.0,24.0,9.0,30.0,17.0
6180,3480742,1379000,토스카드,78.0,경기 성남시,30,컨설턴트,31,남,24.0,6.0,9.0,36.0,25.0
6181,2709704,2119000,KB 혜담카드,52.0,서울 서초구,20,데이터분석가,29,여,9.0,24.0,23.0,14.0,30.0
6182,2210806,2068000,현대 ZERO카드,50.0,인천 남동구,20,회계,24,남,4.0,47.0,44.0,4.0,1.0
6183,2365270,2055000,토스카드,48.0,경기 성남시,20,컨설턴트,26,남,14.0,21.0,2.0,52.0,11.0
6184,1419472,953000,하나 Simple카드,55.0,서울 강동구,30,프리랜서,39,여,17.0,12.0,42.0,22.0,7.0
6185,2705228,1033000,우리 Young카드,40.0,세종,30,디자이너,38,남,48.0,10.0,1.0,39.0,2.0
6186,3002410,1056000,하나 Simple카드,66.0,서울 성동구,30,기획,35,여,40.0,11.0,4.0,6.0,39.0
6187,2288281,1434000,롯데 DC카드,80.0,서울 강동구,30,마케팅,35,여,5.0,23.0,32.0,8.0,32.0
6188,1881369,1767000,현대 ZERO카드,43.0,경기 고양시,20,컨설턴트,29,남,21.0,9.0,16.0,17.0,37.0
6189,3638844,1209000,NH 농협카드,72.0,대전 유성구,30,연구원,30,여,4.0,30.0,23.0,11.0,32.0
6190,4273354,1234000,씨티 Premier카드,72.0,서울 동작구,30,서비스직,33,남,11.0,20.0,2.0,46.0,21.0
6191,3327302,796000,롯데 DC카드,52.0,부산 해운대구,30,간호사,32,남,15.0,11.0,35.0,28.0,11.0
6192,3797237,1187000,삼성 taptap카드,62.0,서울 노원구,30,개발자,33,남,1.0,13.0,37.0,42.0,7.0
6193,1441845,942000,KB 혜담카드,60.0,경기 고양시,30,서비스직,34,남,25.0,10.0,10.0,31.0,24.0
6194,2448713,1304000,SSG 랜더스카드,47.0,서울 마포구,30,개발자,37,남,53.0,2.0,15.0,18.0,12.0
6195,2671029,1321000,현대 ZERO카드,63.0,경기 성남시,30,생산직,34,남,24.0,39.0,8.0,19.0,10.0
6196,2132009,1706000,IBK 두드림카드,68.0,서울 송파구,20,개발자,21,남,8.0,30.0,5.0,48.0,9.0
6197,2005027,1090000,KB 혜담카드,65.0,인천 남동구,20,영업,25,남,5.0,3.0,34.0,34.0,24.0
6198,1000000,837000,네이버페이 현대,55.0,경기 성남시,20,간호사,29,여,33.0,21.0,19.0,16.0,11.0
6199,2693012,1406000,네이버페이 현대,59.0,서울 성동구,30,연구원,33,여,17.0,26.0,27.0,20.0,10.0
6200,2521827,1178000,SSG 랜더스카드,72.0,부산 해운대구,20,연구원,28,남,2.0,23.0,12.0,23.0,40.0
6201,3050949,2111000,SSG 랜더스카드,72.0,경기 고양시,20,데이터분석가,21,남,60.0,7.0,27.0,1.0,5.0
6202,2448183,1913000,씨티 Premier카드,76.0,서울 노원구,30,서비스직,32,남,45.0,22.0,3.0,25.0,5.0
6203,1814918,1241000,하나 Simple카드,52.0,광주 서구,20,간호사,28,남,17.0,0.0,38.0,14.0,31.0
6204,1160007,1227000,KB 혜담카드,46.0,서울 서초구,30,컨설턴트,33,여,15.0,27.0,17.0,5.0,36.0
6205,2353216,642000,삼성 taptap카드,65.0,서울 동작구,30,컨설턴트,35,여,12.0,10.0,17.0,24.0,37.0
6206,2700555,697000,NH 농협카드,71.0,울산 남구,20,공무원,20,남,11.0,31.0,9.0,25.0,24.0
6207,1944116,1189000,IBK 두드림카드,79.0,부산 해운대구,20,마케팅,27,남,25.0,7.0,4.0,63.0,1.0
6208,4500411,2251000,우리 Young카드,85.0,서울 노원구,30,회계,34,남,7.0,19.0,44.0,13.0,17.0
6209,2371702,914000,IBK 두드림카드,47.0,서울 동작구,30,서비스직,38,여,47.0,4.0,15.0,8.0,26.0
6210,3102894,1768000,씨티 Premier카드,77.0,울산 남구,30,회계,31,남,29.0,43.0,17.0,11.0,0.0
6211,1818448,1291000,하나 Simple카드,84.0,서울 서초구,30,연구원,31,여,19.0,18.0,24.0,29.0,10.0
6212,2643610,615000,삼성 taptap카드,67.0,서울 강동구,30,서비스직,39,여,14.0,41.0,27.0,10.0,8.0
6213,1260340,828000,씨티 Premier카드,59.0,서울 강남구,20,회계,27,남,43.0,5.0,11.0,33.0,8.0
6214,2846848,1012000,NH 농협카드,73.0,광주 서구,30,서비스직,38,여,9.0,4.0,12.0,33.0,42.0
6215,2862214,1552000,IBK 두드림카드,74.0,울산 남구,30,마케팅,37,여,39.0,35.0,3.0,16.0,7.0
6216,2929645,1380000,네이버페이 현대,52.0,경기 성남시,20,컨설턴트,20,여,48.0,8.0,25.0,14.0,5.0
6217,2286021,849000,우리 Young카드,81.0,인천 남동구,30,개발자,30,남,30.0,26.0,0.0,6.0,38.0
6218,2330281,1256000,우리 Young카드,55.0,서울 마포구,20,디자이너,28,남,1.0,1.0,48.0,10.0,40.0
6219,2781908,764000,씨티 Premier카드,82.0,서울 송파구,30,컨설턴트,31,여,0.0,49.0,16.0,13.0,22.0
6220,2721140,1369000,카카오뱅크 체크,62.0,인천 남동구,30,디자이너,31,여,2.0,5.0,49.0,38.0,6.0
6221,2067350,569000,씨티 Premier카드,58.0,서울 성동구,30,기획,31,여,33.0,18.0,11.0,25.0,13.0
6222,1304009,1176000,롯데 DC카드,74.0,서울 관악구,30,개발자,34,여,11.0,23.0,11.0,40.0,15.0
6223,2673480,1532000,이마트 KB카드,55.0,인천 남동구,30,서비스직,34,여,2.0,16.0,12.0,62.0,8.0
6224,2173750,1589000,네이버페이 현대,83.0,부산 해운대구,20,대학생,21,여,1.0,33.0,39.0,16.0,11.0
6225,1966664,919000,현대 ZERO카드,47.0,광주 서구,20,간호사,28,남,6.0,34.0,36.0,13.0,11.0
6226,2881972,691000,IBK 두드림카드,62.0,서울 강남구,30,서비스직,31,여,5.0,13.0,2.0,73.0,7.0
6227,2477540,571000,토스카드,73.0,경기 성남시,30,프리랜서,32,여,4.0,4.0,39.0,38.0,15.0
6228,1590402,992000,KB 혜담카드,47.0,서울 강남구,20,디자이너,25,여,22.0,38.0,22.0,11.0,7.0
6229,1284273,1287000,씨티 Premier카드,72.0,부산 해운대구,20,공무원,23,여,3.0,8.0,22.0,59.0,8.0
6230,1685518,559000,네이버페이 현대,62.0,서울 관악구,20,간호사,22,남,21.0,1.0,23.0,48.0,7.0
6231,3696506,1704000,토스카드,77.0,울산 남구,30,공무원,31,여,55.0,18.0,7.0,18.0,2.0
6232,2611388,1788000,현대 ZERO카드,63.0,대전 유성구,20,데이터분석가,29,여,18.0,46.0,4.0,4.0,28.0
6233,3132028,538000,IBK 두드림카드,44.0,경기 고양시,30,생산직,32,남,8.0,16.0,12.0,53.0,11.0
6234,2159169,1138000,우리 Young카드,62.0,서울 동작구,20,대학생,29,남,21.0,7.0,14.0,10.0,48.0
6235,2126303,1173000,IBK 두드림카드,45.0,대전 유성구,20,연구원,29,남,10.0,22.0,48.0,19.0,1.0
6236,2833597,895000,네이버페이 현대,53.0,서울 용산구,20,서비스직,28,남,19.0,24.0,5.0,49.0,3.0
6237,2656582,1573000,신한 Deep카드,85.0,서울 강남구,30,간호사,32,남,13.0,6.0,45.0,35.0,1.0
6238,3403844,2150000,SSG 랜더스카드,48.0,서울 송파구,30,대학생,33,남,20.0,13.0,32.0,14.0,21.0
6239,2075786,1215000,IBK 두드림카드,79.0,인천 남동구,20,개발자,27,여,1.0,34.0,29.0,17.0,19.0
6240,3220078,1287000,토스카드,64.0,대전 유성구,20,연구원,21,여,34.0,6.0,7.0,23.0,30.0
6241,2621144,520000,이마트 KB카드,81.0,서울 송파구,20,개발자,24,여,25.0,5.0,23.0,9.0,38.0
6242,2872778,767000,KB 혜담카드,41.0,서울 관악구,20,간호사,27,여,6.0,76.0,1.0,1.0,16.0
6243,2590913,1709000,신한 Deep카드,66.0,인천 남동구,30,프리랜서,31,남,19.0,31.0,4.0,34.0,12.0
6244,3740695,1323000,카카오뱅크 체크,65.0,세종,30,회계,35,남,26.0,19.0,15.0,2.0,38.0
6245,2093711,2003000,현대 ZERO카드,85.0,서울 동작구,20,연구원,26,여,48.0,42.0,4.0,0.0,6.0
6246,3077024,659000,하나 Simple카드,53.0,서울 노원구,30,컨설턴트,35,남,18.0,9.0,6.0,15.0,52.0
6247,3317523,1624000,KB 혜담카드,53.0,대전 유성구,30,영업,36,여,25.0,36.0,16.0,4.0,19.0
6248,1728612,993000,신한 Deep카드,85.0,경기 고양시,20,간호사,22,여,16.0,28.0,12.0,4.0,40.0
6249,2601623,1521000,이마트 KB카드,41.0,대전 유성구,30,서비스직,30,여,17.0,70.0,7.0,0.0,6.0
6250,2469002,1277000,KB 혜담카드,45.0,서울 용산구,20,데이터분석가,26,여,6.0,19.0,35.0,35.0,5.0
6251,2510002,923000,카카오뱅크 체크,65.0,울산 남구,20,디자이너,28,남,17.0,3.0,28.0,12.0,40.0
6252,2684450,667000,카카오뱅크 체크,40.0,서울 동작구,30,디자이너,34,남,4.0,72.0,6.0,10.0,8.0
6253,3293132,765000,삼성 taptap카드,56.0,부산 해운대구,20,프리랜서,27,여,10.0,37.0,14.0,39.0,0.0
6254,1602534,764000,네이버페이 현대,76.0,서울 송파구,20,기획,27,남,1.0,22.0,49.0,5.0,23.0
6255,3229442,1335000,네이버페이 현대,47.0,울산 남구,30,간호사,37,여,4.0,17.0,37.0,18.0,24.0
6256,3850545,1303000,SSG 랜더스카드,71.0,서울 성동구,30,간호사,31,남,4.0,38.0,45.0,13.0,0.0
6257,3450444,1751000,씨티 Premier카드,83.0,서울 노원구,30,디자이너,30,여,15.0,5.0,18.0,20.0,42.0
6258,1455886,1379000,이마트 KB카드,40.0,울산 남구,20,영업,25,여,42.0,10.0,7.0,15.0,26.0
6259,1815584,1790000,우리 Young카드,81.0,서울 관악구,20,간호사,25,여,16.0,28.0,11.0,13.0,32.0
6260,4044360,1709000,신한 Deep카드,66.0,인천 남동구,30,프리랜서,31,남,19.0,31.0,4.0,34.0,12.0
6261,1686072,964000,우리 Young카드,43.0,서울 강동구,30,프리랜서,34,남,7.0,30.0,25.0,15.0,23.0
6262,1696770,1271000,카카오뱅크 체크,61.0,서울 서초구,30,디자이너,39,여,7.0,54.0,21.0,2.0,16.0
6263,2658184,1121000,이마트 KB카드,83.0,서울 마포구,30,컨설턴트,31,남,11.0,37.0,21.0,8.0,23.0
6264,2595996,1452000,KB 혜담카드,72.0,인천 남동구,30,데이터분석가,32,여,5.0,2.0,24.0,69.0,0.0
6265,3046112,957000,SSG 랜더스카드,70.0,인천 남동구,20,연구원,28,여,40.0,0.0,19.0,40.0,1.0
6266,2407367,1331000,씨티 Premier카드,44.0,경기 성남시,30,기획,31,여,12.0,58.0,18.0,8.0,4.0
6267,1945880,1041000,카카오뱅크 체크,74.0,서울 강남구,20,간호사,26,여,13.0,35.0,13.0,34.0,5.0
6268,2405694,1372000,KB 혜담카드,50.0,대구 수성구,20,개발자,29,남,11.0,8.0,24.0,7.0,50.0
6269,2734798,1115000,하나 Simple카드,68.0,서울 노원구,30,공무원,31,여,30.0,8.0,16.0,2.0,44.0
6270,2720619,1390000,네이버페이 현대,75.0,대구 수성구,30,데이터분석가,34,여,7.0,15.0,2.0,12.0,64.0
6271,2161006,988000,이마트 KB카드,65.0,서울 노원구,20,회계,29,남,19.0,17.0,0.0,44.0,20.0
6272,1522456,1637000,토스카드,61.0,서울 노원구,30,회계,32,여,5.0,32.0,8.0,30.0,25.0
6273,2357668,2575000,우리 Young카드,69.0,서울 마포구,30,데이터분석가,37,남,7.0,1.0,4.0,61.0,27.0
6274,2960135,2406000,IBK 두드림카드,51.0,세종,20,컨설턴트,28,남,17.0,1.0,19.0,19.0,44.0
6275,3130948,2138000,네이버페이 현대,56.0,서울 동작구,30,공무원,32,남,9.0,25.0,21.0,24.0,21.0
6276,2088738,1225000,토스카드,61.0,서울 용산구,20,대학생,28,여,2.0,56.0,23.0,5.0,14.0
6277,3782717,1292000,카카오뱅크 체크,50.0,인천 남동구,30,공무원,31,남,3.0,22.0,56.0,7.0,12.0
6278,1934941,1009000,우리 Young카드,60.0,서울 마포구,30,디자이너,30,여,7.0,62.0,11.0,0.0,20.0
6279,2137325,617000,씨티 Premier카드,59.0,경기 고양시,20,프리랜서,23,여,21.0,0.0,3.0,17.0,59.0
6280,2318879,1080000,씨티 Premier카드,73.0,서울 마포구,20,공무원,27,남,6.0,62.0,3.0,6.0,23.0
6281,2691035,1966000,SSG 랜더스카드,58.0,서울 마포구,30,생산직,30,남,27.0,4.0,39.0,7.0,23.0
6282,2550381,1072000,씨티 Premier카드,73.0,서울 동작구,30,데이터분석가,39,여,59.0,21.0,0.0,5.0,15.0
6283,2156153,782000,카카오뱅크 체크,52.0,서울 동작구,20,간호사,27,남,11.0,17.0,25.0,33.0,14.0
6284,1800328,1284000,카카오뱅크 체크,65.0,서울 송파구,30,마케팅,39,여,38.0,2.0,50.0,5.0,5.0
6285,3127034,1254000,신한 Deep카드,51.0,세종,30,디자이너,32,남,21.0,46.0,8.0,19.0,6.0
6286,2070153,2233000,이마트 KB카드,65.0,세종,30,간호사,33,남,10.0,21.0,1.0,9.0,59.0
6287,2332807,812000,SSG 랜더스카드,51.0,경기 고양시,20,연구원,28,여,5.0,82.0,3.0,5.0,5.0
6288,2937067,860000,IBK 두드림카드,44.0,서울 강남구,20,컨설턴트,28,남,13.0,28.0,6.0,45.0,8.0
6289,2803283,1018000,NH 농협카드,66.0,인천 남동구,30,개발자,35,남,13.0,13.0,14.0,6.0,54.0
6290,1664258,1544000,우리 Young카드,55.0,서울 관악구,20,영업,25,남,12.0,30.0,43.0,14.0,1.0
6291,2911108,1796000,이마트 KB카드,83.0,서울 강남구,30,프리랜서,35,남,19.0,2.0,6.0,4.0,69.0
6292,2084014,1113000,토스카드,47.0,대전 유성구,30,기획,30,여,18.0,66.0,7.0,1.0,8.0
6293,2797254,1178000,IBK 두드림카드,45.0,인천 남동구,30,간호사,31,여,28.0,6.0,20.0,36.0,10.0
6294,2896407,1691000,카카오뱅크 체크,43.0,서울 동작구,30,서비스직,31,남,0.0,2.0,14.0,69.0,15.0
6295,3354881,1159000,롯데 DC카드,79.0,서울 서초구,30,대학생,34,여,46.0,8.0,37.0,3.0,6.0
6296,2831494,1238000,이마트 KB카드,41.0,대전 유성구,20,연구원,27,여,3.0,9.0,69.0,19.0,0.0
6297,2892843,1084000,신한 Deep카드,52.0,서울 동작구,30,연구원,36,남,50.0,2.0,14.0,8.0,26.0
6298,3500926,688000,현대 ZERO카드,50.0,경기 성남시,30,프리랜서,38,남,23.0,7.0,40.0,18.0,12.0
6299,2303381,1947000,토스카드,44.0,서울 노원구,30,공무원,31,여,12.0,26.0,21.0,37.0,4.0
6300,2266978,2007000,롯데 DC카드,76.0,경기 고양시,20,컨설턴트,24,여,12.0,0.0,13.0,52.0,23.0
6301,2069282,1985000,삼성 taptap카드,78.0,대전 유성구,20,마케팅,25,여,36.0,16.0,5.0,34.0,9.0
6302,2883227,1890000,IBK 두드림카드,59.0,경기 고양시,30,프리랜서,35,여,23.0,38.0,21.0,12.0,6.0
6303,2966494,1118000,네이버페이 현대,47.0,광주 서구,20,생산직,24,남,39.0,15.0,41.0,1.0,4.0
6304,2649324,1175000,롯데 DC카드,71.0,서울 용산구,20,기획,29,여,48.0,4.0,31.0,10.0,7.0
6305,2710968,1976000,우리 Young카드,44.0,서울 동작구,20,간호사,24,여,13.0,39.0,43.0,1.0,4.0
6306,2961516,1311000,현대 ZERO카드,66.0,인천 남동구,30,회계,33,여,19.0,7.0,20.0,46.0,8.0
6307,3385879,765000,롯데 DC카드,60.0,대구 수성구,30,생산직,32,남,25.0,13.0,17.0,37.0,8.0
6308,1680356,1086000,신한 Deep카드,58.0,서울 성동구,20,생산직,28,남,8.0,43.0,7.0,3.0,39.0
6309,4190680,2125000,우리 Young카드,68.0,광주 서구,30,기획,30,남,29.0,46.0,15.0,3.0,7.0
6310,3402205,1366000,SSG 랜더스카드,61.0,서울 마포구,30,디자이너,39,여,3.0,15.0,17.0,36.0,29.0
6311,2133060,1220000,현대 ZERO카드,58.0,서울 강동구,20,대학생,20,남,5.0,22.0,44.0,17.0,12.0
6312,2064651,1788000,SSG 랜더스카드,43.0,서울 서초구,20,개발자,22,남,2.0,22.0,30.0,37.0,9.0
6313,2556205,707000,SSG 랜더스카드,55.0,서울 노원구,20,컨설턴트,26,남,32.0,47.0,0.0,1.0,20.0
6314,2525406,1517000,토스카드,42.0,서울 강동구,20,영업,24,남,53.0,3.0,17.0,7.0,20.0
6315,2149026,2010000,현대 ZERO카드,43.0,서울 성동구,20,마케팅,24,여,1.0,27.0,46.0,16.0,10.0
6316,1874987,1204000,IBK 두드림카드,45.0,인천 남동구,30,기획,31,여,13.0,11.0,6.0,44.0,26.0
6317,2652850,1388000,삼성 taptap카드,54.0,경기 수원시,30,기획,31,여,44.0,5.0,9.0,13.0,29.0
6318,3386005,2185000,씨티 Premier카드,67.0,대전 유성구,30,데이터분석가,33,남,11.0,4.0,47.0,14.0,24.0
6319,2862910,1446000,현대 ZERO카드,42.0,서울 강남구,30,영업,39,여,7.0,16.0,43.0,7.0,27.0
6320,2424646,879000,롯데 DC카드,57.0,서울 관악구,20,연구원,21,남,10.0,65.0,22.0,2.0,1.0
6321,2810219,2202000,롯데 DC카드,51.0,대구 수성구,30,컨설턴트,31,남,23.0,2.0,37.0,14.0,24.0
6322,3695801,1834000,카카오뱅크 체크,62.0,경기 고양시,30,기획,32,남,29.0,17.0,2.0,48.0,4.0
6323,2282924,1041000,토스카드,84.0,서울 강남구,20,개발자,29,남,18.0,17.0,11.0,12.0,42.0
6324,2017538,702000,IBK 두드림카드,40.0,세종,20,데이터분석가,27,남,16.0,13.0,40.0,13.0,18.0
6325,2409673,1230000,네이버페이 현대,64.0,대구 수성구,30,생산직,30,여,18.0,3.0,33.0,43.0,3.0
6326,1377015,1301000,네이버페이 현대,62.0,서울 동작구,20,연구원,26,여,4.0,76.0,13.0,6.0,1.0
6327,2158879,1003000,NH 농협카드,49.0,서울 동작구,20,서비스직,20,여,14.0,39.0,24.0,5.0,18.0
6328,2594218,1485000,NH 농협카드,51.0,서울 관악구,20,공무원,27,남,35.0,5.0,10.0,27.0,23.0
6329,3237848,1145000,삼성 taptap카드,81.0,경기 수원시,30,영업,33,남,4.0,41.0,7.0,24.0,24.0
6330,3010332,1758000,삼성 taptap카드,57.0,울산 남구,20,생산직,27,남,17.0,2.0,14.0,30.0,37.0
6331,2118512,1033000,씨티 Premier카드,70.0,서울 서초구,20,공무원,26,여,26.0,11.0,21.0,31.0,11.0
6332,2743656,1284000,롯데 DC카드,42.0,울산 남구,30,생산직,31,여,43.0,9.0,5.0,14.0,29.0
6333,2646370,1419000,카카오뱅크 체크,61.0,서울 강남구,20,대학생,26,여,40.0,6.0,15.0,1.0,38.0
6334,3421428,528000,롯데 DC카드,79.0,세종,20,영업,27,남,1.0,18.0,52.0,23.0,6.0
6335,2322382,591000,네이버페이 현대,76.0,대전 유성구,20,서비스직,27,여,13.0,12.0,46.0,24.0,5.0
6336,2269068,1204000,IBK 두드림카드,45.0,인천 남동구,30,기획,31,남,13.0,11.0,6.0,44.0,26.0
6337,2923964,947000,IBK 두드림카드,50.0,서울 마포구,30,디자이너,33,여,38.0,41.0,8.0,6.0,7.0
6338,3182863,1126000,신한 Deep카드,62.0,경기 고양시,20,간호사,28,여,18.0,31.0,4.0,27.0,20.0
6339,2088725,1105000,IBK 두드림카드,69.0,부산 해운대구,20,기획,24,여,1.0,1.0,44.0,3.0,51.0
6340,2670540,1903000,롯데 DC카드,62.0,대전 유성구,20,서비스직,24,여,11.0,21.0,15.0,17.0,36.0
6341,3860109,955000,SSG 랜더스카드,47.0,경기 고양시,30,마케팅,32,남,19.0,51.0,13.0,16.0,1.0
6342,3008532,910000,토스카드,62.0,서울 서초구,30,디자이너,36,여,32.0,3.0,22.0,26.0,17.0
6343,2312779,1776000,하나 Simple카드,69.0,경기 고양시,20,데이터분석가,26,여,43.0,38.0,15.0,1.0,3.0
6344,1900763,1906000,우리 Young카드,60.0,세종,20,생산직,26,남,1.0,60.0,4.0,9.0,26.0
6345,2943104,1142000,롯데 DC카드,72.0,경기 고양시,30,컨설턴트,39,남,40.0,8.0,21.0,3.0,28.0
6346,2479300,1226000,NH 농협카드,45.0,부산 해운대구,20,디자이너,24,남,5.0,18.0,11.0,60.0,6.0
6347,2704111,838000,KB 혜담카드,47.0,서울 강남구,20,개발자,27,남,1.0,11.0,38.0,7.0,43.0
6348,2416972,545000,롯데 DC카드,55.0,서울 송파구,20,마케팅,28,남,28.0,4.0,19.0,14.0,35.0
6349,2310046,1370000,씨티 Premier카드,67.0,서울 성동구,30,공무원,31,여,12.0,15.0,9.0,56.0,8.0
6350,2527689,1665000,롯데 DC카드,40.0,대전 유성구,20,영업,20,남,22.0,5.0,39.0,5.0,29.0
6351,2680042,1355000,하나 Simple카드,60.0,경기 성남시,20,연구원,25,남,24.0,10.0,19.0,5.0,42.0
6352,2689805,1910000,삼성 taptap카드,80.0,서울 성동구,30,데이터분석가,32,여,42.0,15.0,21.0,1.0,21.0
6353,2081906,757000,우리 Young카드,46.0,서울 노원구,30,개발자,33,여,56.0,21.0,5.0,6.0,12.0
6354,2409296,928000,신한 Deep카드,41.0,서울 강남구,30,공무원,38,여,31.0,5.0,7.0,3.0,54.0
6355,3663474,1581000,신한 Deep카드,64.0,서울 서초구,30,데이터분석가,31,남,32.0,7.0,41.0,6.0,14.0
6356,1558491,1088000,롯데 DC카드,63.0,세종,20,프리랜서,27,여,11.0,18.0,8.0,35.0,28.0
6357,1203410,1253000,카카오뱅크 체크,75.0,경기 고양시,20,프리랜서,25,여,3.0,18.0,26.0,37.0,16.0
6358,3004041,987000,토스카드,58.0,대구 수성구,20,서비스직,22,남,16.0,39.0,1.0,4.0,40.0
6359,2505707,1153000,신한 Deep카드,70.0,세종,20,개발자,28,남,15.0,17.0,11.0,42.0,15.0
6360,2803365,1077000,IBK 두드림카드,48.0,대전 유성구,30,공무원,32,여,12.0,24.0,17.0,16.0,31.0
6361,1711591,1452000,삼성 taptap카드,73.0,경기 수원시,20,마케팅,23,여,5.0,0.0,20.0,22.0,53.0
6362,2868764,1403000,토스카드,72.0,부산 해운대구,30,개발자,35,여,17.0,1.0,1.0,78.0,3.0
6363,2387624,1355000,우리 Young카드,51.0,서울 관악구,20,데이터분석가,26,여,3.0,15.0,15.0,10.0,57.0
6364,1457836,1006000,롯데 DC카드,49.0,경기 고양시,20,간호사,24,여,16.0,9.0,50.0,12.0,13.0
6365,3212141,1045000,토스카드,44.0,울산 남구,30,연구원,30,여,15.0,11.0,20.0,39.0,15.0
6366,2329341,1717000,카카오뱅크 체크,79.0,서울 송파구,20,개발자,24,남,5.0,3.0,15.0,63.0,14.0
6367,2051958,809000,토스카드,46.0,부산 해운대구,20,개발자,27,남,5.0,25.0,28.0,20.0,22.0
6368,2061005,1933000,삼성 taptap카드,69.0,경기 수원시,20,서비스직,22,남,17.0,27.0,5.0,50.0,1.0
6369,1242389,1515000,NH 농협카드,80.0,서울 송파구,20,서비스직,28,여,38.0,20.0,2.0,12.0,28.0
6370,2546668,928000,이마트 KB카드,57.0,서울 관악구,20,디자이너,29,여,13.0,11.0,10.0,24.0,42.0
6371,2380928,801000,씨티 Premier카드,68.0,부산 해운대구,20,생산직,21,여,20.0,12.0,14.0,19.0,35.0
6372,2864143,1366000,SSG 랜더스카드,61.0,서울 마포구,30,디자이너,39,남,3.0,15.0,17.0,36.0,29.0
6373,2889242,968000,롯데 DC카드,58.0,서울 노원구,20,마케팅,26,여,35.0,6.0,5.0,27.0,27.0
6374,1558070,1147000,NH 농협카드,53.0,서울 성동구,20,디자이너,27,남,5.0,36.0,1.0,44.0,14.0
6375,1951613,669000,이마트 KB카드,50.0,울산 남구,20,데이터분석가,27,남,35.0,13.0,41.0,9.0,2.0
6376,2074995,856000,삼성 taptap카드,46.0,서울 송파구,30,개발자,36,여,18.0,23.0,1.0,50.0,8.0
6377,2110602,1715000,카카오뱅크 체크,67.0,울산 남구,20,서비스직,22,여,2.0,3.0,39.0,34.0,22.0
6378,2533735,1774000,NH 농협카드,82.0,경기 수원시,30,컨설턴트,33,여,18.0,6.0,13.0,9.0,54.0
6379,3301009,1076000,KB 혜담카드,52.0,서울 강남구,30,영업,32,남,29.0,10.0,5.0,12.0,44.0
6380,2076513,1859000,카카오뱅크 체크,56.0,서울 강남구,20,공무원,25,남,1.0,14.0,13.0,60.0,12.0
6381,1811322,1010000,IBK 두드림카드,69.0,서울 마포구,20,생산직,27,남,2.0,40.0,29.0,23.0,6.0
6382,3093003,1179000,우리 Young카드,66.0,서울 송파구,20,마케팅,26,남,23.0,33.0,24.0,17.0,3.0
6383,3455820,986000,네이버페이 현대,51.0,서울 관악구,20,기획,29,여,3.0,2.0,29.0,18.0,48.0
6384,2571643,1298000,이마트 KB카드,74.0,서울 서초구,30,공무원,35,여,16.0,4.0,1.0,53.0,26.0
6385,2121609,1947000,토스카드,44.0,서울 노원구,30,공무원,31,여,12.0,26.0,21.0,37.0,4.0
6386,2987727,802000,SSG 랜더스카드,67.0,경기 고양시,20,공무원,20,남,6.0,47.0,34.0,10.0,3.0
6387,1526621,1516000,신한 Deep카드,55.0,서울 강동구,20,디자이너,24,여,7.0,57.0,3.0,5.0,28.0
6388,2082613,2264000,우리 Young카드,65.0,서울 동작구,20,프리랜서,25,남,0.0,45.0,13.0,7.0,35.0
6389,1901941,2772000,신한 Deep카드,47.0,경기 고양시,20,마케팅,22,여,8.0,49.0,2.0,28.0,13.0
6390,2188325,714000,삼성 taptap카드,55.0,대구 수성구,30,대학생,35,남,46.0,25.0,3.0,15.0,11.0
6391,1817913,1106000,삼성 taptap카드,61.0,경기 성남시,20,영업,20,여,21.0,33.0,9.0,9.0,28.0
6392,2256327,1184000,SSG 랜더스카드,84.0,서울 송파구,20,데이터분석가,24,여,8.0,15.0,4.0,35.0,38.0
6393,2263588,2379000,우리 Young카드,58.0,대전 유성구,20,대학생,25,남,42.0,10.0,2.0,21.0,25.0
6394,2565067,946000,신한 Deep카드,57.0,서울 강남구,30,데이터분석가,39,남,34.0,31.0,3.0,7.0,25.0
6395,2064743,2244000,네이버페이 현대,81.0,경기 고양시,20,컨설턴트,29,여,51.0,27.0,4.0,17.0,1.0
6396,2134575,1170000,하나 Simple카드,41.0,대전 유성구,20,기획,23,남,35.0,0.0,12.0,50.0,3.0
6397,2654923,1347000,토스카드,78.0,울산 남구,20,생산직,22,남,27.0,29.0,7.0,5.0,32.0
6398,2896099,1379000,삼성 taptap카드,84.0,경기 고양시,30,대학생,32,남,1.0,6.0,17.0,52.0,24.0
6399,3577291,1665000,하나 Simple카드,74.0,서울 관악구,30,기획,33,남,2.0,9.0,8.0,46.0,35.0
6400,2792906,1269000,SSG 랜더스카드,70.0,서울 노원구,30,생산직,31,여,9.0,1.0,41.0,2.0,47.0
6401,2785765,846000,SSG 랜더스카드,55.0,대구 수성구,30,기획,34,여,10.0,44.0,4.0,12.0,30.0
6402,2943922,1321000,토스카드,62.0,인천 남동구,20,컨설턴트,25,여,46.0,19.0,18.0,10.0,7.0
6403,1940304,964000,카카오뱅크 체크,59.0,서울 성동구,30,연구원,31,여,3.0,32.0,9.0,6.0,50.0
6404,2013408,686000,SSG 랜더스카드,66.0,서울 마포구,20,디자이너,28,남,27.0,2.0,24.0,19.0,28.0
6405,4234309,953000,하나 Simple카드,55.0,서울 강동구,30,프리랜서,39,남,17.0,12.0,42.0,22.0,7.0
6406,2121341,1894000,하나 Simple카드,82.0,서울 강동구,20,대학생,25,남,1.0,54.0,28.0,12.0,5.0
6407,1029413,1096000,SSG 랜더스카드,73.0,서울 노원구,30,디자이너,38,남,4.0,51.0,15.0,3.0,27.0
6408,2148515,987000,토스카드,58.0,대구 수성구,20,서비스직,22,남,16.0,39.0,1.0,4.0,40.0
6409,2567469,1183000,신한 Deep카드,66.0,경기 고양시,30,기획,39,여,45.0,20.0,20.0,9.0,6.0
6410,1191443,611000,SSG 랜더스카드,50.0,서울 관악구,30,데이터분석가,35,여,17.0,11.0,45.0,17.0,10.0
6411,2916967,715000,SSG 랜더스카드,74.0,서울 강남구,20,영업,23,남,12.0,5.0,25.0,2.0,56.0
6412,2143143,1301000,KB 혜담카드,69.0,서울 서초구,30,디자이너,33,여,23.0,6.0,6.0,53.0,12.0
6413,2414281,1660000,우리 Young카드,47.0,경기 성남시,20,영업,23,여,6.0,26.0,17.0,1.0,50.0
6414,2137009,1408000,이마트 KB카드,70.0,서울 관악구,20,컨설턴트,27,여,2.0,27.0,32.0,20.0,19.0
6415,1605824,1074000,삼성 taptap카드,64.0,서울 마포구,20,프리랜서,29,여,1.0,56.0,7.0,23.0,13.0
6416,1714745,819000,롯데 DC카드,74.0,울산 남구,20,디자이너,29,여,2.0,53.0,12.0,21.0,12.0
6417,2032458,1064000,신한 Deep카드,47.0,서울 용산구,30,개발자,34,여,27.0,16.0,6.0,21.0,30.0
6418,3042835,925000,삼성 taptap카드,74.0,서울 강남구,30,기획,31,여,37.0,18.0,17.0,6.0,22.0
6419,2176230,551000,하나 Simple카드,56.0,서울 용산구,20,생산직,20,여,21.0,13.0,36.0,19.0,11.0
6420,2634694,988000,NH 농협카드,65.0,서울 송파구,30,대학생,39,남,10.0,9.0,46.0,15.0,20.0
6421,1782695,1742000,하나 Simple카드,47.0,서울 노원구,20,마케팅,23,남,23.0,15.0,1.0,45.0,16.0
6422,2848075,1003000,삼성 taptap카드,82.0,광주 서구,20,디자이너,26,여,21.0,3.0,15.0,49.0,12.0
6423,4024940,1729000,카카오뱅크 체크,73.0,경기 성남시,30,공무원,35,남,37.0,30.0,6.0,26.0,1.0
6424,3829320,1287000,KB 혜담카드,48.0,서울 관악구,30,회계,37,남,3.0,9.0,22.0,42.0,24.0
6425,2496218,928000,KB 혜담카드,65.0,서울 동작구,20,영업,28,여,31.0,15.0,52.0,1.0,1.0
6426,2394915,1523000,SSG 랜더스카드,42.0,서울 마포구,20,대학생,28,남,22.0,2.0,7.0,13.0,56.0
6427,1642031,937000,NH 농협카드,67.0,광주 서구,20,공무원,26,여,63.0,3.0,10.0,13.0,11.0
6428,2127090,963000,NH 농협카드,65.0,서울 관악구,20,연구원,25,여,2.0,10.0,54.0,23.0,11.0
6429,1908069,962000,현대 ZERO카드,60.0,서울 서초구,20,대학생,27,여,42.0,14.0,5.0,36.0,3.0
6430,1337243,842000,NH 농협카드,66.0,서울 관악구,20,데이터분석가,22,남,21.0,8.0,39.0,15.0,17.0
6431,2778521,1313000,신한 Deep카드,65.0,경기 수원시,20,대학생,29,남,3.0,12.0,1.0,72.0,12.0
6432,2152085,1687000,우리 Young카드,54.0,서울 송파구,30,연구원,30,여,12.0,8.0,8.0,60.0,12.0
6433,2847970,1052000,NH 농협카드,53.0,서울 마포구,20,개발자,22,여,16.0,18.0,24.0,21.0,21.0
6434,2940873,1640000,하나 Simple카드,57.0,서울 노원구,30,컨설턴트,35,여,40.0,26.0,19.0,3.0,12.0
6435,3389702,1244000,하나 Simple카드,79.0,서울 서초구,30,프리랜서,38,남,3.0,23.0,28.0,33.0,13.0
6436,2556442,962000,현대 ZERO카드,60.0,서울 서초구,20,대학생,27,남,42.0,14.0,5.0,36.0,3.0
6437,2192343,1226000,삼성 taptap카드,57.0,경기 수원시,30,공무원,38,여,26.0,7.0,13.0,22.0,32.0
6438,3178925,1396000,우리 Young카드,72.0,서울 송파구,20,서비스직,28,남,25.0,36.0,3.0,17.0,19.0
6439,2521562,910000,KB 혜담카드,68.0,서울 동작구,30,공무원,31,여,61.0,2.0,3.0,13.0,21.0
6440,2400965,2019000,SSG 랜더스카드,80.0,울산 남구,20,공무원,22,남,7.0,11.0,7.0,38.0,37.0
6441,1925461,2127000,IBK 두드림카드,53.0,서울 강동구,20,디자이너,28,남,3.0,69.0,8.0,4.0,16.0
6442,2348184,1353000,KB 혜담카드,73.0,서울 관악구,30,공무원,33,남,31.0,6.0,10.0,9.0,44.0
6443,2488648,1019000,우리 Young카드,73.0,서울 노원구,20,컨설턴트,29,남,9.0,11.0,42.0,15.0,23.0
6444,2608756,1024000,현대 ZERO카드,43.0,서울 송파구,30,컨설턴트,34,여,14.0,14.0,15.0,19.0,38.0
6445,1855323,1203000,SSG 랜더스카드,47.0,서울 용산구,20,서비스직,26,여,3.0,17.0,27.0,48.0,5.0
6446,1530786,2017000,SSG 랜더스카드,45.0,서울 마포구,20,생산직,29,남,25.0,6.0,34.0,24.0,11.0
6447,1615038,1196000,토스카드,79.0,서울 서초구,20,영업,28,여,1.0,50.0,14.0,32.0,3.0
6448,2848066,602000,SSG 랜더스카드,49.0,경기 수원시,20,서비스직,29,남,2.0,38.0,26.0,33.0,1.0
6449,1943373,628000,네이버페이 현대,66.0,인천 남동구,20,프리랜서,24,여,62.0,11.0,8.0,14.0,5.0
6450,2762764,2545000,KB 혜담카드,43.0,경기 성남시,30,연구원,32,남,15.0,10.0,43.0,9.0,23.0
6451,2975170,842000,SSG 랜더스카드,50.0,서울 노원구,20,회계,29,여,34.0,19.0,28.0,11.0,8.0
6452,1938924,1631000,IBK 두드림카드,60.0,경기 성남시,30,개발자,32,여,15.0,5.0,25.0,52.0,3.0
6453,1886502,806000,KB 혜담카드,61.0,서울 송파구,20,간호사,28,여,7.0,51.0,13.0,23.0,6.0
6454,2115616,992000,롯데 DC카드,55.0,서울 서초구,30,생산직,36,여,34.0,42.0,9.0,14.0,1.0
6455,3309034,967000,KB 혜담카드,43.0,서울 서초구,30,데이터분석가,34,여,17.0,16.0,2.0,52.0,13.0
6456,3246691,1775000,신한 Deep카드,60.0,서울 서초구,20,생산직,25,여,46.0,11.0,12.0,10.0,21.0
6457,2875781,1687000,이마트 KB카드,81.0,대구 수성구,30,서비스직,37,여,26.0,34.0,3.0,24.0,13.0
6458,2891692,938000,현대 ZERO카드,64.0,서울 용산구,30,연구원,39,여,8.0,21.0,30.0,25.0,16.0
6459,2209822,1269000,씨티 Premier카드,43.0,서울 성동구,30,공무원,38,여,18.0,10.0,7.0,35.0,30.0
6460,3223664,2034000,우리 Young카드,74.0,서울 노원구,20,영업,26,남,47.0,0.0,14.0,3.0,36.0
6461,2633848,1125000,현대 ZERO카드,61.0,대구 수성구,30,디자이너,38,여,2.0,2.0,3.0,18.0,75.0
6462,3597177,1841000,현대 ZERO카드,56.0,세종,30,회계,38,남,67.0,2.0,20.0,3.0,8.0
6463,2447237,1379000,토스카드,78.0,경기 성남시,30,컨설턴트,31,여,24.0,6.0,9.0,36.0,25.0
6464,2115983,729000,토스카드,51.0,경기 성남시,20,마케팅,22,남,63.0,18.0,1.0,11.0,7.0
6465,3331521,1391000,삼성 taptap카드,77.0,서울 노원구,30,회계,34,여,5.0,21.0,15.0,17.0,42.0
6466,2519861,1930000,신한 Deep카드,56.0,세종,20,영업,27,남,52.0,23.0,8.0,14.0,3.0
6467,2975687,1080000,씨티 Premier카드,73.0,서울 마포구,20,공무원,27,남,6.0,62.0,3.0,6.0,23.0
6468,2377664,1594000,IBK 두드림카드,42.0,서울 마포구,20,영업,23,남,20.0,5.0,36.0,36.0,3.0
6469,2075816,1144000,네이버페이 현대,46.0,울산 남구,30,디자이너,38,여,8.0,5.0,27.0,26.0,34.0
6470,2591659,677000,롯데 DC카드,50.0,경기 성남시,30,서비스직,36,남,41.0,7.0,5.0,38.0,9.0
6471,3072075,2754000,네이버페이 현대,82.0,울산 남구,30,프리랜서,33,남,53.0,3.0,9.0,21.0,14.0
6472,2186749,1084000,신한 Deep카드,48.0,서울 마포구,30,개발자,31,여,6.0,60.0,6.0,18.0,10.0
6473,1696269,1666000,KB 혜담카드,43.0,서울 관악구,20,생산직,29,여,10.0,56.0,14.0,19.0,1.0
6474,2850708,1702000,롯데 DC카드,74.0,서울 송파구,20,간호사,28,남,36.0,23.0,5.0,33.0,3.0
6475,2618590,885000,네이버페이 현대,79.0,서울 성동구,30,마케팅,34,남,17.0,15.0,17.0,6.0,45.0
6476,2319096,1182000,네이버페이 현대,79.0,서울 마포구,20,연구원,21,남,20.0,11.0,30.0,37.0,2.0
6477,2398066,1183000,이마트 KB카드,69.0,서울 송파구,20,간호사,22,여,39.0,22.0,9.0,12.0,18.0
6478,2588292,1098000,하나 Simple카드,79.0,광주 서구,30,컨설턴트,31,남,34.0,19.0,27.0,7.0,13.0
6479,4015559,1376000,롯데 DC카드,54.0,대전 유성구,30,영업,33,남,46.0,10.0,19.0,22.0,3.0
6480,1691429,1473000,이마트 KB카드,59.0,세종,20,생산직,26,남,9.0,6.0,21.0,4.0,60.0
6481,2380812,1130000,신한 Deep카드,52.0,경기 고양시,20,마케팅,23,남,17.0,11.0,8.0,49.0,15.0
6482,2623058,841000,씨티 Premier카드,46.0,서울 송파구,30,개발자,39,여,44.0,2.0,30.0,14.0,10.0
6483,2222872,1017000,우리 Young카드,79.0,서울 송파구,20,마케팅,24,남,13.0,24.0,36.0,2.0,25.0
6484,1601543,1359000,KB 혜담카드,79.0,서울 관악구,20,영업,29,남,2.0,7.0,44.0,41.0,6.0
6485,3609572,1657000,하나 Simple카드,77.0,서울 용산구,30,디자이너,34,남,2.0,0.0,40.0,0.0,58.0
6486,2621755,965000,NH 농협카드,78.0,광주 서구,20,영업,29,남,40.0,14.0,27.0,5.0,14.0
6487,1912215,1074000,씨티 Premier카드,47.0,대구 수성구,20,영업,24,남,11.0,3.0,18.0,55.0,13.0
6488,2603743,1854000,현대 ZERO카드,68.0,경기 고양시,20,연구원,27,여,11.0,15.0,26.0,12.0,36.0
6489,2687453,1792000,씨티 Premier카드,41.0,경기 고양시,30,회계,37,여,1.0,29.0,17.0,3.0,50.0
6490,1609693,1522000,카카오뱅크 체크,53.0,서울 강남구,20,디자이너,27,여,14.0,66.0,8.0,8.0,4.0
6491,1823035,694000,네이버페이 현대,52.0,서울 강남구,20,데이터분석가,25,여,6.0,3.0,18.0,31.0,42.0
6492,3069140,1139000,삼성 taptap카드,84.0,서울 동작구,30,공무원,34,여,57.0,18.0,16.0,3.0,6.0
6493,2404708,741000,NH 농협카드,82.0,세종,20,개발자,29,남,26.0,34.0,29.0,6.0,5.0
6494,2217848,2192000,씨티 Premier카드,59.0,서울 서초구,30,기획,31,여,3.0,62.0,1.0,9.0,25.0
6495,2070762,927000,현대 ZERO카드,45.0,서울 송파구,30,공무원,32,여,33.0,11.0,12.0,35.0,9.0
6496,1992303,1848000,NH 농협카드,59.0,서울 송파구,20,컨설턴트,23,여,0.0,22.0,41.0,22.0,15.0
6497,2277760,1509000,KB 혜담카드,44.0,서울 동작구,30,회계,30,여,1.0,25.0,49.0,19.0,6.0
6498,2407825,2019000,토스카드,74.0,광주 서구,30,서비스직,32,남,23.0,7.0,7.0,18.0,45.0
6499,1379117,1073000,카카오뱅크 체크,46.0,서울 용산구,20,간호사,22,여,3.0,31.0,27.0,4.0,35.0
6500,3070006,924000,씨티 Premier카드,60.0,경기 성남시,30,생산직,35,여,1.0,48.0,2.0,16.0,33.0
6501,2985316,737000,하나 Simple카드,72.0,경기 성남시,30,데이터분석가,37,여,7.0,8.0,7.0,73.0,5.0
6502,1613372,1543000,삼성 taptap카드,48.0,경기 성남시,20,개발자,29,남,12.0,35.0,4.0,13.0,36.0
6503,2318155,1018000,하나 Simple카드,44.0,대구 수성구,20,개발자,25,남,13.0,29.0,8.0,42.0,8.0
6504,2368433,2013000,네이버페이 현대,46.0,경기 수원시,30,회계,39,남,19.0,11.0,50.0,14.0,6.0
6505,2369216,1510000,카카오뱅크 체크,62.0,서울 관악구,30,영업,31,여,2.0,6.0,11.0,66.0,15.0
6506,2077616,2007000,토스카드,66.0,서울 서초구,20,마케팅,22,남,8.0,30.0,54.0,2.0,6.0
6507,2700516,740000,이마트 KB카드,51.0,인천 남동구,30,영업,32,남,14.0,0.0,28.0,41.0,17.0
6508,3501473,993000,SSG 랜더스카드,84.0,서울 관악구,30,회계,30,여,23.0,21.0,20.0,19.0,17.0
6509,2029837,999000,IBK 두드림카드,73.0,대전 유성구,20,영업,29,남,16.0,28.0,4.0,52.0,0.0
6510,2095868,1819000,SSG 랜더스카드,55.0,서울 노원구,30,디자이너,36,여,62.0,6.0,9.0,1.0,22.0
6511,1868709,983000,토스카드,42.0,인천 남동구,20,개발자,26,남,38.0,37.0,18.0,1.0,6.0
6512,2771888,1463000,이마트 KB카드,51.0,대전 유성구,20,영업,28,여,14.0,25.0,38.0,2.0,21.0
6513,1423948,1564000,이마트 KB카드,64.0,대전 유성구,20,디자이너,28,여,7.0,52.0,16.0,19.0,6.0
6514,1868688,762000,NH 농협카드,79.0,서울 강동구,20,데이터분석가,28,여,18.0,6.0,35.0,25.0,16.0
6515,3223411,1339000,현대 ZERO카드,73.0,서울 서초구,30,기획,31,여,39.0,22.0,13.0,4.0,22.0
6516,3170790,1835000,KB 혜담카드,75.0,서울 관악구,30,마케팅,32,남,19.0,21.0,29.0,6.0,25.0
6517,2345961,1116000,현대 ZERO카드,85.0,서울 서초구,20,공무원,29,남,54.0,22.0,2.0,10.0,12.0
6518,4492502,1236000,IBK 두드림카드,54.0,서울 관악구,30,연구원,31,남,49.0,14.0,3.0,3.0,31.0
6519,2623173,1376000,롯데 DC카드,54.0,대전 유성구,30,영업,33,여,46.0,10.0,19.0,22.0,3.0
6520,1895906,958000,SSG 랜더스카드,41.0,서울 성동구,20,회계,26,여,51.0,1.0,18.0,3.0,27.0
6521,2802546,1011000,토스카드,85.0,대전 유성구,30,기획,37,남,11.0,3.0,2.0,36.0,48.0
6522,1932283,842000,KB 혜담카드,76.0,서울 용산구,30,생산직,30,여,15.0,7.0,12.0,18.0,48.0
6523,2877968,1590000,이마트 KB카드,62.0,서울 강남구,20,디자이너,22,남,5.0,6.0,51.0,29.0,9.0
6524,2537280,1014000,IBK 두드림카드,81.0,서울 동작구,20,개발자,27,여,8.0,8.0,13.0,28.0,43.0
6525,3062207,731000,하나 Simple카드,73.0,대전 유성구,30,대학생,30,여,28.0,18.0,8.0,26.0,20.0
6526,2856491,1001000,삼성 taptap카드,52.0,대전 유성구,20,대학생,20,남,25.0,34.0,11.0,6.0,24.0
6527,2042894,885000,IBK 두드림카드,48.0,광주 서구,20,디자이너,28,남,39.0,11.0,27.0,12.0,11.0
6528,1777623,779000,삼성 taptap카드,74.0,서울 송파구,20,대학생,29,남,9.0,27.0,25.0,19.0,20.0
6529,2474143,1211000,네이버페이 현대,66.0,부산 해운대구,30,영업,30,여,38.0,11.0,24.0,26.0,1.0
6530,2063619,961000,우리 Young카드,56.0,서울 관악구,30,연구원,32,여,1.0,47.0,6.0,41.0,5.0
6531,3115469,1369000,이마트 KB카드,55.0,서울 관악구,30,공무원,30,남,33.0,8.0,14.0,4.0,41.0
6532,2816048,970000,하나 Simple카드,61.0,경기 고양시,20,마케팅,28,남,25.0,11.0,6.0,48.0,10.0
6533,2165930,1567000,우리 Young카드,74.0,서울 마포구,20,대학생,23,남,4.0,59.0,7.0,5.0,25.0
6534,2324997,1375000,IBK 두드림카드,68.0,서울 서초구,20,기획,21,여,50.0,17.0,6.0,6.0,21.0
6535,2453077,963000,KB 혜담카드,62.0,경기 성남시,30,생산직,37,여,0.0,16.0,50.0,0.0,34.0
6536,2651363,1486000,카카오뱅크 체크,65.0,경기 성남시,20,간호사,25,남,35.0,34.0,10.0,8.0,13.0
6537,2166108,1425000,삼성 taptap카드,84.0,대구 수성구,30,공무원,35,여,42.0,19.0,2.0,13.0,24.0
6538,1151776,828000,카카오뱅크 체크,78.0,서울 마포구,20,마케팅,25,여,43.0,0.0,49.0,8.0,0.0
6539,3329608,1313000,롯데 DC카드,56.0,서울 용산구,30,대학생,31,남,21.0,4.0,10.0,63.0,2.0
6540,3691484,697000,토스카드,42.0,경기 고양시,30,프리랜서,35,남,76.0,5.0,6.0,2.0,11.0
6541,2723187,820000,신한 Deep카드,56.0,서울 서초구,30,기획,33,여,19.0,3.0,27.0,15.0,36.0
6542,1929884,634000,씨티 Premier카드,64.0,서울 관악구,20,데이터분석가,28,여,62.0,1.0,25.0,5.0,7.0
6543,2205491,1160000,씨티 Premier카드,79.0,경기 성남시,30,마케팅,30,남,34.0,8.0,16.0,13.0,29.0
6544,3346148,2115000,이마트 KB카드,80.0,서울 강남구,30,기획,30,남,13.0,16.0,36.0,25.0,10.0
6545,2320739,599000,하나 Simple카드,73.0,서울 성동구,20,기획,25,남,11.0,5.0,30.0,51.0,3.0
6546,2437103,1090000,롯데 DC카드,83.0,경기 성남시,30,컨설턴트,30,여,8.0,17.0,7.0,11.0,57.0
6547,3161231,1920000,우리 Young카드,58.0,서울 강동구,20,컨설턴트,29,남,18.0,4.0,69.0,4.0,5.0
6548,2337239,540000,현대 ZERO카드,48.0,서울 서초구,30,대학생,31,남,1.0,3.0,79.0,10.0,7.0
6549,3137518,1660000,이마트 KB카드,43.0,경기 수원시,20,간호사,28,여,31.0,20.0,39.0,0.0,10.0
6550,2515891,1772000,현대 ZERO카드,60.0,울산 남구,30,공무원,33,여,13.0,6.0,3.0,78.0,0.0
6551,1332214,1385000,IBK 두드림카드,68.0,대전 유성구,20,마케팅,26,남,7.0,2.0,67.0,12.0,12.0
6552,2874558,1099000,NH 농협카드,85.0,경기 성남시,30,디자이너,30,남,17.0,58.0,13.0,8.0,4.0
6553,2729748,1046000,NH 농협카드,56.0,서울 강동구,20,회계,21,여,2.0,25.0,17.0,55.0,1.0
6554,2067472,2249000,우리 Young카드,46.0,서울 노원구,20,공무원,25,남,39.0,1.0,38.0,13.0,9.0
6555,1967655,1158000,신한 Deep카드,64.0,서울 서초구,30,디자이너,39,남,27.0,6.0,33.0,27.0,7.0
6556,2417742,1665000,하나 Simple카드,74.0,서울 관악구,30,기획,33,여,2.0,9.0,8.0,46.0,35.0
6557,1821413,1360000,우리 Young카드,45.0,서울 서초구,20,프리랜서,28,남,6.0,43.0,7.0,31.0,13.0
6558,2495907,1510000,네이버페이 현대,41.0,서울 마포구,20,기획,27,여,19.0,20.0,10.0,46.0,5.0
6559,2636699,1032000,우리 Young카드,58.0,서울 서초구,20,컨설턴트,22,여,41.0,29.0,4.0,19.0,7.0
6560,1721864,1354000,삼성 taptap카드,83.0,서울 용산구,20,기획,26,남,1.0,16.0,13.0,54.0,16.0
6561,1897097,1166000,카카오뱅크 체크,80.0,서울 송파구,20,서비스직,24,남,8.0,35.0,6.0,1.0,50.0
6562,2878321,1555000,씨티 Premier카드,78.0,서울 관악구,30,데이터분석가,31,여,43.0,0.0,1.0,32.0,24.0
6563,1820577,1627000,현대 ZERO카드,72.0,서울 강남구,20,공무원,25,여,37.0,1.0,29.0,4.0,29.0
6564,1958920,906000,삼성 taptap카드,62.0,인천 남동구,30,개발자,33,여,11.0,41.0,1.0,6.0,41.0
6565,1910654,1286000,카카오뱅크 체크,55.0,서울 강동구,30,영업,30,여,20.0,24.0,16.0,34.0,6.0
6566,2426019,1332000,토스카드,59.0,서울 동작구,20,영업,23,남,11.0,40.0,18.0,2.0,29.0
6567,2654578,1100000,우리 Young카드,44.0,대구 수성구,30,연구원,30,여,40.0,21.0,13.0,4.0,22.0
6568,1907976,1211000,씨티 Premier카드,76.0,서울 강남구,20,개발자,26,남,0.0,35.0,42.0,16.0,7.0
6569,3003559,1153000,신한 Deep카드,51.0,인천 남동구,30,데이터분석가,31,남,7.0,23.0,1.0,55.0,14.0
6570,4068992,751000,우리 Young카드,61.0,대전 유성구,30,대학생,36,남,11.0,20.0,13.0,17.0,39.0
6571,1762969,1957000,IBK 두드림카드,60.0,인천 남동구,20,회계,26,남,4.0,31.0,1.0,28.0,36.0
6572,1524128,1359000,현대 ZERO카드,40.0,광주 서구,30,대학생,31,여,11.0,5.0,10.0,46.0,28.0
6573,2477537,1406000,우리 Young카드,41.0,인천 남동구,20,마케팅,24,남,19.0,5.0,8.0,23.0,45.0
6574,2922719,1387000,하나 Simple카드,50.0,세종,30,회계,35,남,4.0,1.0,38.0,54.0,3.0
6575,2502982,912000,씨티 Premier카드,41.0,서울 노원구,30,대학생,37,남,9.0,7.0,37.0,24.0,23.0
6576,2826040,918000,씨티 Premier카드,74.0,세종,30,기획,32,여,6.0,17.0,48.0,16.0,13.0
6577,2919612,938000,SSG 랜더스카드,74.0,경기 고양시,30,디자이너,31,여,4.0,36.0,9.0,6.0,45.0
6578,1454205,1438000,KB 혜담카드,63.0,서울 송파구,30,대학생,32,남,74.0,17.0,8.0,0.0,1.0
6579,1923701,2282000,KB 혜담카드,72.0,서울 동작구,20,프리랜서,24,남,16.0,27.0,7.0,27.0,23.0
6580,3408758,1128000,우리 Young카드,59.0,세종,20,연구원,29,남,18.0,5.0,8.0,51.0,18.0
6581,2791702,711000,토스카드,58.0,서울 마포구,30,프리랜서,30,여,30.0,4.0,24.0,38.0,4.0
6582,2838051,1533000,KB 혜담카드,56.0,서울 동작구,30,공무원,39,여,32.0,22.0,13.0,25.0,8.0
6583,3086447,569000,씨티 Premier카드,58.0,서울 성동구,30,기획,31,여,33.0,18.0,11.0,25.0,13.0
6584,2258534,860000,IBK 두드림카드,68.0,경기 고양시,20,서비스직,25,여,42.0,10.0,12.0,2.0,34.0
6585,2648342,1518000,IBK 두드림카드,84.0,부산 해운대구,20,서비스직,26,남,56.0,11.0,3.0,14.0,16.0
6586,2609031,754000,삼성 taptap카드,78.0,서울 노원구,20,연구원,23,여,15.0,40.0,35.0,6.0,4.0
6587,2519520,1768000,KB 혜담카드,55.0,세종,20,개발자,26,여,6.0,37.0,48.0,6.0,3.0
6588,2774591,664000,KB 혜담카드,68.0,경기 수원시,30,프리랜서,36,남,49.0,6.0,1.0,11.0,33.0
6589,2336029,1561000,IBK 두드림카드,46.0,서울 송파구,20,공무원,27,남,13.0,16.0,19.0,37.0,15.0
6590,2205819,1721000,카카오뱅크 체크,46.0,서울 용산구,30,회계,32,여,32.0,38.0,2.0,25.0,3.0
6591,2506407,883000,씨티 Premier카드,76.0,부산 해운대구,30,마케팅,31,여,13.0,23.0,1.0,20.0,43.0
6592,1665754,1090000,KB 혜담카드,65.0,인천 남동구,20,영업,25,남,5.0,3.0,34.0,34.0,24.0
6593,1854688,803000,신한 Deep카드,81.0,대전 유성구,20,개발자,24,여,17.0,3.0,79.0,0.0,1.0
6594,2358843,2040000,네이버페이 현대,63.0,서울 서초구,30,디자이너,31,여,1.0,42.0,20.0,8.0,29.0
6595,2339406,1477000,현대 ZERO카드,77.0,서울 마포구,30,영업,35,남,26.0,13.0,1.0,40.0,20.0
6596,2646487,1274000,하나 Simple카드,50.0,서울 강남구,30,영업,32,남,37.0,9.0,12.0,29.0,13.0
6597,2168037,1859000,롯데 DC카드,50.0,서울 성동구,20,회계,29,남,17.0,1.0,14.0,40.0,28.0
6598,2701131,2177000,삼성 taptap카드,41.0,서울 강동구,30,영업,38,여,8.0,22.0,20.0,16.0,34.0
6599,2724628,2205000,신한 Deep카드,65.0,경기 성남시,20,기획,26,남,17.0,34.0,0.0,10.0,39.0
6600,2018107,1291000,신한 Deep카드,64.0,서울 용산구,20,데이터분석가,28,남,57.0,14.0,6.0,15.0,8.0
6601,3167552,1235000,SSG 랜더스카드,76.0,서울 송파구,30,연구원,31,여,24.0,44.0,27.0,3.0,2.0
6602,2969305,1000000,삼성 taptap카드,60.0,인천 남동구,30,기획,30,여,40.0,21.0,11.0,24.0,4.0
6603,3352865,1265000,네이버페이 현대,80.0,울산 남구,30,간호사,34,남,7.0,7.0,39.0,36.0,11.0
6604,3107554,1899000,SSG 랜더스카드,78.0,경기 수원시,30,연구원,32,남,1.0,60.0,27.0,7.0,5.0
6605,2409560,2401000,하나 Simple카드,74.0,경기 수원시,20,디자이너,28,남,28.0,22.0,6.0,12.0,32.0
6606,3093525,995000,IBK 두드림카드,81.0,서울 용산구,30,컨설턴트,31,여,29.0,0.0,29.0,4.0,38.0
6607,2861789,1880000,이마트 KB카드,55.0,세종,20,회계,20,여,8.0,36.0,23.0,17.0,16.0
6608,3934462,622000,네이버페이 현대,73.0,경기 고양시,30,디자이너,33,남,2.0,59.0,16.0,20.0,3.0
6609,2520663,1079000,KB 혜담카드,48.0,세종,30,기획,31,여,12.0,14.0,57.0,12.0,5.0
6610,2777483,806000,IBK 두드림카드,58.0,서울 동작구,30,생산직,31,여,7.0,1.0,62.0,3.0,27.0
6611,2921773,679000,NH 농협카드,53.0,서울 관악구,20,공무원,23,여,42.0,1.0,13.0,15.0,29.0
6612,2188141,890000,카카오뱅크 체크,45.0,대전 유성구,30,기획,31,여,2.0,3.0,12.0,1.0,82.0
6613,2777108,981000,토스카드,41.0,서울 마포구,30,디자이너,32,남,21.0,20.0,45.0,10.0,4.0
6614,3011225,1067000,하나 Simple카드,76.0,서울 강남구,30,디자이너,35,남,1.0,10.0,48.0,11.0,30.0
6615,2699799,1449000,우리 Young카드,64.0,대구 수성구,20,기획,22,여,30.0,4.0,6.0,42.0,18.0
6616,2707586,1419000,카카오뱅크 체크,70.0,광주 서구,20,디자이너,25,여,31.0,16.0,16.0,17.0,20.0
6617,2134567,1242000,NH 농협카드,65.0,서울 용산구,20,회계,29,여,29.0,14.0,24.0,12.0,21.0
6618,1495695,974000,NH 농협카드,57.0,서울 마포구,20,간호사,28,남,19.0,33.0,41.0,4.0,3.0
6619,2373091,1408000,이마트 KB카드,70.0,서울 관악구,20,컨설턴트,27,여,2.0,27.0,32.0,20.0,19.0
6620,2040841,1094000,KB 혜담카드,78.0,대전 유성구,30,대학생,30,여,45.0,2.0,38.0,13.0,2.0
6621,1505031,2057000,현대 ZERO카드,54.0,서울 성동구,20,데이터분석가,26,남,5.0,8.0,41.0,43.0,3.0
6622,1618064,1977000,SSG 랜더스카드,78.0,울산 남구,20,데이터분석가,29,남,54.0,12.0,13.0,8.0,13.0
6623,2413190,989000,네이버페이 현대,75.0,서울 마포구,20,디자이너,25,여,39.0,22.0,21.0,6.0,12.0
6624,3180518,1186000,씨티 Premier카드,43.0,서울 성동구,30,연구원,38,여,3.0,9.0,37.0,41.0,10.0
6625,3027226,1315000,네이버페이 현대,74.0,경기 고양시,30,대학생,33,남,14.0,9.0,16.0,1.0,60.0
6626,2355690,931000,KB 혜담카드,43.0,경기 수원시,20,컨설턴트,24,여,41.0,24.0,16.0,18.0,1.0
6627,3828026,947000,IBK 두드림카드,50.0,서울 마포구,30,디자이너,33,남,38.0,41.0,8.0,6.0,7.0
6628,1477772,1540000,카카오뱅크 체크,80.0,서울 송파구,20,데이터분석가,29,남,2.0,20.0,21.0,10.0,47.0
6629,2510088,519000,삼성 taptap카드,73.0,광주 서구,20,프리랜서,20,여,28.0,33.0,14.0,15.0,10.0
6630,2244205,1100000,현대 ZERO카드,69.0,경기 성남시,20,연구원,20,여,10.0,59.0,20.0,3.0,8.0
6631,2783028,1103000,삼성 taptap카드,47.0,서울 동작구,30,연구원,37,여,4.0,21.0,1.0,67.0,7.0
6632,2008258,1182000,네이버페이 현대,79.0,서울 마포구,20,연구원,21,여,20.0,11.0,30.0,37.0,2.0
6633,1841031,928000,SSG 랜더스카드,72.0,서울 동작구,20,데이터분석가,25,남,11.0,5.0,12.0,2.0,70.0
6634,2570254,883000,IBK 두드림카드,54.0,대전 유성구,30,영업,39,여,25.0,20.0,26.0,19.0,10.0
6635,3074595,886000,이마트 KB카드,56.0,경기 고양시,20,개발자,28,남,45.0,9.0,17.0,3.0,26.0
6636,3602637,909000,신한 Deep카드,74.0,서울 서초구,30,디자이너,34,남,26.0,11.0,7.0,27.0,29.0
6637,2644615,1265000,네이버페이 현대,80.0,울산 남구,30,간호사,34,남,7.0,7.0,39.0,36.0,11.0
6638,1579513,1880000,이마트 KB카드,55.0,세종,20,회계,20,남,8.0,36.0,23.0,17.0,16.0
6639,1408966,865000,씨티 Premier카드,85.0,세종,20,공무원,27,남,2.0,31.0,51.0,14.0,2.0
6640,2908049,991000,씨티 Premier카드,72.0,서울 강남구,20,기획,29,남,12.0,16.0,38.0,15.0,19.0
6641,1772458,1103000,하나 Simple카드,41.0,세종,20,프리랜서,29,남,42.0,17.0,7.0,2.0,32.0
6642,2087243,1220000,신한 Deep카드,65.0,경기 고양시,20,생산직,21,남,24.0,22.0,6.0,43.0,5.0
6643,3160605,1967000,토스카드,78.0,광주 서구,30,대학생,33,여,15.0,21.0,3.0,1.0,60.0
6644,1870268,1237000,현대 ZERO카드,85.0,경기 성남시,30,마케팅,34,남,9.0,1.0,21.0,21.0,48.0
6645,2996132,1367000,NH 농협카드,49.0,서울 동작구,20,영업,25,남,10.0,25.0,29.0,10.0,26.0
6646,2373179,1464000,롯데 DC카드,73.0,광주 서구,30,마케팅,37,여,25.0,19.0,17.0,28.0,11.0
6647,1925708,600000,삼성 taptap카드,72.0,서울 관악구,30,간호사,34,여,6.0,7.0,1.0,7.0,79.0
6648,2126324,1380000,네이버페이 현대,52.0,경기 성남시,20,컨설턴트,20,여,48.0,8.0,25.0,14.0,5.0
6649,2494182,1053000,하나 Simple카드,48.0,서울 용산구,30,디자이너,32,남,6.0,0.0,10.0,61.0,23.0
6650,2470409,1532000,네이버페이 현대,48.0,울산 남구,20,디자이너,20,여,10.0,9.0,64.0,13.0,4.0
6651,1925933,938000,하나 Simple카드,65.0,경기 성남시,20,기획,28,남,17.0,30.0,32.0,2.0,19.0
6652,1294178,1881000,카카오뱅크 체크,55.0,서울 성동구,20,연구원,20,남,3.0,6.0,57.0,15.0,19.0
6653,2139718,1711000,카카오뱅크 체크,84.0,경기 수원시,20,데이터분석가,24,남,4.0,10.0,44.0,18.0,24.0
6654,1571727,1523000,SSG 랜더스카드,46.0,부산 해운대구,20,마케팅,27,여,0.0,52.0,22.0,17.0,9.0
6655,3143023,864000,카카오뱅크 체크,56.0,울산 남구,30,공무원,37,남,23.0,17.0,2.0,45.0,13.0
6656,2169008,1397000,토스카드,70.0,서울 용산구,30,대학생,39,남,2.0,27.0,32.0,32.0,7.0
6657,2005993,1136000,네이버페이 현대,64.0,서울 성동구,20,기획,29,남,8.0,59.0,22.0,7.0,4.0
6658,2341293,1595000,롯데 DC카드,75.0,울산 남구,20,서비스직,26,여,75.0,5.0,5.0,4.0,11.0
6659,2143770,2228000,이마트 KB카드,67.0,서울 용산구,20,공무원,27,여,58.0,0.0,4.0,32.0,6.0
6660,3175301,1337000,하나 Simple카드,66.0,서울 동작구,30,개발자,37,남,32.0,9.0,19.0,11.0,29.0
6661,2840143,818000,SSG 랜더스카드,61.0,서울 마포구,30,생산직,39,여,14.0,27.0,11.0,48.0,0.0
6662,1671033,1379000,IBK 두드림카드,65.0,서울 동작구,20,서비스직,23,여,34.0,10.0,27.0,26.0,3.0
6663,2217801,1630000,이마트 KB카드,41.0,서울 강남구,20,대학생,28,여,33.0,10.0,1.0,37.0,19.0
6664,1000000,874000,토스카드,69.0,광주 서구,30,마케팅,31,남,21.0,11.0,14.0,44.0,10.0
6665,2623666,933000,현대 ZERO카드,84.0,대전 유성구,30,개발자,37,여,1.0,15.0,59.0,10.0,15.0
6666,2789430,1177000,우리 Young카드,52.0,울산 남구,30,영업,32,남,30.0,23.0,12.0,18.0,17.0
6667,2008275,871000,KB 혜담카드,56.0,세종,30,컨설턴트,34,여,24.0,16.0,25.0,28.0,7.0
6668,3221003,918000,현대 ZERO카드,43.0,대구 수성구,30,디자이너,38,남,15.0,12.0,2.0,14.0,57.0
6669,3820888,1725000,토스카드,76.0,서울 노원구,30,개발자,33,남,9.0,22.0,21.0,15.0,33.0
6670,2666787,842000,KB 혜담카드,76.0,서울 용산구,30,생산직,30,남,15.0,7.0,12.0,18.0,48.0
6671,2027592,1595000,삼성 taptap카드,43.0,경기 성남시,30,서비스직,31,여,8.0,4.0,67.0,4.0,17.0
6672,3115517,1967000,토스카드,78.0,광주 서구,30,대학생,33,남,15.0,21.0,3.0,1.0,60.0
6673,1582196,1312000,신한 Deep카드,50.0,부산 해운대구,20,공무원,23,여,19.0,44.0,20.0,11.0,6.0
6674,2537733,1151000,신한 Deep카드,56.0,서울 성동구,30,디자이너,32,남,23.0,0.0,27.0,3.0,47.0
6675,3111201,1085000,씨티 Premier카드,66.0,서울 관악구,30,연구원,34,여,10.0,18.0,14.0,1.0,57.0
6676,2281089,1029000,현대 ZERO카드,40.0,서울 성동구,20,프리랜서,25,여,12.0,10.0,13.0,49.0,16.0
6677,1560266,1120000,KB 혜담카드,52.0,경기 고양시,30,영업,35,여,50.0,3.0,31.0,5.0,11.0
6678,1601504,1068000,현대 ZERO카드,83.0,대구 수성구,30,컨설턴트,37,여,12.0,53.0,19.0,7.0,9.0
6679,2331042,1107000,카카오뱅크 체크,56.0,부산 해운대구,20,개발자,23,여,17.0,6.0,39.0,6.0,32.0
6680,2681195,2228000,이마트 KB카드,67.0,서울 용산구,20,공무원,27,남,58.0,0.0,4.0,32.0,6.0
6681,1691189,1594000,신한 Deep카드,49.0,울산 남구,30,영업,36,여,3.0,7.0,0.0,23.0,67.0
6682,3314798,1265000,네이버페이 현대,80.0,울산 남구,30,간호사,34,남,7.0,7.0,39.0,36.0,11.0
6683,3165171,1733000,SSG 랜더스카드,56.0,서울 동작구,30,영업,32,여,5.0,31.0,40.0,1.0,23.0
6684,3443929,770000,카카오뱅크 체크,57.0,서울 서초구,30,연구원,35,여,19.0,1.0,66.0,9.0,5.0
6685,3231855,1139000,삼성 taptap카드,84.0,서울 동작구,30,공무원,34,남,57.0,18.0,16.0,3.0,6.0
6686,2503401,1744000,씨티 Premier카드,56.0,서울 용산구,20,기획,21,남,21.0,19.0,26.0,9.0,25.0
6687,1183407,1143000,토스카드,68.0,서울 용산구,20,프리랜서,23,남,3.0,38.0,46.0,11.0,2.0
6688,3299876,1810000,하나 Simple카드,85.0,서울 용산구,20,대학생,29,여,3.0,52.0,16.0,11.0,18.0
6689,2212254,1587000,삼성 taptap카드,63.0,서울 마포구,30,간호사,32,여,22.0,32.0,23.0,7.0,16.0
6690,1783264,1074000,우리 Young카드,60.0,세종,20,컨설턴트,24,여,9.0,15.0,1.0,65.0,10.0
6691,2122396,1365000,토스카드,46.0,광주 서구,20,컨설턴트,25,여,1.0,5.0,60.0,3.0,31.0
6692,3255836,1319000,신한 Deep카드,57.0,서울 마포구,30,기획,33,여,54.0,9.0,9.0,9.0,19.0
6693,3354023,1024000,롯데 DC카드,47.0,부산 해운대구,20,프리랜서,27,남,9.0,22.0,2.0,49.0,18.0
6694,3087786,879000,롯데 DC카드,81.0,대전 유성구,30,간호사,32,남,14.0,1.0,53.0,10.0,22.0
6695,2999042,846000,씨티 Premier카드,53.0,서울 노원구,30,개발자,35,여,9.0,41.0,26.0,2.0,22.0
6696,2521602,1391000,삼성 taptap카드,77.0,서울 노원구,30,회계,34,여,5.0,21.0,15.0,17.0,42.0
6697,1981102,772000,현대 ZERO카드,50.0,서울 용산구,30,서비스직,33,여,9.0,48.0,3.0,5.0,35.0
6698,2988371,564000,현대 ZERO카드,45.0,경기 성남시,20,서비스직,27,남,33.0,29.0,15.0,2.0,21.0
6699,1938936,1499000,신한 Deep카드,78.0,광주 서구,20,공무원,25,남,32.0,8.0,15.0,37.0,8.0
6700,4074871,1301000,하나 Simple카드,78.0,경기 성남시,30,프리랜서,39,남,2.0,32.0,7.0,54.0,5.0
6701,2899270,1058000,카카오뱅크 체크,59.0,서울 송파구,20,간호사,26,남,24.0,12.0,13.0,12.0,39.0
6702,2557018,1676000,SSG 랜더스카드,62.0,서울 마포구,20,간호사,27,남,36.0,14.0,40.0,5.0,5.0
6703,3164487,749000,NH 농협카드,54.0,서울 서초구,20,영업,29,여,3.0,20.0,60.0,1.0,16.0
6704,3366173,1467000,삼성 taptap카드,79.0,경기 성남시,20,간호사,28,남,39.0,20.0,9.0,16.0,16.0
6705,2412378,1065000,NH 농협카드,49.0,서울 강동구,30,간호사,34,여,14.0,63.0,14.0,9.0,0.0
6706,2433844,1887000,IBK 두드림카드,55.0,서울 동작구,30,영업,34,남,26.0,2.0,11.0,6.0,55.0
6707,1317865,1704000,신한 Deep카드,62.0,부산 해운대구,20,데이터분석가,24,여,1.0,20.0,30.0,34.0,15.0
6708,3372341,1159000,롯데 DC카드,75.0,서울 서초구,20,생산직,27,남,1.0,47.0,11.0,38.0,3.0
6709,2030158,1369000,이마트 KB카드,48.0,대전 유성구,20,서비스직,29,남,20.0,10.0,24.0,14.0,32.0
6710,3794525,926000,NH 농협카드,51.0,서울 관악구,30,서비스직,34,남,27.0,10.0,5.0,9.0,49.0
6711,1879372,1109000,신한 Deep카드,67.0,경기 성남시,20,기획,27,여,3.0,4.0,44.0,29.0,20.0
6712,3019132,1353000,네이버페이 현대,46.0,경기 고양시,20,디자이너,27,여,16.0,55.0,17.0,3.0,9.0
6713,1899941,1038000,롯데 DC카드,80.0,부산 해운대구,20,개발자,28,남,26.0,41.0,10.0,18.0,5.0
6714,1654140,1638000,신한 Deep카드,40.0,대구 수성구,20,프리랜서,24,남,3.0,15.0,40.0,33.0,9.0
6715,2395746,932000,SSG 랜더스카드,48.0,서울 송파구,30,공무원,35,여,15.0,10.0,45.0,4.0,26.0
6716,1984112,1066000,우리 Young카드,65.0,인천 남동구,20,영업,23,남,35.0,2.0,22.0,29.0,12.0
6717,2548149,1057000,네이버페이 현대,67.0,서울 마포구,20,컨설턴트,23,남,23.0,0.0,54.0,20.0,3.0
6718,2224302,1538000,네이버페이 현대,50.0,인천 남동구,20,생산직,28,여,15.0,22.0,9.0,46.0,8.0
6719,2813851,903000,카카오뱅크 체크,45.0,서울 강남구,30,회계,33,여,54.0,14.0,4.0,23.0,5.0
6720,2796284,766000,네이버페이 현대,82.0,서울 동작구,30,컨설턴트,30,남,16.0,1.0,56.0,0.0,27.0
6721,2534424,846000,우리 Young카드,54.0,서울 관악구,30,컨설턴트,33,남,9.0,40.0,10.0,36.0,5.0
6722,2208219,964000,카카오뱅크 체크,59.0,서울 성동구,30,연구원,31,여,3.0,32.0,9.0,6.0,50.0
6723,4431457,936000,삼성 taptap카드,48.0,경기 수원시,30,디자이너,32,남,6.0,17.0,50.0,21.0,6.0
6724,3157619,1505000,신한 Deep카드,53.0,경기 고양시,30,대학생,35,남,0.0,26.0,23.0,25.0,26.0
6725,1258118,1029000,현대 ZERO카드,40.0,서울 성동구,20,프리랜서,25,여,12.0,10.0,13.0,49.0,16.0
6726,1989895,646000,IBK 두드림카드,78.0,울산 남구,20,대학생,29,여,33.0,21.0,4.0,26.0,16.0
6727,2298433,1521000,네이버페이 현대,56.0,부산 해운대구,20,연구원,26,남,50.0,9.0,6.0,7.0,28.0
6728,3172699,632000,삼성 taptap카드,84.0,인천 남동구,20,컨설턴트,27,여,57.0,8.0,6.0,18.0,11.0
6729,2764349,767000,KB 혜담카드,41.0,서울 관악구,20,간호사,27,여,6.0,76.0,1.0,1.0,16.0
6730,1789141,1968000,신한 Deep카드,78.0,서울 송파구,20,회계,20,남,56.0,4.0,20.0,14.0,6.0
6731,3709177,1221000,씨티 Premier카드,47.0,서울 동작구,30,마케팅,30,여,59.0,2.0,17.0,18.0,4.0
6732,2234419,1783000,현대 ZERO카드,59.0,서울 강남구,20,마케팅,27,남,2.0,17.0,37.0,6.0,38.0
6733,2873164,1268000,신한 Deep카드,59.0,서울 노원구,20,영업,25,남,26.0,18.0,1.0,35.0,20.0
6734,1672495,1883000,우리 Young카드,82.0,경기 수원시,20,대학생,20,여,34.0,2.0,20.0,21.0,23.0
6735,1050918,1728000,IBK 두드림카드,57.0,서울 용산구,20,공무원,27,남,10.0,61.0,8.0,19.0,2.0
6736,1545784,1408000,네이버페이 현대,61.0,서울 송파구,20,대학생,25,남,33.0,2.0,23.0,4.0,38.0
6737,1000000,934000,KB 혜담카드,67.0,대구 수성구,30,프리랜서,38,남,3.0,15.0,60.0,6.0,16.0
6738,4478462,961000,우리 Young카드,56.0,서울 관악구,30,연구원,32,남,1.0,47.0,6.0,41.0,5.0
6739,2357266,1166000,KB 혜담카드,59.0,서울 성동구,20,간호사,20,여,2.0,24.0,18.0,11.0,45.0
6740,2037677,1877000,롯데 DC카드,79.0,서울 노원구,30,컨설턴트,36,여,6.0,40.0,6.0,25.0,23.0
6741,2726312,1014000,현대 ZERO카드,42.0,광주 서구,30,프리랜서,31,여,19.0,11.0,24.0,10.0,36.0
6742,3132533,1122000,신한 Deep카드,72.0,서울 강남구,30,디자이너,36,남,10.0,50.0,18.0,6.0,16.0
6743,2560466,1147000,이마트 KB카드,82.0,세종,20,간호사,20,남,12.0,15.0,10.0,8.0,55.0
6744,3846671,2201000,신한 Deep카드,46.0,경기 성남시,30,회계,34,남,0.0,23.0,6.0,37.0,34.0
6745,2797055,756000,NH 농협카드,44.0,서울 관악구,30,서비스직,32,남,19.0,39.0,22.0,18.0,2.0
6746,1810080,1198000,IBK 두드림카드,70.0,서울 마포구,20,영업,25,남,5.0,33.0,27.0,21.0,14.0
6747,2913887,1380000,현대 ZERO카드,65.0,인천 남동구,30,기획,37,여,3.0,35.0,46.0,1.0,15.0
6748,2901166,1383000,NH 농협카드,46.0,서울 강동구,30,대학생,31,여,7.0,8.0,18.0,58.0,9.0
6749,2550367,1369000,SSG 랜더스카드,48.0,서울 노원구,30,서비스직,34,여,8.0,13.0,20.0,5.0,54.0
6750,3338777,1166000,KB 혜담카드,59.0,서울 성동구,20,간호사,20,남,2.0,24.0,18.0,11.0,45.0
6751,2281088,966000,씨티 Premier카드,64.0,서울 마포구,30,개발자,39,여,5.0,9.0,8.0,17.0,61.0
6752,1800071,1053000,이마트 KB카드,76.0,서울 강남구,20,공무원,27,남,10.0,37.0,8.0,36.0,9.0
6753,3292663,1503000,하나 Simple카드,44.0,서울 강남구,30,프리랜서,35,남,36.0,16.0,24.0,12.0,12.0
6754,2162531,1175000,씨티 Premier카드,65.0,서울 성동구,30,공무원,30,여,7.0,20.0,27.0,2.0,44.0
6755,2747758,1438000,KB 혜담카드,63.0,서울 송파구,30,대학생,32,여,74.0,17.0,8.0,0.0,1.0
6756,2416894,2627000,이마트 KB카드,43.0,서울 서초구,30,컨설턴트,37,남,23.0,26.0,22.0,20.0,9.0
6757,2049878,1506000,IBK 두드림카드,42.0,대전 유성구,20,서비스직,25,남,25.0,31.0,13.0,11.0,20.0
6758,4323588,1235000,SSG 랜더스카드,76.0,서울 송파구,30,연구원,31,남,24.0,44.0,27.0,3.0,2.0
6759,2047206,1739000,카카오뱅크 체크,65.0,서울 마포구,20,마케팅,24,여,9.0,18.0,47.0,12.0,14.0
6760,1850574,669000,IBK 두드림카드,44.0,서울 동작구,20,디자이너,28,남,48.0,7.0,13.0,0.0,32.0
6761,3085339,1726000,IBK 두드림카드,72.0,서울 관악구,30,영업,30,여,17.0,37.0,29.0,11.0,6.0
6762,1724479,1617000,카카오뱅크 체크,82.0,서울 서초구,20,대학생,26,남,30.0,12.0,0.0,19.0,39.0
6763,1903528,896000,IBK 두드림카드,45.0,대구 수성구,20,기획,24,남,22.0,20.0,46.0,7.0,5.0
6764,3403592,1346000,삼성 taptap카드,47.0,부산 해운대구,30,연구원,34,남,21.0,22.0,12.0,6.0,39.0
6765,2719205,988000,우리 Young카드,47.0,경기 수원시,20,마케팅,29,여,20.0,24.0,19.0,16.0,21.0
6766,3854333,1543000,이마트 KB카드,49.0,서울 용산구,30,연구원,31,남,6.0,74.0,4.0,16.0,0.0
6767,1876389,1412000,카카오뱅크 체크,61.0,서울 용산구,20,회계,24,여,31.0,15.0,3.0,0.0,51.0
6768,2548004,946000,NH 농협카드,75.0,경기 성남시,20,대학생,27,여,27.0,4.0,13.0,17.0,39.0
6769,2266945,1347000,네이버페이 현대,84.0,서울 성동구,30,영업,39,여,7.0,29.0,47.0,10.0,7.0
6770,2197172,1211000,롯데 DC카드,49.0,서울 송파구,30,간호사,33,여,12.0,41.0,4.0,15.0,28.0
6771,3101606,1147000,이마트 KB카드,52.0,경기 성남시,30,디자이너,39,여,10.0,18.0,22.0,33.0,17.0
6772,1975222,1351000,네이버페이 현대,73.0,경기 성남시,20,디자이너,25,여,10.0,20.0,6.0,2.0,62.0
6773,2639102,1706000,토스카드,76.0,서울 관악구,30,디자이너,31,여,39.0,33.0,8.0,8.0,12.0
6774,3108905,1304000,우리 Young카드,40.0,서울 마포구,30,영업,31,남,4.0,3.0,2.0,1.0,90.0
6775,2250471,1273000,토스카드,77.0,서울 강동구,30,개발자,32,남,24.0,5.0,36.0,28.0,7.0
6776,2733046,959000,네이버페이 현대,65.0,서울 동작구,20,회계,24,남,55.0,21.0,18.0,1.0,5.0
6777,2530140,1673000,씨티 Premier카드,76.0,인천 남동구,20,개발자,27,남,36.0,4.0,45.0,7.0,8.0
6778,1609596,1294000,NH 농협카드,84.0,서울 서초구,30,연구원,30,남,66.0,8.0,7.0,7.0,12.0
6779,2638710,1272000,NH 농협카드,84.0,서울 관악구,30,서비스직,30,여,26.0,19.0,17.0,34.0,4.0
6780,2458918,1119000,KB 혜담카드,78.0,경기 수원시,30,디자이너,39,남,38.0,2.0,12.0,22.0,26.0
6781,2798537,976000,롯데 DC카드,64.0,대전 유성구,20,서비스직,26,남,26.0,3.0,11.0,12.0,48.0
6782,1527300,699000,삼성 taptap카드,48.0,서울 성동구,20,연구원,29,여,1.0,20.0,20.0,23.0,36.0
6783,2750466,1555000,NH 농협카드,82.0,서울 강동구,30,프리랜서,33,남,32.0,0.0,39.0,13.0,16.0
6784,2431012,733000,KB 혜담카드,41.0,대구 수성구,20,생산직,28,남,5.0,37.0,10.0,0.0,48.0
6785,2277170,1105000,현대 ZERO카드,42.0,서울 강남구,20,서비스직,29,남,8.0,2.0,37.0,29.0,24.0
6786,3534070,929000,현대 ZERO카드,51.0,경기 성남시,30,연구원,32,남,1.0,5.0,37.0,40.0,17.0
6787,1490789,1457000,하나 Simple카드,76.0,대구 수성구,20,개발자,29,남,3.0,56.0,33.0,6.0,2.0
6788,3325957,853000,삼성 taptap카드,41.0,경기 수원시,30,간호사,33,여,70.0,6.0,17.0,6.0,1.0
6789,2762572,1737000,네이버페이 현대,78.0,서울 강동구,30,데이터분석가,38,여,5.0,11.0,25.0,26.0,33.0
6790,2929859,1054000,KB 혜담카드,79.0,서울 마포구,20,데이터분석가,27,남,12.0,33.0,22.0,23.0,10.0
6791,2687120,1787000,이마트 KB카드,77.0,서울 성동구,20,데이터분석가,24,남,6.0,4.0,23.0,12.0,55.0
6792,2991872,890000,토스카드,61.0,서울 용산구,30,회계,33,남,3.0,27.0,7.0,36.0,27.0
6793,1607900,1425000,카카오뱅크 체크,64.0,서울 용산구,20,간호사,28,여,21.0,24.0,7.0,43.0,5.0
6794,1968223,1023000,우리 Young카드,85.0,서울 서초구,20,간호사,29,남,33.0,2.0,30.0,24.0,11.0
6795,4112694,1839000,삼성 taptap카드,80.0,세종,30,서비스직,32,남,20.0,31.0,3.0,2.0,44.0
6796,2942718,1764000,현대 ZERO카드,66.0,서울 용산구,20,컨설턴트,22,여,13.0,15.0,52.0,9.0,11.0
6797,1940200,1587000,우리 Young카드,66.0,경기 수원시,20,연구원,22,남,49.0,10.0,1.0,25.0,15.0
6798,1000000,1691000,롯데 DC카드,74.0,부산 해운대구,20,컨설턴트,28,남,5.0,18.0,2.0,29.0,46.0
6799,2143655,1121000,삼성 taptap카드,49.0,경기 성남시,20,영업,28,남,14.0,20.0,12.0,37.0,17.0
6800,2356148,919000,IBK 두드림카드,84.0,부산 해운대구,30,대학생,31,여,28.0,23.0,11.0,26.0,12.0
6801,2375113,856000,삼성 taptap카드,46.0,서울 송파구,30,개발자,36,여,18.0,23.0,1.0,50.0,8.0
6802,2764269,1434000,롯데 DC카드,80.0,서울 강동구,30,마케팅,35,여,5.0,23.0,32.0,8.0,32.0
6803,2688106,1365000,KB 혜담카드,72.0,세종,20,회계,25,남,3.0,2.0,45.0,49.0,1.0
6804,2745149,635000,현대 ZERO카드,70.0,서울 서초구,20,공무원,28,여,17.0,20.0,7.0,40.0,16.0
6805,2722854,1557000,롯데 DC카드,56.0,대구 수성구,30,프리랜서,35,여,10.0,12.0,1.0,55.0,22.0
6806,1349614,1704000,이마트 KB카드,65.0,대전 유성구,20,디자이너,23,여,14.0,5.0,2.0,30.0,49.0
6807,2079400,965000,카카오뱅크 체크,78.0,서울 송파구,20,영업,28,남,30.0,15.0,23.0,11.0,21.0
6808,3402044,1235000,우리 Young카드,63.0,울산 남구,20,디자이너,28,여,78.0,0.0,7.0,5.0,10.0
6809,2437108,1881000,IBK 두드림카드,42.0,서울 강동구,20,개발자,20,남,11.0,18.0,21.0,26.0,24.0
6810,2433909,728000,롯데 DC카드,46.0,서울 노원구,20,데이터분석가,24,남,12.0,11.0,5.0,34.0,38.0
6811,2429742,725000,네이버페이 현대,43.0,서울 강동구,20,회계,28,여,19.0,33.0,44.0,1.0,3.0
6812,2457689,759000,현대 ZERO카드,54.0,서울 관악구,20,대학생,27,남,15.0,20.0,19.0,45.0,1.0
6813,1308443,1572000,현대 ZERO카드,62.0,부산 해운대구,30,마케팅,30,여,8.0,33.0,5.0,28.0,26.0
6814,2130237,1275000,토스카드,45.0,대전 유성구,20,컨설턴트,27,남,26.0,44.0,10.0,9.0,11.0
6815,2231053,1449000,SSG 랜더스카드,59.0,세종,20,공무원,27,여,28.0,6.0,17.0,23.0,26.0
6816,2890747,1150000,KB 혜담카드,74.0,서울 서초구,20,컨설턴트,25,여,41.0,9.0,13.0,34.0,3.0
6817,2523836,814000,롯데 DC카드,58.0,울산 남구,30,프리랜서,33,여,33.0,16.0,28.0,14.0,9.0
6818,1847442,917000,우리 Young카드,81.0,울산 남구,30,디자이너,37,남,4.0,14.0,62.0,2.0,18.0
6819,2465044,860000,카카오뱅크 체크,76.0,광주 서구,20,간호사,26,남,20.0,22.0,34.0,13.0,11.0
6820,2098087,1671000,씨티 Premier카드,69.0,대전 유성구,30,간호사,34,여,3.0,8.0,8.0,44.0,37.0
6821,1641607,1419000,카카오뱅크 체크,70.0,광주 서구,20,디자이너,25,남,31.0,16.0,16.0,17.0,20.0
6822,2082920,1068000,IBK 두드림카드,45.0,부산 해운대구,30,개발자,30,여,19.0,23.0,14.0,34.0,10.0
6823,2771252,1341000,네이버페이 현대,41.0,부산 해운대구,30,연구원,33,여,9.0,35.0,4.0,41.0,11.0
6824,2879380,1277000,KB 혜담카드,45.0,서울 용산구,20,데이터분석가,26,남,6.0,19.0,35.0,35.0,5.0
6825,3338050,1073000,신한 Deep카드,82.0,울산 남구,30,영업,39,남,33.0,40.0,8.0,13.0,6.0
6826,3442416,1767000,KB 혜담카드,73.0,서울 마포구,30,개발자,32,남,7.0,43.0,35.0,1.0,14.0
6827,2486522,1313000,신한 Deep카드,65.0,경기 수원시,20,대학생,29,여,3.0,12.0,1.0,72.0,12.0
6828,2300663,629000,네이버페이 현대,80.0,세종,20,기획,27,남,2.0,58.0,15.0,17.0,8.0
6829,3487851,1322000,우리 Young카드,45.0,서울 강동구,30,개발자,30,남,18.0,0.0,8.0,26.0,48.0
6830,1040612,922000,IBK 두드림카드,65.0,경기 고양시,20,프리랜서,27,남,38.0,3.0,55.0,3.0,1.0
6831,2555544,889000,토스카드,84.0,서울 노원구,30,컨설턴트,32,여,42.0,30.0,3.0,16.0,9.0
6832,1727537,1280000,롯데 DC카드,85.0,광주 서구,20,영업,24,남,2.0,10.0,30.0,2.0,56.0
6833,2831451,1567000,현대 ZERO카드,83.0,서울 용산구,20,마케팅,26,남,25.0,23.0,5.0,41.0,6.0
6834,2176422,1192000,토스카드,64.0,서울 마포구,20,회계,26,여,9.0,38.0,11.0,17.0,25.0
6835,2515474,832000,우리 Young카드,59.0,경기 수원시,30,디자이너,39,여,7.0,35.0,39.0,8.0,11.0
6836,1497464,1664000,NH 농협카드,79.0,경기 수원시,20,회계,23,여,35.0,61.0,0.0,3.0,1.0
6837,2758415,624000,하나 Simple카드,46.0,경기 고양시,20,회계,20,남,10.0,35.0,7.0,1.0,47.0
6838,3439129,1794000,삼성 taptap카드,50.0,광주 서구,30,데이터분석가,33,남,45.0,6.0,1.0,20.0,28.0
6839,2528473,1251000,신한 Deep카드,42.0,서울 용산구,20,컨설턴트,20,여,9.0,7.0,0.0,20.0,64.0
6840,1843488,591000,네이버페이 현대,76.0,대전 유성구,20,서비스직,27,남,13.0,12.0,46.0,24.0,5.0
6841,1863180,2020000,롯데 DC카드,77.0,인천 남동구,20,마케팅,29,여,3.0,46.0,4.0,39.0,8.0
6842,2611799,1091000,우리 Young카드,85.0,경기 수원시,30,연구원,33,여,6.0,31.0,8.0,10.0,45.0
6843,1902750,1081000,네이버페이 현대,51.0,대구 수성구,20,대학생,21,남,24.0,43.0,1.0,9.0,23.0
6844,2467446,669000,IBK 두드림카드,44.0,서울 동작구,20,디자이너,28,여,48.0,7.0,13.0,0.0,32.0
6845,1169543,1411000,네이버페이 현대,65.0,대전 유성구,20,컨설턴트,24,여,18.0,31.0,16.0,11.0,24.0
6846,2006227,2408000,신한 Deep카드,57.0,서울 강동구,20,컨설턴트,29,남,18.0,0.0,45.0,11.0,26.0
6847,3398376,544000,SSG 랜더스카드,44.0,서울 강남구,30,간호사,36,여,19.0,22.0,3.0,10.0,46.0
6848,2469742,2002000,삼성 taptap카드,70.0,대전 유성구,20,디자이너,27,남,14.0,1.0,28.0,23.0,34.0
6849,2333396,1192000,토스카드,64.0,서울 마포구,20,회계,26,남,9.0,38.0,11.0,17.0,25.0
6850,4389658,1783000,삼성 taptap카드,67.0,대전 유성구,30,영업,30,남,44.0,8.0,6.0,5.0,37.0
6851,1332023,2061000,토스카드,55.0,서울 마포구,30,간호사,33,여,16.0,5.0,1.0,31.0,47.0
6852,1842344,1627000,IBK 두드림카드,67.0,부산 해운대구,20,대학생,25,여,15.0,63.0,9.0,11.0,2.0
6853,2299413,964000,NH 농협카드,70.0,서울 동작구,30,데이터분석가,30,여,12.0,35.0,20.0,3.0,30.0
6854,2679175,1377000,SSG 랜더스카드,80.0,경기 고양시,20,대학생,20,남,14.0,18.0,28.0,39.0,1.0
6855,2687828,1189000,IBK 두드림카드,79.0,부산 해운대구,20,마케팅,27,여,25.0,7.0,4.0,63.0,1.0
6856,2393795,1235000,SSG 랜더스카드,76.0,서울 송파구,30,연구원,31,남,24.0,44.0,27.0,3.0,2.0
6857,2998977,2666000,이마트 KB카드,43.0,서울 용산구,30,공무원,39,여,0.0,23.0,56.0,15.0,6.0
6858,2717679,1820000,씨티 Premier카드,74.0,세종,30,회계,32,남,5.0,48.0,14.0,27.0,6.0
6859,2855819,693000,카카오뱅크 체크,74.0,부산 해운대구,20,디자이너,24,남,5.0,10.0,74.0,1.0,10.0
6860,1733678,1350000,네이버페이 현대,48.0,서울 용산구,20,회계,23,남,16.0,3.0,59.0,11.0,11.0
6861,2188344,810000,씨티 Premier카드,83.0,서울 성동구,20,대학생,29,여,4.0,50.0,20.0,1.0,25.0
6862,2004916,2297000,현대 ZERO카드,61.0,서울 용산구,20,개발자,28,남,54.0,7.0,4.0,7.0,28.0
6863,3028015,1223000,KB 혜담카드,62.0,부산 해운대구,30,연구원,36,여,34.0,10.0,35.0,0.0,21.0
6864,2634053,1088000,삼성 taptap카드,53.0,세종,30,영업,34,남,44.0,34.0,6.0,12.0,4.0
6865,2970286,662000,현대 ZERO카드,80.0,서울 송파구,30,회계,33,남,7.0,4.0,40.0,7.0,42.0
6866,2503405,654000,토스카드,80.0,서울 노원구,20,기획,26,남,50.0,31.0,17.0,2.0,0.0
6867,2522629,931000,KB 혜담카드,43.0,경기 수원시,20,컨설턴트,24,여,41.0,24.0,16.0,18.0,1.0
6868,2943476,1090000,신한 Deep카드,40.0,서울 성동구,30,서비스직,32,여,16.0,64.0,3.0,4.0,13.0
6869,2355562,898000,현대 ZERO카드,80.0,서울 강남구,20,연구원,26,남,4.0,28.0,23.0,41.0,4.0
6870,2707225,1858000,현대 ZERO카드,61.0,서울 관악구,30,서비스직,31,남,25.0,4.0,60.0,9.0,2.0
6871,2075150,815000,이마트 KB카드,79.0,서울 마포구,20,기획,23,남,24.0,38.0,28.0,1.0,9.0
6872,2262836,837000,카카오뱅크 체크,62.0,울산 남구,20,프리랜서,21,여,30.0,32.0,20.0,15.0,3.0
6873,3174714,1445000,우리 Young카드,70.0,대전 유성구,30,데이터분석가,32,남,13.0,9.0,9.0,15.0,54.0
6874,2426414,840000,KB 혜담카드,71.0,서울 강남구,30,데이터분석가,30,여,23.0,21.0,20.0,31.0,5.0
6875,2509601,1379000,롯데 DC카드,80.0,서울 성동구,30,마케팅,31,여,8.0,13.0,18.0,43.0,18.0
6876,1491373,900000,이마트 KB카드,66.0,서울 강동구,20,영업,25,남,11.0,1.0,31.0,38.0,19.0
6877,2583677,1068000,토스카드,60.0,부산 해운대구,20,회계,24,남,12.0,46.0,9.0,22.0,11.0
6878,2590556,1114000,현대 ZERO카드,64.0,서울 마포구,30,간호사,37,여,77.0,2.0,4.0,15.0,2.0
6879,3000935,1090000,SSG 랜더스카드,62.0,서울 노원구,30,서비스직,32,여,5.0,6.0,22.0,31.0,36.0
6880,3000112,1623000,네이버페이 현대,78.0,서울 동작구,30,회계,33,남,18.0,8.0,13.0,42.0,19.0
6881,1783121,1874000,우리 Young카드,68.0,대전 유성구,30,대학생,33,남,24.0,0.0,17.0,35.0,24.0
6882,2070776,1051000,씨티 Premier카드,85.0,서울 관악구,20,프리랜서,23,남,19.0,2.0,23.0,3.0,53.0
6883,2860049,980000,삼성 taptap카드,44.0,울산 남구,30,영업,30,남,61.0,4.0,8.0,11.0,16.0
6884,3520032,795000,KB 혜담카드,51.0,서울 용산구,30,공무원,33,남,25.0,13.0,51.0,10.0,1.0
6885,1214863,1805000,롯데 DC카드,80.0,경기 수원시,20,개발자,26,남,7.0,5.0,34.0,51.0,3.0
6886,2520589,1468000,카카오뱅크 체크,59.0,경기 수원시,30,영업,36,여,33.0,1.0,25.0,32.0,9.0
6887,3359572,1531000,신한 Deep카드,75.0,세종,30,대학생,30,남,15.0,13.0,49.0,12.0,11.0
6888,2536958,1735000,네이버페이 현대,78.0,서울 송파구,30,연구원,35,남,35.0,12.0,21.0,24.0,8.0
6889,2287314,2104000,SSG 랜더스카드,67.0,서울 관악구,20,생산직,20,남,9.0,23.0,3.0,32.0,33.0
6890,1936481,974000,네이버페이 현대,40.0,서울 관악구,20,개발자,25,여,71.0,3.0,9.0,14.0,3.0
6891,1885213,2527000,SSG 랜더스카드,66.0,경기 수원시,20,개발자,21,여,5.0,35.0,7.0,51.0,2.0
6892,2045790,1771000,토스카드,71.0,서울 강동구,20,생산직,26,남,33.0,40.0,18.0,2.0,7.0
6893,2502515,1317000,네이버페이 현대,47.0,서울 강동구,30,서비스직,33,남,29.0,4.0,43.0,8.0,16.0
6894,2591809,1979000,NH 농협카드,70.0,광주 서구,20,컨설턴트,27,여,13.0,6.0,10.0,38.0,33.0
6895,2485533,2063000,신한 Deep카드,43.0,서울 송파구,30,회계,38,남,50.0,20.0,11.0,6.0,13.0
6896,2367962,1318000,씨티 Premier카드,48.0,경기 성남시,30,공무원,35,남,18.0,48.0,5.0,2.0,27.0
6897,4237550,2019000,토스카드,74.0,광주 서구,30,서비스직,32,남,23.0,7.0,7.0,18.0,45.0
6898,2730370,1893000,IBK 두드림카드,78.0,서울 동작구,20,서비스직,29,남,38.0,21.0,8.0,27.0,6.0
6899,1319243,1591000,토스카드,64.0,서울 서초구,20,마케팅,22,남,10.0,14.0,14.0,20.0,42.0
6900,2117615,801000,네이버페이 현대,70.0,서울 동작구,30,간호사,32,여,32.0,44.0,3.0,6.0,15.0
6901,2621231,1729000,카카오뱅크 체크,73.0,경기 성남시,30,공무원,35,여,37.0,30.0,6.0,26.0,1.0
6902,2411877,861000,IBK 두드림카드,40.0,서울 송파구,20,데이터분석가,22,남,10.0,20.0,38.0,15.0,17.0
6903,1504753,1089000,카카오뱅크 체크,54.0,대전 유성구,20,대학생,26,여,37.0,8.0,43.0,8.0,4.0
6904,3810995,801000,SSG 랜더스카드,83.0,광주 서구,30,데이터분석가,30,남,12.0,0.0,0.0,44.0,44.0
6905,3577657,1225000,SSG 랜더스카드,41.0,부산 해운대구,30,컨설턴트,30,남,7.0,14.0,7.0,28.0,44.0
6906,2740950,947000,하나 Simple카드,50.0,서울 마포구,30,서비스직,37,여,11.0,26.0,3.0,50.0,10.0
6907,2928364,721000,NH 농협카드,40.0,서울 관악구,20,프리랜서,29,여,33.0,27.0,3.0,3.0,34.0
6908,3316602,1619000,우리 Young카드,77.0,대구 수성구,30,연구원,32,남,4.0,32.0,14.0,13.0,37.0
6909,3314006,1914000,삼성 taptap카드,56.0,인천 남동구,30,간호사,30,남,41.0,36.0,3.0,15.0,5.0
6910,3278839,2182000,하나 Simple카드,47.0,대전 유성구,30,컨설턴트,37,여,8.0,14.0,26.0,13.0,39.0
6911,3050609,1026000,하나 Simple카드,71.0,대구 수성구,30,연구원,35,여,33.0,1.0,23.0,22.0,21.0
6912,2079246,577000,SSG 랜더스카드,57.0,서울 동작구,30,서비스직,34,여,14.0,10.0,19.0,25.0,32.0
6913,3443236,1450000,카카오뱅크 체크,66.0,서울 송파구,30,회계,30,남,15.0,7.0,37.0,33.0,8.0
6914,1917866,1597000,네이버페이 현대,59.0,울산 남구,20,컨설턴트,26,남,3.0,21.0,28.0,14.0,34.0
6915,3352908,1774000,네이버페이 현대,47.0,서울 노원구,30,공무원,39,남,14.0,0.0,15.0,35.0,36.0
6916,3333629,1230000,우리 Young카드,55.0,경기 고양시,30,마케팅,30,남,20.0,3.0,59.0,5.0,13.0
6917,1808266,1827000,카카오뱅크 체크,62.0,대구 수성구,30,프리랜서,34,여,15.0,18.0,13.0,17.0,37.0
6918,2914708,1191000,IBK 두드림카드,59.0,광주 서구,30,영업,32,남,39.0,5.0,6.0,26.0,24.0
6919,3185679,977000,이마트 KB카드,45.0,세종,30,기획,31,남,6.0,30.0,36.0,7.0,21.0
6920,2281854,1229000,KB 혜담카드,53.0,서울 성동구,30,기획,32,여,36.0,10.0,17.0,10.0,27.0
6921,2407354,1301000,네이버페이 현대,62.0,서울 동작구,20,연구원,26,남,4.0,76.0,13.0,6.0,1.0
6922,3564128,1783000,삼성 taptap카드,67.0,대전 유성구,30,영업,30,남,44.0,8.0,6.0,5.0,37.0
6923,2484703,1243000,현대 ZERO카드,40.0,서울 관악구,30,공무원,30,여,4.0,4.0,67.0,3.0,22.0
6924,2362299,1452000,삼성 taptap카드,73.0,경기 수원시,20,마케팅,23,여,5.0,0.0,20.0,22.0,53.0
6925,3191712,823000,이마트 KB카드,77.0,서울 용산구,30,대학생,35,여,44.0,16.0,21.0,11.0,8.0
6926,3331237,944000,SSG 랜더스카드,66.0,서울 동작구,30,개발자,32,남,14.0,41.0,15.0,3.0,27.0
6927,2350412,1462000,KB 혜담카드,78.0,서울 서초구,20,연구원,28,여,8.0,58.0,16.0,11.0,7.0
6928,2020960,1149000,신한 Deep카드,53.0,서울 성동구,30,개발자,31,여,21.0,39.0,19.0,10.0,11.0
6929,2585513,968000,하나 Simple카드,53.0,서울 송파구,20,컨설턴트,26,남,41.0,0.0,19.0,8.0,32.0
6930,2415074,600000,NH 농협카드,56.0,서울 서초구,20,간호사,22,남,40.0,16.0,8.0,13.0,23.0
6931,2891869,824000,NH 농협카드,73.0,서울 송파구,20,컨설턴트,28,여,0.0,2.0,10.0,17.0,71.0
6932,3032814,1558000,SSG 랜더스카드,83.0,서울 송파구,30,간호사,31,남,8.0,36.0,21.0,7.0,28.0
6933,1591866,1011000,토스카드,85.0,대전 유성구,30,기획,37,여,11.0,3.0,2.0,36.0,48.0
6934,1399939,2297000,현대 ZERO카드,61.0,서울 용산구,20,개발자,28,남,54.0,7.0,4.0,7.0,28.0
6935,3514976,1829000,KB 혜담카드,45.0,광주 서구,30,프리랜서,34,남,5.0,22.0,6.0,9.0,58.0
6936,2600864,986000,이마트 KB카드,53.0,서울 용산구,30,컨설턴트,38,남,30.0,55.0,3.0,11.0,1.0
6937,2468383,1468000,카카오뱅크 체크,76.0,경기 성남시,20,서비스직,29,여,39.0,11.0,6.0,34.0,10.0
6938,3079962,1558000,씨티 Premier카드,60.0,경기 고양시,30,개발자,32,남,12.0,4.0,38.0,8.0,38.0
6939,2416580,1426000,신한 Deep카드,44.0,서울 강동구,30,영업,37,여,7.0,58.0,13.0,20.0,2.0
6940,2451819,550000,현대 ZERO카드,62.0,서울 용산구,30,개발자,31,여,8.0,13.0,28.0,15.0,36.0
6941,1817305,1054000,KB 혜담카드,79.0,서울 마포구,20,데이터분석가,27,여,12.0,33.0,22.0,23.0,10.0
6942,2242111,1166000,카카오뱅크 체크,69.0,경기 성남시,20,생산직,24,여,12.0,26.0,26.0,1.0,35.0
6943,2207753,941000,현대 ZERO카드,50.0,부산 해운대구,30,기획,34,여,8.0,32.0,44.0,3.0,13.0
6944,2063871,1123000,토스카드,49.0,대구 수성구,20,컨설턴트,26,남,6.0,23.0,17.0,5.0,49.0
6945,2338175,1414000,이마트 KB카드,79.0,경기 성남시,30,공무원,34,여,0.0,55.0,9.0,35.0,1.0
6946,2136653,1334000,토스카드,77.0,경기 고양시,20,기획,29,여,16.0,26.0,14.0,12.0,32.0
6947,3645521,1226000,네이버페이 현대,53.0,광주 서구,30,개발자,33,남,2.0,53.0,15.0,9.0,21.0
6948,2185104,1000000,신한 Deep카드,79.0,서울 강남구,20,영업,21,남,6.0,12.0,24.0,5.0,53.0
6949,2761851,1261000,IBK 두드림카드,69.0,서울 서초구,20,대학생,29,여,14.0,67.0,14.0,4.0,1.0
6950,4076498,2090000,IBK 두드림카드,43.0,대구 수성구,30,공무원,32,남,9.0,12.0,23.0,39.0,17.0
6951,2927472,1093000,이마트 KB카드,65.0,서울 서초구,30,프리랜서,31,여,1.0,25.0,60.0,2.0,12.0
6952,2517234,1216000,이마트 KB카드,62.0,인천 남동구,20,생산직,26,남,22.0,30.0,3.0,26.0,19.0
6953,3228782,1943000,카카오뱅크 체크,68.0,부산 해운대구,30,영업,38,남,70.0,1.0,2.0,7.0,20.0
6954,2932679,1462000,SSG 랜더스카드,84.0,서울 서초구,30,프리랜서,30,여,12.0,26.0,2.0,32.0,28.0
6955,2294680,1233000,이마트 KB카드,53.0,서울 관악구,20,영업,23,남,3.0,28.0,34.0,4.0,31.0
6956,2742284,1381000,씨티 Premier카드,46.0,서울 용산구,20,마케팅,29,남,12.0,49.0,10.0,6.0,23.0
6957,2807052,1160000,SSG 랜더스카드,85.0,서울 동작구,30,디자이너,30,여,53.0,2.0,6.0,36.0,3.0
6958,2070079,1170000,하나 Simple카드,41.0,대전 유성구,20,기획,23,남,35.0,0.0,12.0,50.0,3.0
6959,2697925,1122000,KB 혜담카드,59.0,서울 용산구,20,연구원,28,여,1.0,38.0,41.0,13.0,7.0
6960,2545740,854000,네이버페이 현대,62.0,인천 남동구,30,회계,33,여,54.0,4.0,34.0,4.0,4.0
6961,2196933,1594000,SSG 랜더스카드,53.0,서울 송파구,20,연구원,28,여,25.0,0.0,17.0,0.0,58.0
6962,2666660,2125000,우리 Young카드,68.0,광주 서구,30,기획,30,남,29.0,46.0,15.0,3.0,7.0
6963,3116213,2072000,삼성 taptap카드,62.0,광주 서구,30,영업,36,남,43.0,14.0,4.0,38.0,1.0
6964,2998231,1595000,삼성 taptap카드,43.0,경기 성남시,30,서비스직,31,여,8.0,4.0,67.0,4.0,17.0
6965,2944470,2182000,하나 Simple카드,47.0,대전 유성구,30,컨설턴트,37,여,8.0,14.0,26.0,13.0,39.0
6966,2676696,925000,하나 Simple카드,50.0,서울 성동구,30,회계,39,여,6.0,15.0,3.0,28.0,48.0
6967,2549821,1241000,삼성 taptap카드,56.0,서울 성동구,20,회계,27,여,27.0,13.0,25.0,25.0,10.0
6968,2885848,2711000,네이버페이 현대,66.0,서울 관악구,20,생산직,25,남,2.0,10.0,8.0,49.0,31.0
6969,2895023,1765000,롯데 DC카드,43.0,대구 수성구,30,컨설턴트,30,남,2.0,27.0,33.0,28.0,10.0
6970,2219205,1304000,우리 Young카드,40.0,서울 마포구,30,영업,31,남,4.0,3.0,2.0,1.0,90.0
6971,3910790,1276000,이마트 KB카드,52.0,울산 남구,30,기획,32,남,43.0,2.0,22.0,25.0,8.0
6972,2629155,1307000,NH 농협카드,68.0,세종,30,회계,37,남,10.0,5.0,47.0,25.0,13.0
6973,1904830,1312000,SSG 랜더스카드,47.0,부산 해운대구,20,기획,29,여,17.0,3.0,48.0,12.0,20.0
6974,1742661,1146000,네이버페이 현대,72.0,서울 강동구,30,기획,30,남,5.0,22.0,15.0,41.0,17.0
6975,3399898,1822000,네이버페이 현대,59.0,서울 동작구,30,서비스직,30,남,5.0,35.0,10.0,14.0,36.0
6976,1864983,1180000,토스카드,53.0,서울 관악구,30,영업,32,남,46.0,18.0,2.0,15.0,19.0
6977,2124870,1887000,우리 Young카드,52.0,인천 남동구,30,데이터분석가,32,여,56.0,7.0,13.0,11.0,13.0
6978,2794118,1879000,신한 Deep카드,63.0,광주 서구,30,개발자,34,여,75.0,2.0,1.0,15.0,7.0
6979,2610960,2072000,IBK 두드림카드,79.0,서울 용산구,20,간호사,27,여,22.0,24.0,6.0,47.0,1.0
6980,1924147,816000,이마트 KB카드,41.0,서울 용산구,20,디자이너,24,여,3.0,2.0,1.0,83.0,11.0
6981,2182923,873000,신한 Deep카드,74.0,서울 마포구,20,데이터분석가,27,남,9.0,26.0,12.0,27.0,26.0
6982,2063702,1294000,토스카드,56.0,서울 노원구,30,서비스직,32,여,3.0,40.0,9.0,28.0,20.0
6983,2616122,1332000,카카오뱅크 체크,82.0,경기 고양시,30,생산직,32,남,55.0,16.0,10.0,17.0,2.0
6984,3186350,1631000,하나 Simple카드,53.0,인천 남동구,30,컨설턴트,32,남,56.0,15.0,7.0,17.0,5.0
6985,2249176,1972000,씨티 Premier카드,71.0,서울 서초구,30,디자이너,35,여,14.0,30.0,7.0,0.0,49.0
6986,2127892,1130000,현대 ZERO카드,80.0,세종,20,데이터분석가,26,여,60.0,13.0,20.0,1.0,6.0
6987,1517646,1029000,현대 ZERO카드,40.0,서울 성동구,20,프리랜서,25,남,12.0,10.0,13.0,49.0,16.0
6988,3793069,596000,SSG 랜더스카드,67.0,광주 서구,30,영업,34,남,7.0,5.0,10.0,25.0,53.0
6989,2505033,2114000,신한 Deep카드,77.0,경기 고양시,20,간호사,27,여,2.0,25.0,24.0,23.0,26.0
6990,3555033,812000,우리 Young카드,48.0,서울 송파구,30,생산직,34,남,7.0,1.0,15.0,12.0,65.0
6991,2895212,1732000,하나 Simple카드,81.0,경기 성남시,20,대학생,28,남,20.0,24.0,32.0,10.0,14.0
6992,2422350,1290000,IBK 두드림카드,45.0,경기 성남시,30,영업,31,남,22.0,24.0,33.0,20.0,1.0
6993,2070802,1556000,카카오뱅크 체크,73.0,서울 동작구,20,기획,22,남,8.0,4.0,67.0,20.0,1.0
6994,1302582,2000000,하나 Simple카드,54.0,대전 유성구,20,영업,20,여,19.0,29.0,12.0,36.0,4.0
6995,5198296,1343000,SSG 랜더스카드,84.0,서울 마포구,30,기획,33,남,0.0,10.0,3.0,16.0,71.0
6996,2175207,1025000,삼성 taptap카드,66.0,서울 관악구,20,데이터분석가,27,남,1.0,5.0,29.0,21.0,44.0
6997,3019363,798000,씨티 Premier카드,44.0,서울 노원구,30,컨설턴트,31,여,32.0,1.0,10.0,53.0,4.0
6998,1880919,1211000,SSG 랜더스카드,58.0,광주 서구,30,디자이너,33,여,8.0,4.0,14.0,61.0,13.0
6999,2748194,1202000,토스카드,57.0,광주 서구,20,연구원,29,남,26.0,54.0,15.0,3.0,2.0
7000,3178795,1937000,이마트 KB카드,43.0,광주 서구,20,데이터분석가,22,남,1.0,11.0,1.0,45.0,42.0
7001,2219859,683000,현대 ZERO카드,60.0,경기 성남시,20,디자이너,25,남,16.0,62.0,14.0,3.0,5.0
7002,1744559,1431000,IBK 두드림카드,76.0,부산 해운대구,20,프리랜서,20,여,38.0,1.0,51.0,5.0,5.0
7003,2430601,1616000,우리 Young카드,82.0,서울 서초구,30,간호사,33,여,12.0,26.0,31.0,28.0,3.0
7004,1136619,839000,네이버페이 현대,81.0,서울 송파구,20,마케팅,29,여,21.0,5.0,57.0,1.0,16.0
7005,2481056,741000,NH 농협카드,51.0,경기 수원시,30,생산직,37,여,6.0,54.0,8.0,31.0,1.0
7006,2910483,1546000,IBK 두드림카드,49.0,부산 해운대구,30,대학생,35,여,22.0,9.0,24.0,44.0,1.0
7007,2482121,1145000,현대 ZERO카드,57.0,대전 유성구,30,생산직,35,여,18.0,14.0,4.0,26.0,38.0
7008,2801102,1441000,하나 Simple카드,80.0,서울 강동구,30,디자이너,35,남,14.0,44.0,3.0,20.0,19.0
7009,3369297,924000,하나 Simple카드,84.0,대전 유성구,30,기획,30,남,34.0,13.0,23.0,12.0,18.0
7010,2802012,706000,롯데 DC카드,53.0,경기 고양시,30,회계,35,여,12.0,19.0,13.0,45.0,11.0
7011,1838066,1336000,이마트 KB카드,53.0,서울 송파구,30,간호사,30,남,41.0,24.0,1.0,5.0,29.0
7012,2294411,1389000,우리 Young카드,49.0,서울 성동구,20,프리랜서,24,남,25.0,33.0,7.0,21.0,14.0
7013,3467992,1715000,카카오뱅크 체크,67.0,울산 남구,20,서비스직,22,여,2.0,3.0,39.0,34.0,22.0
7014,1582491,1554000,NH 농협카드,76.0,서울 송파구,20,간호사,22,남,34.0,6.0,36.0,16.0,8.0
7015,2207290,1052000,NH 농협카드,53.0,서울 마포구,20,개발자,22,여,16.0,18.0,24.0,21.0,21.0
7016,3470873,1067000,KB 혜담카드,75.0,경기 성남시,30,기획,31,여,18.0,4.0,16.0,28.0,34.0
7017,3772922,1355000,SSG 랜더스카드,68.0,서울 마포구,30,개발자,30,남,17.0,43.0,6.0,33.0,1.0
7018,1993301,1380000,씨티 Premier카드,57.0,서울 용산구,20,연구원,28,여,8.0,2.0,15.0,35.0,40.0
7019,3144294,1046000,우리 Young카드,83.0,서울 관악구,30,데이터분석가,30,남,24.0,0.0,22.0,23.0,31.0
7020,2248944,952000,카카오뱅크 체크,48.0,경기 성남시,20,마케팅,29,남,32.0,29.0,9.0,7.0,23.0
7021,1875964,902000,토스카드,48.0,서울 마포구,20,마케팅,27,여,29.0,15.0,15.0,15.0,26.0
7022,2212873,1043000,KB 혜담카드,84.0,울산 남구,20,공무원,25,여,6.0,65.0,21.0,2.0,6.0
7023,2110016,1080000,NH 농협카드,55.0,서울 강동구,20,개발자,21,여,14.0,4.0,3.0,63.0,16.0
7024,3078924,1428000,네이버페이 현대,46.0,서울 용산구,30,생산직,38,남,2.0,35.0,14.0,39.0,10.0
7025,1875808,1348000,삼성 taptap카드,81.0,경기 수원시,20,대학생,20,여,14.0,50.0,18.0,13.0,5.0
7026,1611690,741000,우리 Young카드,40.0,서울 마포구,20,데이터분석가,23,남,52.0,0.0,33.0,13.0,2.0
7027,2479359,1737000,네이버페이 현대,78.0,서울 강동구,30,데이터분석가,38,여,5.0,11.0,25.0,26.0,33.0
7028,4200582,1270000,씨티 Premier카드,49.0,경기 수원시,30,공무원,34,남,19.0,36.0,11.0,20.0,14.0
7029,2291101,872000,NH 농협카드,71.0,경기 수원시,20,마케팅,27,여,12.0,37.0,2.0,46.0,3.0
7030,2767884,786000,토스카드,68.0,서울 강남구,30,마케팅,34,남,18.0,2.0,16.0,5.0,59.0
7031,2627042,821000,삼성 taptap카드,71.0,인천 남동구,20,연구원,24,남,3.0,20.0,23.0,38.0,16.0
7032,2889176,1473000,씨티 Premier카드,55.0,서울 강동구,30,마케팅,38,남,30.0,17.0,24.0,5.0,24.0
7033,3434016,1784000,네이버페이 현대,48.0,울산 남구,30,연구원,30,여,23.0,10.0,28.0,13.0,26.0
7034,2498043,2390000,토스카드,85.0,서울 강남구,30,마케팅,39,여,23.0,24.0,10.0,13.0,30.0
7035,2850248,1473000,이마트 KB카드,84.0,서울 강남구,30,연구원,33,여,9.0,37.0,34.0,11.0,9.0
7036,2471776,893000,카카오뱅크 체크,76.0,서울 서초구,30,디자이너,30,남,23.0,2.0,37.0,4.0,34.0
7037,2501544,1018000,하나 Simple카드,44.0,대구 수성구,20,개발자,25,남,13.0,29.0,8.0,42.0,8.0
7038,2387546,1098000,카카오뱅크 체크,60.0,인천 남동구,20,회계,22,남,31.0,3.0,1.0,41.0,24.0
7039,2221746,967000,IBK 두드림카드,78.0,서울 동작구,20,디자이너,28,여,41.0,14.0,31.0,11.0,3.0
7040,1999121,874000,씨티 Premier카드,56.0,서울 노원구,20,디자이너,28,남,0.0,44.0,9.0,20.0,27.0
7041,2180984,1917000,하나 Simple카드,54.0,서울 성동구,30,영업,32,여,13.0,4.0,62.0,2.0,19.0
7042,2391176,1331000,카카오뱅크 체크,71.0,서울 송파구,20,간호사,28,여,1.0,12.0,32.0,22.0,33.0
7043,2564469,1199000,씨티 Premier카드,84.0,서울 노원구,20,회계,25,여,8.0,5.0,21.0,61.0,5.0
7044,2186418,1088000,하나 Simple카드,45.0,서울 마포구,20,기획,27,여,16.0,1.0,50.0,3.0,30.0
7045,2393633,1917000,토스카드,75.0,서울 송파구,20,회계,29,여,6.0,14.0,10.0,2.0,68.0
7046,2231042,1328000,카카오뱅크 체크,83.0,인천 남동구,20,대학생,29,여,4.0,27.0,21.0,35.0,13.0
7047,3068968,1111000,토스카드,64.0,서울 강동구,30,데이터분석가,32,남,54.0,2.0,6.0,19.0,19.0
7048,2399777,745000,롯데 DC카드,82.0,서울 노원구,30,대학생,32,여,16.0,15.0,3.0,27.0,39.0
7049,3012580,1783000,삼성 taptap카드,67.0,대전 유성구,30,영업,30,남,44.0,8.0,6.0,5.0,37.0
7050,4888628,954000,IBK 두드림카드,80.0,서울 동작구,30,간호사,36,남,8.0,9.0,15.0,30.0,38.0
7051,3218144,884000,우리 Young카드,73.0,세종,30,프리랜서,32,남,25.0,21.0,34.0,15.0,5.0
7052,3451707,1548000,토스카드,81.0,서울 송파구,30,디자이너,33,남,37.0,32.0,5.0,9.0,17.0
7053,2469011,940000,씨티 Premier카드,79.0,경기 고양시,20,영업,29,남,8.0,43.0,35.0,8.0,6.0
7054,2118591,1027000,NH 농협카드,49.0,대전 유성구,20,프리랜서,26,남,12.0,30.0,35.0,10.0,13.0
7055,2896994,1424000,SSG 랜더스카드,62.0,서울 마포구,20,마케팅,28,여,23.0,11.0,20.0,34.0,12.0
7056,2104418,805000,롯데 DC카드,54.0,서울 강남구,20,연구원,20,남,40.0,26.0,1.0,11.0,22.0
7057,3027527,1712000,씨티 Premier카드,40.0,서울 동작구,30,데이터분석가,39,여,14.0,12.0,18.0,54.0,2.0
7058,2766055,1435000,우리 Young카드,56.0,대전 유성구,30,대학생,32,남,3.0,31.0,39.0,11.0,16.0
7059,1770013,674000,SSG 랜더스카드,73.0,서울 마포구,20,개발자,22,여,18.0,10.0,21.0,36.0,15.0
7060,2682698,2586000,삼성 taptap카드,56.0,서울 노원구,30,회계,30,여,26.0,17.0,41.0,4.0,12.0
7061,1697665,852000,토스카드,85.0,서울 송파구,20,연구원,20,여,47.0,26.0,5.0,1.0,21.0
7062,2767820,971000,NH 농협카드,46.0,대구 수성구,30,기획,34,여,6.0,13.0,40.0,33.0,8.0
7063,2164088,1133000,이마트 KB카드,58.0,울산 남구,30,디자이너,30,남,6.0,15.0,53.0,19.0,7.0
7064,2340495,1473000,NH 농협카드,52.0,서울 강동구,30,연구원,30,여,15.0,27.0,8.0,35.0,15.0
7065,1534135,697000,토스카드,79.0,서울 노원구,20,생산직,24,남,31.0,12.0,12.0,29.0,16.0
7066,3662083,1915000,씨티 Premier카드,69.0,서울 노원구,20,간호사,22,남,17.0,29.0,25.0,2.0,27.0
7067,1423020,1506000,IBK 두드림카드,42.0,대전 유성구,20,서비스직,25,여,25.0,31.0,13.0,11.0,20.0
7068,3006869,1046000,신한 Deep카드,65.0,경기 수원시,30,마케팅,31,남,0.0,4.0,4.0,77.0,15.0
7069,2821652,1058000,토스카드,48.0,서울 마포구,20,데이터분석가,26,여,27.0,7.0,22.0,40.0,4.0
7070,3018192,1509000,KB 혜담카드,44.0,서울 동작구,30,회계,30,여,1.0,25.0,49.0,19.0,6.0
7071,3595939,1229000,이마트 KB카드,66.0,서울 동작구,30,회계,34,남,11.0,13.0,32.0,44.0,0.0
7072,2091385,1540000,신한 Deep카드,68.0,인천 남동구,20,영업,22,남,11.0,15.0,9.0,37.0,28.0
7073,3945762,1706000,네이버페이 현대,62.0,서울 성동구,30,컨설턴트,30,남,0.0,57.0,23.0,3.0,17.0
7074,2956695,835000,KB 혜담카드,40.0,서울 용산구,30,프리랜서,35,여,19.0,31.0,11.0,19.0,20.0
7075,2606149,881000,NH 농협카드,74.0,인천 남동구,30,연구원,34,여,16.0,22.0,13.0,36.0,13.0
7076,2370290,2034000,우리 Young카드,74.0,서울 노원구,20,영업,26,남,47.0,0.0,14.0,3.0,36.0
7077,2098038,1105000,IBK 두드림카드,69.0,부산 해운대구,20,기획,24,남,1.0,1.0,44.0,3.0,51.0
7078,1795173,998000,롯데 DC카드,76.0,광주 서구,20,마케팅,26,여,17.0,9.0,5.0,30.0,39.0
7079,3118575,2374000,KB 혜담카드,53.0,서울 송파구,30,회계,31,여,22.0,52.0,15.0,5.0,6.0
7080,1807945,1105000,IBK 두드림카드,69.0,부산 해운대구,20,기획,24,남,1.0,1.0,44.0,3.0,51.0
7081,2173107,591000,네이버페이 현대,75.0,서울 관악구,20,마케팅,26,여,13.0,30.0,11.0,7.0,39.0
7082,2899603,532000,롯데 DC카드,78.0,서울 서초구,30,연구원,33,남,40.0,23.0,5.0,15.0,17.0
7083,2977140,1767000,신한 Deep카드,69.0,부산 해운대구,30,마케팅,30,남,13.0,10.0,12.0,18.0,47.0
7084,2282147,1862000,롯데 DC카드,56.0,서울 강남구,20,영업,28,여,5.0,52.0,13.0,21.0,9.0
7085,2973430,1776000,카카오뱅크 체크,65.0,대구 수성구,30,생산직,39,여,11.0,33.0,2.0,13.0,41.0
7086,1876391,1433000,삼성 taptap카드,80.0,울산 남구,20,대학생,29,남,11.0,25.0,8.0,37.0,19.0
7087,1826826,763000,신한 Deep카드,48.0,서울 성동구,20,컨설턴트,28,남,33.0,11.0,10.0,20.0,26.0
7088,2868309,1121000,SSG 랜더스카드,55.0,서울 성동구,20,영업,28,남,31.0,29.0,3.0,25.0,12.0
7089,2018677,853000,카카오뱅크 체크,47.0,울산 남구,20,대학생,22,남,5.0,5.0,29.0,8.0,53.0
7090,1618482,1666000,이마트 KB카드,50.0,부산 해운대구,20,마케팅,28,여,20.0,7.0,47.0,23.0,3.0
7091,2660409,1624000,우리 Young카드,53.0,서울 강남구,30,영업,31,남,25.0,3.0,30.0,37.0,5.0
7092,2084973,2285000,이마트 KB카드,63.0,경기 수원시,20,컨설턴트,27,여,12.0,23.0,41.0,2.0,22.0
7093,3277481,1047000,하나 Simple카드,40.0,서울 강동구,30,대학생,36,여,26.0,31.0,27.0,4.0,12.0
7094,2712413,963000,NH 농협카드,65.0,서울 관악구,20,연구원,25,남,2.0,10.0,54.0,23.0,11.0
7095,3803264,1541000,네이버페이 현대,42.0,서울 송파구,30,마케팅,30,남,26.0,11.0,3.0,45.0,15.0
7096,2659986,1376000,우리 Young카드,45.0,서울 관악구,20,연구원,26,여,11.0,29.0,1.0,22.0,37.0
7097,2973121,1187000,네이버페이 현대,71.0,인천 남동구,30,디자이너,37,여,10.0,14.0,26.0,4.0,46.0
7098,1905958,1202000,우리 Young카드,62.0,경기 수원시,20,데이터분석가,27,여,17.0,30.0,31.0,7.0,15.0
7099,2150698,1342000,우리 Young카드,44.0,세종,20,서비스직,29,남,27.0,17.0,3.0,24.0,29.0
7100,2005042,978000,NH 농협카드,59.0,서울 서초구,30,디자이너,32,여,54.0,8.0,22.0,16.0,0.0
7101,2144755,1334000,토스카드,77.0,경기 고양시,20,기획,29,여,16.0,26.0,14.0,12.0,32.0
7102,2842052,1133000,이마트 KB카드,58.0,울산 남구,30,디자이너,30,여,6.0,15.0,53.0,19.0,7.0
7103,2317291,668000,네이버페이 현대,47.0,경기 성남시,20,기획,28,남,24.0,51.0,12.0,2.0,11.0
7104,2905740,1980000,하나 Simple카드,49.0,울산 남구,20,회계,22,여,1.0,11.0,62.0,9.0,17.0
7105,1679292,1261000,신한 Deep카드,68.0,서울 마포구,20,디자이너,26,여,38.0,10.0,24.0,22.0,6.0
7106,2500119,1018000,NH 농협카드,74.0,광주 서구,20,마케팅,25,남,10.0,1.0,58.0,9.0,22.0
7107,1625848,2034000,우리 Young카드,74.0,서울 노원구,20,영업,26,남,47.0,0.0,14.0,3.0,36.0
7108,3065923,1149000,토스카드,66.0,서울 용산구,30,회계,38,남,22.0,11.0,18.0,30.0,19.0
7109,2620166,1084000,신한 Deep카드,53.0,대전 유성구,20,디자이너,25,남,4.0,12.0,33.0,16.0,35.0
7110,2849848,796000,IBK 두드림카드,58.0,울산 남구,30,대학생,31,남,8.0,46.0,21.0,20.0,5.0
7111,2775563,1744000,삼성 taptap카드,75.0,인천 남동구,30,디자이너,30,여,20.0,1.0,40.0,7.0,32.0
7112,1770133,779000,하나 Simple카드,44.0,서울 강동구,20,회계,24,남,35.0,10.0,12.0,27.0,16.0
7113,1835417,1587000,삼성 taptap카드,63.0,서울 마포구,30,간호사,32,남,22.0,32.0,23.0,7.0,16.0
7114,2778514,1542000,삼성 taptap카드,53.0,대구 수성구,30,공무원,35,여,20.0,12.0,6.0,7.0,55.0
7115,3122005,1467000,롯데 DC카드,76.0,경기 고양시,20,마케팅,22,남,16.0,13.0,57.0,9.0,5.0
7116,1751977,811000,우리 Young카드,54.0,서울 송파구,20,개발자,28,남,17.0,41.0,11.0,27.0,4.0
7117,2861097,1432000,SSG 랜더스카드,57.0,경기 고양시,20,서비스직,26,여,21.0,29.0,6.0,8.0,36.0
7118,2271711,2018000,우리 Young카드,84.0,서울 노원구,20,영업,23,여,1.0,11.0,48.0,29.0,11.0
7119,1832154,1662000,카카오뱅크 체크,52.0,서울 마포구,30,기획,36,여,1.0,30.0,18.0,39.0,12.0
7120,1684247,1078000,카카오뱅크 체크,72.0,서울 용산구,20,영업,20,여,14.0,6.0,59.0,8.0,13.0
7121,3011049,1567000,삼성 taptap카드,51.0,서울 마포구,30,생산직,34,남,25.0,42.0,6.0,12.0,15.0
7122,2297768,1142000,신한 Deep카드,53.0,서울 서초구,30,개발자,34,여,26.0,36.0,34.0,3.0,1.0
7123,1593543,2294000,삼성 taptap카드,57.0,서울 동작구,20,프리랜서,25,남,5.0,13.0,46.0,4.0,32.0
7124,1402980,651000,SSG 랜더스카드,85.0,경기 고양시,20,데이터분석가,28,여,1.0,48.0,15.0,30.0,6.0
7125,1826640,1730000,NH 농협카드,57.0,세종,20,프리랜서,26,남,5.0,36.0,0.0,25.0,34.0
7126,2346904,926000,현대 ZERO카드,67.0,서울 성동구,20,연구원,29,여,28.0,11.0,5.0,46.0,10.0
7127,2496799,1548000,토스카드,81.0,서울 송파구,30,디자이너,33,여,37.0,32.0,5.0,9.0,17.0
7128,2249381,2155000,KB 혜담카드,64.0,대구 수성구,30,개발자,31,여,24.0,11.0,41.0,23.0,1.0
7129,2350943,928000,이마트 KB카드,57.0,서울 관악구,20,디자이너,29,남,13.0,11.0,10.0,24.0,42.0
7130,2770013,2156000,이마트 KB카드,45.0,부산 해운대구,20,컨설턴트,23,남,10.0,2.0,4.0,34.0,50.0
7131,2697063,695000,IBK 두드림카드,78.0,서울 강남구,30,기획,32,여,27.0,12.0,1.0,55.0,5.0
7132,2189345,1094000,토스카드,80.0,서울 송파구,20,컨설턴트,26,여,25.0,7.0,7.0,17.0,44.0
7133,2714036,1158000,우리 Young카드,46.0,서울 동작구,20,기획,21,남,42.0,6.0,38.0,6.0,8.0
7134,1770074,1308000,카카오뱅크 체크,47.0,서울 강남구,20,영업,28,여,3.0,17.0,44.0,31.0,5.0
7135,2137540,1017000,NH 농협카드,48.0,대구 수성구,20,컨설턴트,20,여,36.0,2.0,20.0,40.0,2.0
7136,2859238,1583000,삼성 taptap카드,67.0,대전 유성구,30,서비스직,38,남,1.0,36.0,48.0,2.0,13.0
7137,1881523,1179000,KB 혜담카드,75.0,서울 서초구,30,영업,34,여,4.0,35.0,9.0,6.0,46.0
7138,2290062,1558000,네이버페이 현대,66.0,세종,30,프리랜서,35,여,14.0,11.0,3.0,71.0,1.0
7139,1547528,1031000,네이버페이 현대,58.0,서울 송파구,30,생산직,32,남,5.0,21.0,27.0,6.0,41.0
7140,4338524,2145000,NH 농협카드,77.0,부산 해운대구,30,프리랜서,30,남,18.0,22.0,3.0,10.0,47.0
7141,1781293,1267000,토스카드,65.0,서울 서초구,20,대학생,20,여,2.0,25.0,23.0,31.0,19.0
7142,3043057,1520000,토스카드,67.0,서울 마포구,20,마케팅,22,여,35.0,10.0,28.0,4.0,23.0
7143,2269042,1046000,이마트 KB카드,64.0,부산 해운대구,20,개발자,25,남,4.0,31.0,21.0,18.0,26.0
7144,2532432,829000,우리 Young카드,45.0,서울 노원구,20,개발자,28,여,7.0,14.0,24.0,28.0,27.0
7145,2255600,1103000,삼성 taptap카드,47.0,서울 동작구,30,연구원,37,여,4.0,21.0,1.0,67.0,7.0
7146,2603964,629000,KB 혜담카드,45.0,경기 고양시,30,디자이너,39,여,41.0,12.0,0.0,42.0,5.0
7147,3455342,1869000,SSG 랜더스카드,53.0,경기 성남시,30,연구원,31,남,13.0,16.0,3.0,4.0,64.0
7148,2582276,2711000,네이버페이 현대,66.0,서울 관악구,20,생산직,25,여,2.0,10.0,8.0,49.0,31.0
7149,2637386,918000,하나 Simple카드,51.0,인천 남동구,20,서비스직,26,남,69.0,1.0,12.0,7.0,11.0
7150,2065833,1229000,이마트 KB카드,56.0,서울 용산구,20,대학생,27,남,31.0,3.0,25.0,31.0,10.0
7151,2009820,2060000,롯데 DC카드,62.0,서울 송파구,20,영업,21,남,17.0,22.0,20.0,17.0,24.0
7152,1452911,788000,네이버페이 현대,64.0,경기 성남시,20,디자이너,28,남,6.0,37.0,35.0,14.0,8.0
7153,2761609,1251000,하나 Simple카드,59.0,서울 노원구,30,기획,30,여,2.0,34.0,47.0,10.0,7.0
7154,2791189,515000,우리 Young카드,58.0,세종,20,기획,25,남,1.0,22.0,43.0,8.0,26.0
7155,3307990,1615000,하나 Simple카드,42.0,서울 노원구,30,디자이너,31,여,4.0,15.0,58.0,15.0,8.0
7156,2402586,2297000,현대 ZERO카드,61.0,서울 용산구,20,개발자,28,남,54.0,7.0,4.0,7.0,28.0
7157,1866760,1500000,삼성 taptap카드,68.0,경기 고양시,20,디자이너,29,남,16.0,40.0,7.0,7.0,30.0
7158,1651451,1193000,네이버페이 현대,63.0,경기 수원시,30,서비스직,30,여,11.0,48.0,3.0,11.0,27.0
7159,2770833,756000,하나 Simple카드,65.0,경기 성남시,20,공무원,20,여,3.0,39.0,20.0,23.0,15.0
7160,1742606,2146000,SSG 랜더스카드,60.0,서울 성동구,30,개발자,35,남,6.0,3.0,13.0,68.0,10.0
7161,2079697,1114000,SSG 랜더스카드,81.0,서울 관악구,20,대학생,26,여,56.0,2.0,7.0,15.0,20.0
7162,2842985,1707000,NH 농협카드,54.0,경기 수원시,30,서비스직,38,남,5.0,33.0,3.0,19.0,40.0
7163,2215272,1109000,NH 농협카드,62.0,서울 동작구,20,개발자,25,남,13.0,5.0,30.0,37.0,15.0
7164,2517901,727000,씨티 Premier카드,54.0,울산 남구,30,공무원,31,여,19.0,16.0,26.0,14.0,25.0
7165,2569073,898000,카카오뱅크 체크,56.0,서울 관악구,30,회계,31,여,6.0,34.0,24.0,27.0,9.0
7166,1042318,1342000,우리 Young카드,44.0,세종,20,서비스직,29,남,27.0,17.0,3.0,24.0,29.0
7167,2257327,1152000,KB 혜담카드,47.0,서울 강남구,20,기획,25,여,47.0,28.0,12.0,1.0,12.0
7168,1135212,1239000,현대 ZERO카드,43.0,광주 서구,20,디자이너,20,여,44.0,14.0,12.0,1.0,29.0
7169,2616109,992000,KB 혜담카드,47.0,서울 강남구,20,디자이너,25,남,22.0,38.0,22.0,11.0,7.0
7170,2222437,846000,하나 Simple카드,54.0,대구 수성구,30,간호사,35,여,6.0,13.0,20.0,22.0,39.0
7171,1171481,785000,카카오뱅크 체크,42.0,인천 남동구,20,마케팅,28,여,2.0,4.0,12.0,65.0,17.0
7172,2092897,1341000,네이버페이 현대,41.0,부산 해운대구,30,연구원,33,여,9.0,35.0,4.0,41.0,11.0
7173,1964962,1665000,NH 농협카드,52.0,광주 서구,20,생산직,24,남,2.0,9.0,2.0,34.0,53.0
7174,3095349,740000,SSG 랜더스카드,56.0,세종,30,공무원,30,여,26.0,31.0,23.0,6.0,14.0
7175,2348318,1834000,현대 ZERO카드,71.0,서울 동작구,20,간호사,28,남,16.0,28.0,3.0,38.0,15.0
7176,2422222,817000,카카오뱅크 체크,79.0,인천 남동구,20,프리랜서,28,여,1.0,31.0,19.0,3.0,46.0
7177,2840610,1088000,하나 Simple카드,45.0,서울 마포구,20,기획,27,여,16.0,1.0,50.0,3.0,30.0
7178,2201927,1099000,SSG 랜더스카드,45.0,서울 관악구,20,회계,27,남,19.0,20.0,3.0,56.0,2.0
7179,2627093,1267000,토스카드,65.0,서울 서초구,20,대학생,20,여,2.0,25.0,23.0,31.0,19.0
7180,2841930,788000,우리 Young카드,59.0,서울 노원구,30,서비스직,30,여,12.0,0.0,13.0,22.0,53.0
7181,1856765,1211000,삼성 taptap카드,44.0,서울 강동구,30,마케팅,39,여,38.0,9.0,21.0,6.0,26.0
7182,4031088,1472000,삼성 taptap카드,45.0,울산 남구,30,공무원,38,남,1.0,6.0,6.0,34.0,53.0
7183,2005788,1066000,신한 Deep카드,49.0,경기 수원시,30,디자이너,33,남,22.0,21.0,26.0,5.0,26.0
7184,2708683,1202000,SSG 랜더스카드,43.0,광주 서구,20,데이터분석가,26,여,20.0,2.0,18.0,2.0,58.0
7185,1938048,800000,IBK 두드림카드,70.0,세종,30,연구원,33,남,10.0,45.0,10.0,23.0,12.0
7186,2800618,1330000,카카오뱅크 체크,71.0,서울 관악구,30,회계,37,여,13.0,31.0,8.0,23.0,25.0
7187,4303340,2009000,현대 ZERO카드,42.0,서울 관악구,30,간호사,31,남,1.0,9.0,6.0,77.0,7.0
7188,2850914,2324000,롯데 DC카드,67.0,서울 성동구,30,회계,32,남,6.0,1.0,17.0,53.0,23.0
7189,2820551,1243000,현대 ZERO카드,40.0,서울 관악구,30,공무원,30,남,4.0,4.0,67.0,3.0,22.0
7190,3427307,812000,우리 Young카드,48.0,서울 송파구,30,생산직,34,남,7.0,1.0,15.0,12.0,65.0
7191,2335301,664000,IBK 두드림카드,67.0,부산 해운대구,30,개발자,30,여,2.0,2.0,23.0,69.0,4.0
7192,4272795,943000,씨티 Premier카드,57.0,서울 동작구,30,기획,34,남,3.0,45.0,10.0,31.0,11.0
7193,3134534,1349000,하나 Simple카드,65.0,서울 성동구,30,대학생,35,남,6.0,13.0,9.0,62.0,10.0
7194,2775881,1114000,IBK 두드림카드,66.0,인천 남동구,30,간호사,34,남,1.0,15.0,12.0,68.0,4.0
7195,2229857,1460000,현대 ZERO카드,78.0,세종,30,연구원,31,여,4.0,27.0,11.0,45.0,13.0
7196,1783525,1600000,SSG 랜더스카드,63.0,경기 고양시,20,컨설턴트,26,남,13.0,13.0,61.0,1.0,12.0
7197,2186122,1516000,이마트 KB카드,76.0,대전 유성구,30,기획,33,여,22.0,8.0,15.0,36.0,19.0
7198,2074663,1419000,카카오뱅크 체크,70.0,광주 서구,20,디자이너,25,여,31.0,16.0,16.0,17.0,20.0
7199,2256180,1392000,롯데 DC카드,55.0,서울 송파구,30,컨설턴트,31,여,2.0,9.0,31.0,28.0,30.0
7200,2170912,2140000,IBK 두드림카드,74.0,서울 송파구,30,프리랜서,30,여,25.0,20.0,46.0,8.0,1.0
7201,3299420,943000,NH 농협카드,48.0,서울 용산구,20,영업,26,여,34.0,4.0,20.0,28.0,14.0
7202,1734952,1386000,씨티 Premier카드,82.0,서울 동작구,20,기획,26,여,3.0,7.0,27.0,39.0,24.0
7203,3102642,1380000,KB 혜담카드,51.0,세종,30,대학생,35,남,26.0,7.0,2.0,60.0,5.0
7204,2546260,1091000,롯데 DC카드,63.0,대구 수성구,20,연구원,25,남,13.0,28.0,28.0,8.0,23.0
7205,2565053,1756000,NH 농협카드,41.0,대전 유성구,20,데이터분석가,25,남,18.0,6.0,3.0,12.0,61.0
7206,2470696,2569000,KB 혜담카드,79.0,대구 수성구,30,회계,34,여,7.0,60.0,6.0,19.0,8.0
7207,2129648,1473000,롯데 DC카드,62.0,서울 강남구,20,데이터분석가,24,여,15.0,2.0,24.0,45.0,14.0
7208,2475773,2024000,씨티 Premier카드,78.0,경기 성남시,20,개발자,24,여,20.0,11.0,7.0,36.0,26.0
7209,3186565,1964000,토스카드,42.0,서울 용산구,30,기획,36,남,39.0,35.0,5.0,1.0,20.0
7210,2370520,1319000,삼성 taptap카드,73.0,경기 고양시,30,데이터분석가,30,여,6.0,15.0,1.0,20.0,58.0
7211,1906684,1149000,토스카드,71.0,부산 해운대구,30,대학생,31,남,37.0,2.0,8.0,16.0,37.0
7212,2016038,629000,네이버페이 현대,80.0,세종,20,기획,27,남,2.0,58.0,15.0,17.0,8.0
7213,1676724,2143000,KB 혜담카드,42.0,대전 유성구,20,연구원,26,남,3.0,34.0,34.0,4.0,25.0
7214,2532988,941000,신한 Deep카드,80.0,경기 고양시,30,간호사,32,남,4.0,17.0,0.0,0.0,79.0
7215,2516611,1211000,신한 Deep카드,67.0,인천 남동구,30,데이터분석가,33,여,29.0,13.0,50.0,4.0,4.0
7216,2429368,1471000,이마트 KB카드,40.0,경기 성남시,20,연구원,28,남,16.0,58.0,1.0,9.0,16.0
7217,4246316,2432000,현대 ZERO카드,81.0,서울 성동구,30,마케팅,32,남,0.0,1.0,15.0,61.0,23.0
7218,1981296,1106000,삼성 taptap카드,61.0,경기 성남시,20,영업,20,여,21.0,33.0,9.0,9.0,28.0
7219,2887312,1696000,삼성 taptap카드,85.0,대구 수성구,30,프리랜서,32,여,40.0,17.0,11.0,18.0,14.0
7220,2402980,1243000,KB 혜담카드,44.0,서울 서초구,20,회계,20,여,15.0,5.0,28.0,24.0,28.0
7221,2897998,748000,KB 혜담카드,68.0,서울 서초구,20,서비스직,28,남,78.0,1.0,2.0,3.0,16.0
7222,2538114,695000,SSG 랜더스카드,62.0,서울 노원구,20,영업,23,여,14.0,21.0,9.0,33.0,23.0
7223,1745759,957000,SSG 랜더스카드,70.0,인천 남동구,20,연구원,28,여,40.0,0.0,19.0,40.0,1.0
7224,1388476,1347000,토스카드,78.0,울산 남구,20,생산직,22,남,27.0,29.0,7.0,5.0,32.0
7225,2655630,1157000,카카오뱅크 체크,84.0,서울 동작구,30,데이터분석가,30,여,30.0,3.0,10.0,20.0,37.0
7226,2630084,1675000,롯데 DC카드,74.0,경기 고양시,30,간호사,34,남,61.0,20.0,11.0,7.0,1.0
7227,2313780,2224000,씨티 Premier카드,43.0,울산 남구,30,영업,30,남,1.0,32.0,51.0,1.0,15.0
7228,1616211,871000,우리 Young카드,70.0,서울 마포구,20,데이터분석가,26,여,10.0,19.0,35.0,12.0,24.0
7229,2580487,948000,하나 Simple카드,68.0,서울 서초구,30,마케팅,30,여,12.0,24.0,8.0,26.0,30.0
7230,3003853,1141000,하나 Simple카드,48.0,서울 마포구,20,회계,25,남,40.0,27.0,22.0,5.0,6.0
7231,2045663,541000,이마트 KB카드,52.0,서울 송파구,20,연구원,21,여,24.0,21.0,42.0,7.0,6.0
7232,2795135,999000,NH 농협카드,47.0,경기 고양시,30,프리랜서,31,여,8.0,47.0,12.0,8.0,25.0
7233,2198866,1003000,IBK 두드림카드,62.0,대구 수성구,20,생산직,21,여,6.0,9.0,1.0,75.0,9.0
7234,1605308,742000,이마트 KB카드,63.0,부산 해운대구,20,마케팅,23,남,23.0,19.0,5.0,15.0,38.0
7235,2617405,1526000,하나 Simple카드,71.0,서울 관악구,20,회계,27,여,1.0,3.0,54.0,0.0,42.0
7236,2233715,1587000,롯데 DC카드,43.0,서울 마포구,30,데이터분석가,35,남,27.0,29.0,6.0,23.0,15.0
7237,2510813,756000,네이버페이 현대,76.0,세종,30,컨설턴트,31,여,9.0,73.0,6.0,10.0,2.0
7238,2760935,2063000,신한 Deep카드,43.0,서울 송파구,30,회계,38,남,50.0,20.0,11.0,6.0,13.0
7239,2696538,986000,롯데 DC카드,71.0,인천 남동구,20,연구원,28,남,37.0,21.0,6.0,19.0,17.0
7240,1720924,2406000,씨티 Premier카드,55.0,경기 성남시,20,대학생,24,여,27.0,41.0,4.0,17.0,11.0
7241,3273608,1183000,신한 Deep카드,66.0,경기 고양시,30,기획,39,남,45.0,20.0,20.0,9.0,6.0
7242,1830101,508000,삼성 taptap카드,42.0,부산 해운대구,20,대학생,24,남,12.0,14.0,12.0,51.0,11.0
7243,1000000,1082000,토스카드,47.0,경기 수원시,30,디자이너,33,여,37.0,18.0,31.0,11.0,3.0
7244,4464469,988000,NH 농협카드,65.0,서울 송파구,30,대학생,39,남,10.0,9.0,46.0,15.0,20.0
7245,2775278,1804000,우리 Young카드,67.0,울산 남구,30,서비스직,33,여,47.0,3.0,35.0,6.0,9.0
7246,1866326,2244000,네이버페이 현대,81.0,경기 고양시,20,컨설턴트,29,남,51.0,27.0,4.0,17.0,1.0
7247,1687672,1703000,토스카드,63.0,서울 동작구,20,데이터분석가,29,남,22.0,5.0,4.0,27.0,42.0
7248,2653045,1195000,우리 Young카드,48.0,세종,30,회계,32,남,16.0,41.0,30.0,8.0,5.0
7249,2608439,633000,KB 혜담카드,65.0,서울 노원구,20,기획,21,남,28.0,24.0,5.0,35.0,8.0
7250,1675540,1197000,카카오뱅크 체크,77.0,서울 서초구,30,공무원,30,남,12.0,21.0,35.0,21.0,11.0
7251,2179207,1794000,씨티 Premier카드,44.0,세종,20,간호사,26,남,8.0,3.0,2.0,43.0,44.0
7252,3135320,1347000,토스카드,83.0,광주 서구,20,데이터분석가,23,여,8.0,2.0,12.0,49.0,29.0
7253,1683026,545000,IBK 두드림카드,68.0,서울 노원구,20,컨설턴트,29,여,11.0,2.0,11.0,67.0,9.0
7254,2290192,1696000,IBK 두드림카드,56.0,서울 관악구,20,기획,27,남,8.0,7.0,2.0,50.0,33.0
7255,4542316,1513000,네이버페이 현대,42.0,서울 노원구,30,기획,33,남,7.0,66.0,24.0,2.0,1.0
7256,2816075,1058000,SSG 랜더스카드,55.0,광주 서구,30,회계,33,여,31.0,9.0,8.0,9.0,43.0
7257,2312961,1414000,씨티 Premier카드,40.0,서울 노원구,20,개발자,24,남,28.0,15.0,10.0,5.0,42.0
7258,3354645,1313000,우리 Young카드,42.0,광주 서구,30,간호사,33,남,59.0,4.0,11.0,13.0,13.0
7259,2049567,1118000,네이버페이 현대,47.0,광주 서구,20,생산직,24,여,39.0,15.0,41.0,1.0,4.0
7260,2899815,1600000,SSG 랜더스카드,63.0,경기 고양시,20,컨설턴트,26,여,13.0,13.0,61.0,1.0,12.0
7261,2300334,850000,NH 농협카드,67.0,대전 유성구,30,디자이너,35,여,16.0,19.0,17.0,44.0,4.0
7262,1270409,1239000,NH 농협카드,43.0,부산 해운대구,20,디자이너,20,남,50.0,29.0,0.0,18.0,3.0
7263,2054348,624000,씨티 Premier카드,49.0,서울 동작구,20,마케팅,25,남,15.0,18.0,50.0,14.0,3.0
7264,1766632,2251000,KB 혜담카드,50.0,세종,20,기획,24,여,8.0,14.0,12.0,38.0,28.0
7265,2803164,648000,현대 ZERO카드,65.0,대전 유성구,30,디자이너,33,남,17.0,19.0,10.0,4.0,50.0
7266,2370457,1576000,우리 Young카드,40.0,서울 마포구,30,대학생,33,여,55.0,8.0,22.0,15.0,0.0
7267,2848711,1096000,네이버페이 현대,69.0,대구 수성구,20,프리랜서,26,여,49.0,1.0,7.0,18.0,25.0
7268,2597646,1199000,씨티 Premier카드,84.0,서울 노원구,20,회계,25,남,8.0,5.0,21.0,61.0,5.0
7269,2381632,1265000,현대 ZERO카드,72.0,서울 관악구,20,공무원,24,여,16.0,2.0,65.0,2.0,15.0
7270,2498527,582000,삼성 taptap카드,72.0,서울 강남구,30,컨설턴트,33,여,1.0,54.0,7.0,9.0,29.0
7271,1970570,1884000,KB 혜담카드,43.0,서울 성동구,30,간호사,31,여,30.0,11.0,14.0,23.0,22.0
7272,1159412,1164000,현대 ZERO카드,81.0,서울 강남구,20,생산직,29,남,14.0,39.0,7.0,36.0,4.0
7273,2306580,1672000,카카오뱅크 체크,56.0,경기 성남시,20,개발자,23,남,5.0,14.0,9.0,58.0,14.0
7274,2647320,1115000,신한 Deep카드,67.0,서울 강남구,20,프리랜서,28,남,9.0,37.0,8.0,16.0,30.0
7275,2195833,965000,롯데 DC카드,61.0,인천 남동구,20,데이터분석가,24,남,9.0,28.0,27.0,23.0,13.0
7276,1982572,1681000,KB 혜담카드,63.0,서울 송파구,20,서비스직,26,여,22.0,46.0,8.0,4.0,20.0
7277,3325151,1516000,SSG 랜더스카드,57.0,서울 관악구,30,기획,35,남,6.0,57.0,6.0,23.0,8.0
7278,2941667,1076000,KB 혜담카드,52.0,서울 강남구,30,영업,32,남,29.0,10.0,5.0,12.0,44.0
7279,4180020,1145000,네이버페이 현대,84.0,울산 남구,30,컨설턴트,31,남,2.0,17.0,32.0,7.0,42.0
7280,2866364,2577000,SSG 랜더스카드,43.0,서울 용산구,20,디자이너,25,여,38.0,6.0,6.0,29.0,21.0
7281,3671655,1292000,토스카드,84.0,서울 성동구,30,생산직,34,남,8.0,44.0,0.0,43.0,5.0
7282,3530413,879000,롯데 DC카드,81.0,대전 유성구,30,간호사,32,남,14.0,1.0,53.0,10.0,22.0
7283,2096882,1436000,NH 농협카드,40.0,부산 해운대구,30,기획,33,남,29.0,6.0,7.0,52.0,6.0
7284,2581496,868000,토스카드,52.0,서울 서초구,20,서비스직,24,여,64.0,1.0,18.0,8.0,9.0
7285,3263428,1509000,KB 혜담카드,44.0,서울 동작구,30,회계,30,남,1.0,25.0,49.0,19.0,6.0
7286,2803212,1421000,토스카드,84.0,세종,30,프리랜서,32,여,18.0,33.0,14.0,10.0,25.0
7287,2496304,1331000,카카오뱅크 체크,71.0,서울 송파구,20,간호사,28,여,1.0,12.0,32.0,22.0,33.0
7288,3316933,1344000,이마트 KB카드,64.0,경기 고양시,30,개발자,35,남,7.0,11.0,41.0,5.0,36.0
7289,3850433,529000,IBK 두드림카드,82.0,서울 노원구,30,영업,37,여,8.0,16.0,12.0,52.0,12.0
7290,2946670,1319000,KB 혜담카드,55.0,대전 유성구,30,영업,30,남,38.0,5.0,1.0,10.0,46.0
7291,2968168,1674000,하나 Simple카드,49.0,서울 강동구,30,영업,31,여,18.0,30.0,10.0,3.0,39.0
7292,2264505,971000,KB 혜담카드,56.0,서울 마포구,30,간호사,34,여,16.0,17.0,10.0,29.0,28.0
7293,3553449,942000,이마트 KB카드,75.0,부산 해운대구,30,대학생,34,남,15.0,64.0,13.0,3.0,5.0
7294,3657523,1774000,네이버페이 현대,47.0,서울 노원구,30,공무원,39,남,14.0,0.0,15.0,35.0,36.0
7295,3255098,1443000,신한 Deep카드,83.0,세종,30,회계,33,남,18.0,15.0,20.0,42.0,5.0
7296,3084623,1528000,IBK 두드림카드,47.0,울산 남구,20,프리랜서,28,여,8.0,31.0,21.0,24.0,16.0
7297,1807861,869000,삼성 taptap카드,72.0,서울 마포구,20,마케팅,29,남,12.0,2.0,7.0,77.0,2.0
7298,2256389,787000,삼성 taptap카드,73.0,서울 성동구,30,데이터분석가,33,여,28.0,6.0,14.0,16.0,36.0
7299,2356190,758000,카카오뱅크 체크,75.0,서울 동작구,20,컨설턴트,27,남,47.0,28.0,7.0,15.0,3.0
7300,2690403,1010000,IBK 두드림카드,69.0,서울 마포구,20,생산직,27,여,2.0,40.0,29.0,23.0,6.0
7301,2339714,1432000,SSG 랜더스카드,57.0,경기 고양시,20,서비스직,26,남,21.0,29.0,6.0,8.0,36.0
7302,3142879,1091000,KB 혜담카드,53.0,울산 남구,30,마케팅,32,여,0.0,22.0,64.0,7.0,7.0
7303,1919155,1192000,카카오뱅크 체크,80.0,인천 남동구,20,서비스직,23,남,5.0,6.0,31.0,56.0,2.0
7304,1929710,1795000,롯데 DC카드,77.0,서울 강동구,30,데이터분석가,39,여,9.0,25.0,1.0,64.0,1.0
7305,3215689,1401000,롯데 DC카드,50.0,서울 노원구,30,연구원,38,남,6.0,30.0,62.0,1.0,1.0
7306,2945973,1090000,롯데 DC카드,83.0,경기 성남시,30,컨설턴트,30,남,8.0,17.0,7.0,11.0,57.0
7307,3380004,575000,네이버페이 현대,85.0,울산 남구,30,영업,39,남,17.0,46.0,31.0,0.0,6.0
7308,2486298,752000,이마트 KB카드,67.0,서울 관악구,30,서비스직,30,여,0.0,75.0,2.0,21.0,2.0
7309,2079990,1384000,카카오뱅크 체크,83.0,인천 남동구,20,마케팅,28,남,67.0,0.0,0.0,26.0,7.0
7310,2462531,675000,네이버페이 현대,63.0,세종,30,서비스직,30,여,64.0,16.0,1.0,11.0,8.0
7311,3020194,797000,SSG 랜더스카드,53.0,경기 수원시,30,마케팅,32,남,3.0,5.0,38.0,19.0,35.0
7312,2097509,1672000,카카오뱅크 체크,56.0,경기 성남시,20,개발자,23,여,5.0,14.0,9.0,58.0,14.0
7313,2398433,1116000,우리 Young카드,75.0,대구 수성구,30,생산직,33,여,43.0,13.0,21.0,18.0,5.0
7314,2048203,1414000,IBK 두드림카드,75.0,서울 강동구,20,프리랜서,26,여,5.0,11.0,11.0,41.0,32.0
7315,2678332,599000,하나 Simple카드,73.0,서울 성동구,20,기획,25,남,11.0,5.0,30.0,51.0,3.0
7316,2347010,827000,카카오뱅크 체크,82.0,서울 용산구,20,마케팅,20,남,46.0,16.0,2.0,4.0,32.0
7317,4579726,575000,네이버페이 현대,85.0,울산 남구,30,영업,39,남,17.0,46.0,31.0,0.0,6.0
7318,2330352,1907000,네이버페이 현대,47.0,부산 해운대구,20,개발자,24,남,12.0,6.0,27.0,51.0,4.0
7319,1974571,1376000,토스카드,51.0,광주 서구,20,연구원,26,여,12.0,54.0,17.0,12.0,5.0
7320,3585337,2071000,카카오뱅크 체크,41.0,경기 고양시,20,회계,26,여,62.0,8.0,3.0,6.0,21.0
7321,2706813,2006000,하나 Simple카드,79.0,경기 수원시,30,간호사,34,여,13.0,35.0,11.0,3.0,38.0
7322,3693087,1197000,씨티 Premier카드,42.0,경기 고양시,30,회계,30,남,28.0,2.0,18.0,8.0,44.0
7323,2546051,1666000,KB 혜담카드,43.0,서울 관악구,20,생산직,29,여,10.0,56.0,14.0,19.0,1.0
7324,2561505,1310000,토스카드,62.0,경기 고양시,20,대학생,25,남,3.0,4.0,56.0,14.0,23.0
7325,2517827,1876000,SSG 랜더스카드,51.0,경기 고양시,20,프리랜서,20,여,19.0,20.0,58.0,2.0,1.0
7326,2228540,1236000,카카오뱅크 체크,57.0,부산 해운대구,30,간호사,36,남,13.0,52.0,11.0,12.0,12.0
7327,2433764,551000,하나 Simple카드,56.0,서울 용산구,20,생산직,20,남,21.0,13.0,36.0,19.0,11.0
7328,1587569,1229000,신한 Deep카드,76.0,서울 성동구,20,기획,23,남,33.0,7.0,20.0,39.0,1.0
7329,2412818,1886000,신한 Deep카드,66.0,서울 관악구,30,연구원,30,여,1.0,4.0,27.0,67.0,1.0
7330,1887191,1220000,IBK 두드림카드,71.0,대전 유성구,20,프리랜서,28,여,19.0,2.0,21.0,8.0,50.0
7331,2428735,2509000,IBK 두드림카드,73.0,경기 성남시,20,연구원,28,남,23.0,27.0,5.0,29.0,16.0
7332,2417063,840000,SSG 랜더스카드,72.0,서울 마포구,20,대학생,28,남,53.0,1.0,5.0,7.0,34.0
7333,3336802,989000,토스카드,50.0,대구 수성구,30,컨설턴트,34,남,28.0,2.0,16.0,36.0,18.0
7334,2393648,1354000,삼성 taptap카드,83.0,서울 용산구,20,기획,26,여,1.0,16.0,13.0,54.0,16.0
7335,2575222,1364000,씨티 Premier카드,62.0,광주 서구,30,대학생,33,남,7.0,6.0,28.0,23.0,36.0
7336,2119498,1373000,네이버페이 현대,60.0,세종,20,개발자,26,여,24.0,4.0,17.0,47.0,8.0
7337,2710198,861000,카카오뱅크 체크,44.0,서울 마포구,20,간호사,20,여,8.0,13.0,23.0,29.0,27.0
7338,2783928,867000,이마트 KB카드,67.0,경기 고양시,20,컨설턴트,24,여,15.0,3.0,1.0,17.0,64.0
7339,2197251,548000,현대 ZERO카드,50.0,서울 동작구,30,공무원,36,남,27.0,13.0,29.0,3.0,28.0
7340,1734536,1765000,롯데 DC카드,43.0,대구 수성구,30,컨설턴트,30,여,2.0,27.0,33.0,28.0,10.0
7341,1886555,863000,NH 농협카드,45.0,서울 마포구,20,프리랜서,26,여,22.0,17.0,25.0,16.0,20.0
7342,2772603,1990000,삼성 taptap카드,70.0,대전 유성구,20,영업,26,남,12.0,1.0,62.0,4.0,21.0
7343,3107442,1808000,네이버페이 현대,84.0,서울 송파구,30,마케팅,31,여,12.0,45.0,14.0,23.0,6.0
7344,2037644,1743000,우리 Young카드,71.0,부산 해운대구,30,서비스직,39,여,8.0,38.0,17.0,25.0,12.0
7345,2403654,2264000,우리 Young카드,65.0,서울 동작구,20,프리랜서,25,남,0.0,45.0,13.0,7.0,35.0
7346,4284101,1732000,토스카드,54.0,경기 고양시,30,영업,34,남,3.0,60.0,1.0,15.0,21.0
7347,2457655,662000,NH 농협카드,63.0,서울 서초구,20,마케팅,28,남,6.0,5.0,26.0,14.0,49.0
7348,2960751,952000,카카오뱅크 체크,48.0,경기 성남시,20,마케팅,29,여,32.0,29.0,9.0,7.0,23.0
7349,2749363,810000,NH 농협카드,41.0,서울 동작구,20,대학생,24,남,1.0,72.0,11.0,11.0,5.0
7350,1794900,674000,현대 ZERO카드,55.0,서울 관악구,20,간호사,20,여,49.0,6.0,13.0,21.0,11.0
7351,2155009,1210000,NH 농협카드,73.0,대전 유성구,20,간호사,21,여,11.0,20.0,27.0,18.0,24.0
7352,2267377,1019000,SSG 랜더스카드,69.0,대구 수성구,20,기획,23,여,4.0,59.0,18.0,15.0,4.0
7353,2302066,750000,네이버페이 현대,56.0,서울 노원구,20,마케팅,23,남,16.0,30.0,14.0,21.0,19.0
7354,2708164,1275000,네이버페이 현대,44.0,서울 강남구,20,회계,28,여,56.0,4.0,30.0,8.0,2.0
7355,3286079,1744000,삼성 taptap카드,75.0,인천 남동구,30,디자이너,30,남,20.0,1.0,40.0,7.0,32.0
7356,1000000,993000,SSG 랜더스카드,71.0,서울 강남구,20,대학생,25,남,19.0,28.0,4.0,47.0,2.0
7357,1593579,1425000,이마트 KB카드,62.0,대전 유성구,20,서비스직,29,여,28.0,9.0,11.0,33.0,19.0
7358,1468833,811000,토스카드,47.0,서울 송파구,30,공무원,30,남,7.0,24.0,40.0,27.0,2.0
7359,2587682,1225000,신한 Deep카드,79.0,서울 관악구,30,디자이너,37,여,20.0,6.0,8.0,61.0,5.0
7360,2370243,1587000,롯데 DC카드,55.0,경기 고양시,20,컨설턴트,26,남,27.0,7.0,32.0,3.0,31.0
7361,2391612,1216000,현대 ZERO카드,77.0,서울 서초구,20,회계,29,남,12.0,9.0,29.0,0.0,50.0
7362,2328750,690000,이마트 KB카드,46.0,울산 남구,30,연구원,34,남,15.0,26.0,13.0,30.0,16.0
7363,2587072,570000,NH 농협카드,64.0,서울 동작구,20,공무원,25,여,14.0,7.0,23.0,50.0,6.0
7364,2858131,740000,SSG 랜더스카드,56.0,세종,30,공무원,30,여,26.0,31.0,23.0,6.0,14.0
7365,1622425,1581000,현대 ZERO카드,52.0,대구 수성구,20,간호사,25,여,19.0,9.0,3.0,55.0,14.0
7366,1516980,690000,롯데 DC카드,51.0,울산 남구,20,공무원,23,남,25.0,38.0,20.0,8.0,9.0
7367,2249934,520000,신한 Deep카드,75.0,경기 고양시,20,컨설턴트,21,남,10.0,3.0,86.0,1.0,0.0
7368,3145891,992000,KB 혜담카드,47.0,서울 강남구,20,디자이너,25,여,22.0,38.0,22.0,11.0,7.0
7369,3099871,2193000,KB 혜담카드,62.0,대구 수성구,20,디자이너,29,남,4.0,62.0,9.0,15.0,10.0
7370,2531702,1363000,KB 혜담카드,45.0,서울 노원구,20,개발자,28,남,17.0,27.0,4.0,45.0,7.0
7371,1885001,861000,카카오뱅크 체크,44.0,서울 마포구,20,간호사,20,여,8.0,13.0,23.0,29.0,27.0
7372,2693421,1975000,씨티 Premier카드,76.0,경기 성남시,20,영업,28,남,47.0,1.0,26.0,9.0,17.0
7373,2023787,1994000,우리 Young카드,67.0,광주 서구,20,생산직,27,여,2.0,8.0,44.0,44.0,2.0
7374,2116246,1232000,신한 Deep카드,67.0,서울 노원구,30,서비스직,37,여,8.0,52.0,19.0,12.0,9.0
7375,1499223,1824000,신한 Deep카드,67.0,부산 해운대구,30,생산직,32,남,6.0,47.0,8.0,26.0,13.0
7376,3071667,569000,이마트 KB카드,50.0,서울 서초구,30,영업,37,남,64.0,11.0,11.0,3.0,11.0
7377,2559092,1236000,네이버페이 현대,81.0,서울 성동구,30,개발자,32,남,59.0,3.0,21.0,14.0,3.0
7378,2548215,1182000,IBK 두드림카드,49.0,경기 수원시,30,개발자,35,여,6.0,27.0,18.0,43.0,6.0
7379,1100321,965000,NH 농협카드,78.0,광주 서구,20,영업,29,여,40.0,14.0,27.0,5.0,14.0
7380,2334913,820000,씨티 Premier카드,66.0,경기 고양시,20,회계,27,남,4.0,1.0,57.0,11.0,27.0
7381,1298215,1219000,씨티 Premier카드,62.0,경기 고양시,30,연구원,30,남,48.0,6.0,17.0,2.0,27.0
7382,3043970,1054000,현대 ZERO카드,74.0,경기 수원시,30,대학생,38,여,57.0,9.0,5.0,28.0,1.0
7383,2760945,679000,우리 Young카드,47.0,서울 강동구,30,영업,39,여,4.0,9.0,58.0,10.0,19.0
7384,2110667,664000,현대 ZERO카드,72.0,부산 해운대구,20,개발자,26,남,0.0,29.0,2.0,9.0,60.0
7385,2531359,1378000,현대 ZERO카드,51.0,서울 노원구,20,프리랜서,24,남,26.0,21.0,3.0,2.0,48.0
7386,2315348,2068000,토스카드,59.0,서울 성동구,30,컨설턴트,37,남,29.0,0.0,4.0,51.0,16.0
7387,2286187,911000,롯데 DC카드,78.0,서울 강동구,20,마케팅,27,여,46.0,8.0,9.0,37.0,0.0
7388,2897387,964000,하나 Simple카드,66.0,대구 수성구,30,생산직,33,여,34.0,30.0,4.0,14.0,18.0
7389,1000000,1522000,롯데 DC카드,65.0,서울 마포구,20,공무원,23,남,21.0,0.0,65.0,5.0,9.0
7390,2026387,1353000,네이버페이 현대,46.0,경기 고양시,20,디자이너,27,여,16.0,55.0,17.0,3.0,9.0
7391,2238677,653000,현대 ZERO카드,68.0,서울 송파구,20,데이터분석가,28,남,16.0,8.0,14.0,23.0,39.0
7392,2862594,1667000,KB 혜담카드,85.0,부산 해운대구,30,영업,35,남,30.0,8.0,22.0,13.0,27.0
7393,4019971,870000,SSG 랜더스카드,50.0,울산 남구,30,개발자,35,남,24.0,12.0,23.0,30.0,11.0
7394,1688049,1552000,우리 Young카드,56.0,서울 송파구,20,간호사,20,여,25.0,27.0,35.0,6.0,7.0
7395,1939420,1918000,삼성 taptap카드,71.0,울산 남구,20,생산직,29,남,29.0,5.0,32.0,18.0,16.0
7396,1542065,2615000,NH 농협카드,85.0,서울 강동구,30,공무원,30,여,43.0,21.0,16.0,4.0,16.0
7397,4057200,963000,SSG 랜더스카드,83.0,서울 성동구,30,대학생,35,남,0.0,26.0,24.0,14.0,36.0
7398,2126854,959000,네이버페이 현대,60.0,서울 서초구,20,기획,25,남,50.0,13.0,12.0,19.0,6.0
7399,2693113,1804000,카카오뱅크 체크,83.0,서울 마포구,30,프리랜서,33,남,9.0,52.0,17.0,3.0,19.0
7400,2223758,1649000,토스카드,57.0,서울 송파구,20,공무원,28,여,26.0,20.0,5.0,44.0,5.0
7401,3445365,1468000,네이버페이 현대,69.0,인천 남동구,30,프리랜서,30,남,16.0,4.0,8.0,56.0,16.0
7402,2423681,1202000,SSG 랜더스카드,43.0,광주 서구,20,데이터분석가,26,여,20.0,2.0,18.0,2.0,58.0
7403,3573942,1086000,신한 Deep카드,58.0,서울 성동구,20,생산직,28,남,8.0,43.0,7.0,3.0,39.0
7404,2476967,1222000,롯데 DC카드,71.0,대구 수성구,20,공무원,26,남,5.0,29.0,7.0,20.0,39.0
7405,2674328,772000,씨티 Premier카드,44.0,경기 성남시,30,컨설턴트,37,남,21.0,2.0,20.0,14.0,43.0
7406,2607050,1445000,우리 Young카드,70.0,대전 유성구,30,데이터분석가,32,남,13.0,9.0,9.0,15.0,54.0
7407,2053620,1373000,롯데 DC카드,78.0,서울 성동구,20,서비스직,23,남,11.0,3.0,5.0,20.0,61.0
7408,1499081,1389000,하나 Simple카드,75.0,부산 해운대구,20,컨설턴트,21,남,6.0,35.0,17.0,19.0,23.0
7409,2519932,2009000,현대 ZERO카드,42.0,서울 관악구,30,간호사,31,여,1.0,9.0,6.0,77.0,7.0
7410,2641734,662000,KB 혜담카드,63.0,서울 관악구,20,생산직,23,여,3.0,25.0,3.0,0.0,69.0
7411,1943318,682000,카카오뱅크 체크,44.0,세종,20,디자이너,20,남,1.0,28.0,55.0,1.0,15.0
7412,2434833,1230000,네이버페이 현대,64.0,대구 수성구,30,생산직,30,남,18.0,3.0,33.0,43.0,3.0
7413,3007972,819000,롯데 DC카드,74.0,울산 남구,20,디자이너,29,남,2.0,53.0,12.0,21.0,12.0
7414,1536758,1001000,삼성 taptap카드,52.0,대전 유성구,20,대학생,20,남,25.0,34.0,11.0,6.0,24.0
7415,1216090,1255000,네이버페이 현대,51.0,서울 관악구,20,개발자,22,남,19.0,44.0,5.0,1.0,31.0
7416,1673549,986000,토스카드,58.0,울산 남구,20,공무원,26,여,8.0,47.0,1.0,2.0,42.0
7417,1921697,1739000,하나 Simple카드,50.0,서울 마포구,30,프리랜서,37,남,16.0,17.0,22.0,45.0,0.0
7418,2443113,1843000,하나 Simple카드,60.0,서울 마포구,20,디자이너,28,남,2.0,30.0,27.0,10.0,31.0
7419,2069647,2104000,IBK 두드림카드,66.0,서울 관악구,20,공무원,23,남,7.0,3.0,56.0,22.0,12.0
7420,2140156,1718000,현대 ZERO카드,50.0,대구 수성구,20,데이터분석가,20,남,55.0,1.0,33.0,4.0,7.0
7421,3076467,1522000,SSG 랜더스카드,85.0,서울 동작구,30,개발자,38,여,2.0,50.0,0.0,21.0,27.0
7422,2516065,1174000,토스카드,49.0,광주 서구,30,생산직,31,남,56.0,4.0,2.0,5.0,33.0
7423,2637544,1399000,삼성 taptap카드,40.0,울산 남구,20,기획,25,남,12.0,11.0,9.0,34.0,34.0
7424,3005661,1024000,신한 Deep카드,56.0,경기 고양시,20,간호사,25,여,30.0,16.0,18.0,19.0,17.0
7425,2681036,1306000,NH 농협카드,44.0,경기 성남시,30,개발자,36,남,1.0,24.0,3.0,28.0,44.0
7426,2868511,990000,카카오뱅크 체크,49.0,서울 관악구,30,디자이너,33,여,12.0,17.0,0.0,43.0,28.0
7427,2379091,923000,이마트 KB카드,52.0,서울 서초구,30,공무원,31,여,5.0,24.0,47.0,23.0,1.0
7428,3646868,1012000,하나 Simple카드,59.0,대구 수성구,30,대학생,30,남,20.0,7.0,33.0,26.0,14.0
7429,1714255,797000,하나 Simple카드,68.0,경기 수원시,30,생산직,30,여,8.0,25.0,42.0,12.0,13.0
7430,1427243,938000,하나 Simple카드,65.0,경기 성남시,20,기획,28,남,17.0,30.0,32.0,2.0,19.0
7431,2054366,1217000,토스카드,42.0,세종,20,기획,28,여,2.0,4.0,14.0,73.0,7.0
7432,2377752,726000,우리 Young카드,66.0,인천 남동구,30,공무원,31,남,22.0,32.0,13.0,11.0,22.0
7433,2638303,1143000,씨티 Premier카드,69.0,서울 동작구,30,디자이너,38,남,9.0,45.0,13.0,17.0,16.0
7434,2140236,1277000,KB 혜담카드,45.0,서울 용산구,20,데이터분석가,26,여,6.0,19.0,35.0,35.0,5.0
7435,2860006,1699000,카카오뱅크 체크,72.0,대전 유성구,30,데이터분석가,34,여,31.0,1.0,39.0,16.0,13.0
7436,2296169,1796000,카카오뱅크 체크,73.0,서울 서초구,30,디자이너,37,여,44.0,1.0,25.0,26.0,4.0
7437,2088069,899000,현대 ZERO카드,60.0,경기 성남시,30,서비스직,36,여,40.0,15.0,21.0,4.0,20.0
7438,2074243,1391000,토스카드,44.0,서울 노원구,20,연구원,27,남,34.0,26.0,19.0,14.0,7.0
7439,1865427,1402000,카카오뱅크 체크,70.0,서울 강동구,20,마케팅,20,남,55.0,35.0,8.0,0.0,2.0
7440,1782997,2446000,삼성 taptap카드,81.0,경기 수원시,20,공무원,26,남,14.0,24.0,36.0,5.0,21.0
7441,1443491,1094000,토스카드,80.0,서울 송파구,20,컨설턴트,26,남,25.0,7.0,7.0,17.0,44.0
7442,3048634,627000,씨티 Premier카드,75.0,경기 성남시,30,생산직,33,남,34.0,1.0,4.0,45.0,16.0
7443,2215647,839000,삼성 taptap카드,66.0,서울 관악구,30,회계,32,여,30.0,0.0,39.0,23.0,8.0
7444,3676395,1639000,네이버페이 현대,82.0,서울 용산구,30,데이터분석가,32,남,67.0,20.0,6.0,4.0,3.0
7445,1526301,1119000,현대 ZERO카드,40.0,경기 성남시,20,공무원,24,남,15.0,11.0,37.0,5.0,32.0
7446,2620541,1304000,우리 Young카드,40.0,서울 마포구,30,영업,31,남,4.0,3.0,2.0,1.0,90.0
7447,3406453,1677000,씨티 Premier카드,58.0,경기 성남시,30,서비스직,36,여,52.0,8.0,15.0,17.0,8.0
7448,1780195,610000,씨티 Premier카드,68.0,대구 수성구,20,회계,23,여,38.0,34.0,13.0,1.0,14.0
7449,2381733,943000,씨티 Premier카드,57.0,서울 동작구,30,기획,34,여,3.0,45.0,10.0,31.0,11.0
7450,2148909,1101000,네이버페이 현대,41.0,대구 수성구,30,회계,33,남,33.0,37.0,12.0,11.0,7.0
7451,1575786,1014000,KB 혜담카드,45.0,경기 고양시,20,대학생,25,여,33.0,28.0,5.0,27.0,7.0
7452,3023655,728000,롯데 DC카드,46.0,서울 노원구,20,데이터분석가,24,남,12.0,11.0,5.0,34.0,38.0
7453,2585519,1458000,IBK 두드림카드,43.0,서울 송파구,30,공무원,39,여,6.0,2.0,52.0,36.0,4.0
7454,2566839,1037000,삼성 taptap카드,48.0,부산 해운대구,30,기획,36,여,0.0,5.0,35.0,27.0,33.0
7455,1812578,1768000,우리 Young카드,71.0,서울 강동구,30,개발자,32,남,22.0,23.0,12.0,39.0,4.0
7456,2429370,2282000,KB 혜담카드,72.0,서울 동작구,20,프리랜서,24,남,16.0,27.0,7.0,27.0,23.0
7457,3078710,2033000,카카오뱅크 체크,52.0,대전 유성구,30,데이터분석가,33,여,38.0,13.0,45.0,1.0,3.0
7458,2824738,1261000,IBK 두드림카드,69.0,서울 서초구,20,대학생,29,남,14.0,67.0,14.0,4.0,1.0
7459,2584166,914000,IBK 두드림카드,57.0,서울 송파구,20,컨설턴트,28,여,3.0,5.0,51.0,22.0,19.0
7460,2209360,1778000,SSG 랜더스카드,64.0,경기 성남시,30,공무원,30,남,19.0,20.0,9.0,32.0,20.0
7461,3219186,648000,현대 ZERO카드,65.0,대전 유성구,30,디자이너,33,남,17.0,19.0,10.0,4.0,50.0
7462,3467309,1452000,네이버페이 현대,48.0,서울 관악구,30,데이터분석가,39,남,10.0,26.0,12.0,11.0,41.0
7463,1743889,1430000,신한 Deep카드,47.0,서울 강동구,30,프리랜서,35,남,35.0,6.0,49.0,6.0,4.0
7464,1689360,1029000,현대 ZERO카드,40.0,서울 성동구,20,프리랜서,25,남,12.0,10.0,13.0,49.0,16.0
7465,2694078,874000,씨티 Premier카드,56.0,서울 노원구,20,디자이너,28,남,0.0,44.0,9.0,20.0,27.0
7466,2938022,1477000,현대 ZERO카드,77.0,서울 마포구,30,영업,35,여,26.0,13.0,1.0,40.0,20.0
7467,1915991,2079000,이마트 KB카드,61.0,경기 수원시,30,대학생,37,남,8.0,26.0,19.0,25.0,22.0
7468,2647510,1337000,하나 Simple카드,46.0,서울 강남구,20,컨설턴트,23,여,22.0,20.0,37.0,11.0,10.0
7469,2297651,1073000,씨티 Premier카드,74.0,서울 서초구,20,프리랜서,26,여,8.0,17.0,13.0,47.0,15.0
7470,2640504,714000,이마트 KB카드,76.0,울산 남구,20,서비스직,28,여,45.0,20.0,18.0,15.0,2.0
7471,1932739,1387000,카카오뱅크 체크,65.0,서울 마포구,20,간호사,28,남,15.0,6.0,35.0,20.0,24.0
7472,2572591,1920000,우리 Young카드,58.0,서울 강동구,20,컨설턴트,29,남,18.0,4.0,69.0,4.0,5.0
7473,2671914,1277000,우리 Young카드,41.0,울산 남구,20,개발자,24,남,27.0,3.0,9.0,17.0,44.0
7474,2074332,1934000,이마트 KB카드,76.0,서울 마포구,20,개발자,28,여,9.0,1.0,10.0,19.0,61.0
7475,2258876,1510000,토스카드,85.0,서울 서초구,20,데이터분석가,20,여,18.0,28.0,5.0,14.0,35.0
7476,2546034,1254000,신한 Deep카드,51.0,세종,30,디자이너,32,남,21.0,46.0,8.0,19.0,6.0
7477,3075819,1163000,삼성 taptap카드,73.0,광주 서구,20,데이터분석가,25,남,8.0,34.0,37.0,2.0,19.0
7478,2439864,1195000,토스카드,55.0,울산 남구,30,영업,31,여,61.0,6.0,4.0,10.0,19.0
7479,2354582,1118000,카카오뱅크 체크,59.0,서울 강동구,30,마케팅,30,남,10.0,12.0,30.0,32.0,16.0
7480,1892087,1088000,롯데 DC카드,63.0,세종,20,프리랜서,27,여,11.0,18.0,8.0,35.0,28.0
7481,2313385,849000,IBK 두드림카드,48.0,서울 용산구,20,기획,28,여,28.0,1.0,40.0,28.0,3.0
7482,2626665,1396000,우리 Young카드,72.0,서울 송파구,20,서비스직,28,여,25.0,36.0,3.0,17.0,19.0
7483,2064921,1608000,NH 농협카드,43.0,서울 마포구,30,디자이너,31,남,2.0,6.0,20.0,15.0,57.0
7484,4293362,758000,신한 Deep카드,79.0,서울 성동구,30,대학생,31,남,2.0,22.0,2.0,11.0,63.0
7485,2654337,1714000,현대 ZERO카드,48.0,세종,30,프리랜서,35,여,27.0,37.0,10.0,16.0,10.0
7486,2931967,1355000,NH 농협카드,78.0,서울 동작구,30,간호사,32,남,38.0,35.0,9.0,15.0,3.0
7487,2259629,1160000,네이버페이 현대,49.0,서울 관악구,20,기획,24,남,22.0,8.0,11.0,45.0,14.0
7488,2175858,1430000,카카오뱅크 체크,75.0,서울 서초구,20,프리랜서,24,여,8.0,3.0,83.0,4.0,2.0
7489,3008897,752000,우리 Young카드,40.0,서울 송파구,30,회계,31,여,6.0,15.0,34.0,38.0,7.0
7490,2246035,1310000,IBK 두드림카드,62.0,서울 서초구,20,데이터분석가,29,여,37.0,41.0,9.0,5.0,8.0
7491,2633525,1064000,하나 Simple카드,70.0,대구 수성구,20,마케팅,24,여,17.0,28.0,12.0,4.0,39.0
7492,2033076,1119000,우리 Young카드,54.0,경기 성남시,20,컨설턴트,21,남,3.0,37.0,13.0,11.0,36.0
7493,2347820,1549000,삼성 taptap카드,42.0,서울 용산구,20,연구원,27,남,18.0,8.0,39.0,2.0,33.0
7494,2098039,984000,토스카드,42.0,경기 수원시,30,프리랜서,33,여,2.0,13.0,28.0,56.0,1.0
7495,2858264,722000,현대 ZERO카드,64.0,대구 수성구,20,연구원,26,여,31.0,1.0,3.0,61.0,4.0
7496,1833126,964000,NH 농협카드,74.0,서울 성동구,20,개발자,23,남,2.0,48.0,21.0,26.0,3.0
7497,2772514,934000,NH 농협카드,82.0,부산 해운대구,30,영업,30,남,1.0,7.0,67.0,6.0,19.0
7498,2092519,1686000,카카오뱅크 체크,45.0,대전 유성구,20,영업,29,여,47.0,2.0,30.0,5.0,16.0
7499,2752234,1165000,씨티 Premier카드,54.0,인천 남동구,30,서비스직,31,남,27.0,36.0,18.0,8.0,11.0
7500,3505747,795000,KB 혜담카드,51.0,서울 용산구,30,공무원,33,남,25.0,13.0,51.0,10.0,1.0
7501,2091671,2164000,NH 농협카드,85.0,경기 고양시,20,컨설턴트,20,여,8.0,11.0,58.0,17.0,6.0
7502,3196962,1262000,SSG 랜더스카드,53.0,경기 성남시,30,서비스직,35,여,26.0,7.0,24.0,29.0,14.0
7503,2090762,1180000,네이버페이 현대,63.0,부산 해운대구,30,영업,32,여,9.0,23.0,33.0,35.0,0.0
7504,2334688,1542000,현대 ZERO카드,75.0,서울 강동구,20,연구원,27,남,11.0,16.0,4.0,17.0,52.0
7505,1862107,515000,우리 Young카드,58.0,세종,20,기획,25,여,1.0,22.0,43.0,8.0,26.0
7506,2710486,1118000,네이버페이 현대,42.0,대구 수성구,30,대학생,33,여,13.0,6.0,54.0,4.0,23.0
7507,2242025,819000,네이버페이 현대,56.0,서울 강남구,20,컨설턴트,26,여,29.0,48.0,0.0,2.0,21.0
7508,2172468,1095000,신한 Deep카드,51.0,대전 유성구,20,생산직,27,여,3.0,57.0,12.0,12.0,16.0
7509,3831932,1213000,현대 ZERO카드,41.0,광주 서구,30,서비스직,30,남,5.0,2.0,75.0,12.0,6.0
7510,2541960,1045000,하나 Simple카드,55.0,서울 강동구,30,공무원,35,남,13.0,22.0,33.0,26.0,6.0
7511,2543257,902000,SSG 랜더스카드,55.0,서울 관악구,20,개발자,29,남,11.0,15.0,8.0,66.0,0.0
7512,1865520,1193000,신한 Deep카드,72.0,대구 수성구,20,개발자,27,남,16.0,7.0,48.0,26.0,3.0
7513,2306342,1277000,우리 Young카드,41.0,울산 남구,20,개발자,24,여,27.0,3.0,9.0,17.0,44.0
7514,1652212,780000,카카오뱅크 체크,52.0,경기 고양시,20,생산직,26,여,13.0,28.0,20.0,6.0,33.0
7515,1918741,1169000,이마트 KB카드,44.0,대구 수성구,20,생산직,29,여,54.0,13.0,7.0,11.0,15.0
7516,2208928,880000,토스카드,67.0,서울 동작구,20,디자이너,28,여,30.0,24.0,11.0,22.0,13.0
7517,3157324,905000,현대 ZERO카드,64.0,울산 남구,20,간호사,29,남,10.0,35.0,39.0,9.0,7.0
7518,3070562,1615000,현대 ZERO카드,71.0,서울 강남구,30,영업,37,남,19.0,34.0,4.0,11.0,32.0
7519,3077334,1578000,NH 농협카드,83.0,서울 노원구,20,마케팅,29,남,47.0,37.0,8.0,6.0,2.0
7520,3154226,2666000,이마트 KB카드,43.0,서울 용산구,30,공무원,39,남,0.0,23.0,56.0,15.0,6.0
7521,2729041,1003000,네이버페이 현대,57.0,세종,30,서비스직,31,남,7.0,32.0,6.0,34.0,21.0
7522,3269678,1092000,씨티 Premier카드,46.0,대구 수성구,30,영업,31,여,17.0,62.0,5.0,11.0,5.0
7523,2718508,1051000,NH 농협카드,64.0,대구 수성구,30,개발자,32,여,13.0,5.0,1.0,50.0,31.0
7524,2550094,1014000,우리 Young카드,64.0,대구 수성구,30,간호사,32,남,4.0,9.0,24.0,32.0,31.0
7525,2485285,1198000,씨티 Premier카드,60.0,경기 고양시,20,영업,26,남,38.0,7.0,6.0,46.0,3.0
7526,2103702,936000,삼성 taptap카드,82.0,대구 수성구,20,생산직,25,여,7.0,14.0,4.0,36.0,39.0
7527,1255482,774000,SSG 랜더스카드,67.0,인천 남동구,20,기획,27,남,0.0,56.0,36.0,6.0,2.0
7528,2967986,1573000,신한 Deep카드,85.0,서울 강남구,30,간호사,32,여,13.0,6.0,45.0,35.0,1.0
7529,2797467,707000,SSG 랜더스카드,55.0,서울 노원구,20,컨설턴트,26,여,32.0,47.0,0.0,1.0,20.0
7530,3168971,1544000,롯데 DC카드,70.0,서울 강남구,20,대학생,21,여,8.0,9.0,29.0,40.0,14.0
7531,3295500,1820000,씨티 Premier카드,74.0,세종,30,회계,32,남,5.0,48.0,14.0,27.0,6.0
7532,2125638,2220000,NH 농협카드,85.0,서울 마포구,20,생산직,25,여,23.0,2.0,22.0,30.0,23.0
7533,2667494,1182000,현대 ZERO카드,51.0,대구 수성구,20,생산직,29,남,23.0,4.0,30.0,27.0,16.0
7534,2924910,1208000,하나 Simple카드,71.0,서울 관악구,30,공무원,30,여,22.0,8.0,3.0,58.0,9.0
7535,4146796,1447000,NH 농협카드,73.0,대전 유성구,30,디자이너,31,남,17.0,9.0,40.0,5.0,29.0
7536,2227686,767000,씨티 Premier카드,42.0,경기 수원시,20,회계,26,남,42.0,19.0,10.0,8.0,21.0
7537,2417210,1887000,IBK 두드림카드,55.0,서울 동작구,30,영업,34,여,26.0,2.0,11.0,6.0,55.0
7538,2142227,1385000,우리 Young카드,75.0,대구 수성구,30,프리랜서,38,여,11.0,2.0,35.0,1.0,51.0
7539,2518731,1141000,하나 Simple카드,48.0,서울 마포구,20,회계,25,여,40.0,27.0,22.0,5.0,6.0
7540,1725869,2365000,이마트 KB카드,78.0,부산 해운대구,30,컨설턴트,33,여,17.0,73.0,1.0,5.0,4.0
7541,2638043,1239000,하나 Simple카드,55.0,경기 수원시,20,기획,27,여,33.0,22.0,6.0,1.0,38.0
7542,3411484,1493000,우리 Young카드,66.0,경기 수원시,30,간호사,33,남,8.0,9.0,13.0,57.0,13.0
7543,2792535,1562000,롯데 DC카드,78.0,서울 송파구,30,연구원,34,여,10.0,8.0,70.0,12.0,0.0
7544,2319112,1071000,삼성 taptap카드,77.0,세종,20,생산직,22,여,23.0,18.0,52.0,5.0,2.0
7545,3266489,1095000,현대 ZERO카드,51.0,서울 동작구,30,개발자,39,여,3.0,4.0,7.0,77.0,9.0
7546,2685996,1383000,이마트 KB카드,59.0,서울 강남구,20,데이터분석가,29,여,14.0,13.0,14.0,48.0,11.0
7547,2575045,1558000,네이버페이 현대,66.0,세종,30,프리랜서,35,남,14.0,11.0,3.0,71.0,1.0
7548,1955410,1009000,KB 혜담카드,50.0,경기 고양시,20,기획,27,여,19.0,29.0,23.0,9.0,20.0
7549,2384228,1706000,네이버페이 현대,62.0,서울 성동구,30,컨설턴트,30,남,0.0,57.0,23.0,3.0,17.0
7550,3385898,1494000,토스카드,58.0,서울 서초구,30,연구원,30,남,1.0,36.0,4.0,35.0,24.0
7551,1999930,634000,현대 ZERO카드,77.0,광주 서구,30,마케팅,37,여,22.0,12.0,37.0,29.0,0.0
7552,2791696,1424000,SSG 랜더스카드,62.0,서울 마포구,20,마케팅,28,남,23.0,11.0,20.0,34.0,12.0
7553,3161486,1863000,현대 ZERO카드,67.0,서울 강남구,30,간호사,31,여,1.0,26.0,50.0,13.0,10.0
7554,1810491,1270000,삼성 taptap카드,70.0,대구 수성구,20,영업,21,남,43.0,35.0,1.0,1.0,20.0
7555,2157225,1306000,네이버페이 현대,52.0,서울 강동구,20,회계,20,남,8.0,28.0,8.0,42.0,14.0
7556,2258310,1606000,SSG 랜더스카드,50.0,대구 수성구,20,디자이너,29,여,16.0,70.0,5.0,3.0,6.0
7557,2941991,818000,이마트 KB카드,80.0,부산 해운대구,30,영업,39,여,34.0,13.0,18.0,1.0,34.0
7558,3304671,1437000,씨티 Premier카드,44.0,서울 서초구,30,데이터분석가,33,여,1.0,19.0,38.0,38.0,4.0
7559,1407253,1309000,이마트 KB카드,54.0,경기 성남시,20,공무원,27,여,14.0,6.0,16.0,28.0,36.0
7560,2340909,1587000,삼성 taptap카드,63.0,서울 마포구,30,간호사,32,여,22.0,32.0,23.0,7.0,16.0
7561,2116991,1112000,SSG 랜더스카드,61.0,광주 서구,20,마케팅,28,남,32.0,9.0,6.0,8.0,45.0
7562,1549665,834000,토스카드,75.0,서울 송파구,20,간호사,29,남,19.0,8.0,4.0,15.0,54.0
7563,2007444,1563000,씨티 Premier카드,47.0,경기 수원시,20,간호사,25,남,27.0,13.0,32.0,7.0,21.0
7564,2463884,1810000,하나 Simple카드,85.0,서울 용산구,20,대학생,29,여,3.0,52.0,16.0,11.0,18.0
7565,2360660,1897000,IBK 두드림카드,40.0,서울 강동구,30,개발자,32,여,29.0,6.0,2.0,29.0,34.0
7566,1477689,1044000,이마트 KB카드,77.0,부산 해운대구,20,생산직,29,남,5.0,58.0,10.0,7.0,20.0
7567,3937041,980000,삼성 taptap카드,44.0,울산 남구,30,영업,30,여,61.0,4.0,8.0,11.0,16.0
7568,2383088,2264000,우리 Young카드,65.0,서울 동작구,20,프리랜서,25,여,0.0,45.0,13.0,7.0,35.0
7569,3078185,2302000,IBK 두드림카드,67.0,대전 유성구,30,디자이너,36,남,18.0,0.0,20.0,21.0,41.0
7570,1701036,1044000,네이버페이 현대,58.0,대구 수성구,20,컨설턴트,29,남,1.0,3.0,23.0,9.0,64.0
7571,2630353,807000,IBK 두드림카드,74.0,대구 수성구,30,디자이너,31,여,1.0,0.0,36.0,25.0,38.0
7572,2417893,1516000,KB 혜담카드,50.0,서울 강동구,30,프리랜서,30,여,24.0,23.0,12.0,12.0,29.0
7573,1305738,751000,하나 Simple카드,67.0,부산 해운대구,20,공무원,29,여,13.0,19.0,19.0,11.0,38.0
7574,1714872,880000,SSG 랜더스카드,61.0,서울 서초구,20,생산직,20,남,58.0,2.0,0.0,11.0,29.0
7575,2647463,1387000,카카오뱅크 체크,65.0,서울 마포구,20,간호사,28,여,15.0,6.0,35.0,20.0,24.0
7576,3222008,1416000,신한 Deep카드,66.0,서울 노원구,20,간호사,28,남,18.0,10.0,3.0,67.0,2.0
7577,2433582,974000,NH 농협카드,57.0,서울 마포구,20,간호사,28,남,19.0,33.0,41.0,4.0,3.0
7578,2801541,778000,KB 혜담카드,67.0,서울 용산구,20,공무원,28,여,34.0,26.0,0.0,24.0,16.0
7579,2172122,819000,이마트 KB카드,42.0,서울 동작구,20,서비스직,24,남,23.0,14.0,8.0,16.0,39.0
7580,2456726,1071000,IBK 두드림카드,51.0,경기 수원시,30,영업,34,여,1.0,5.0,4.0,81.0,9.0
7581,2795489,2068000,현대 ZERO카드,50.0,인천 남동구,20,회계,24,남,4.0,47.0,44.0,4.0,1.0
7582,3331388,1394000,삼성 taptap카드,70.0,경기 성남시,30,디자이너,33,여,18.0,13.0,36.0,10.0,23.0
7583,3150548,1344000,이마트 KB카드,64.0,경기 고양시,30,개발자,35,여,7.0,11.0,41.0,5.0,36.0
7584,1716818,1287000,IBK 두드림카드,43.0,서울 성동구,20,연구원,25,남,2.0,7.0,56.0,3.0,32.0
7585,2216520,570000,현대 ZERO카드,69.0,서울 노원구,20,생산직,22,여,13.0,3.0,40.0,29.0,15.0
7586,3194267,645000,롯데 DC카드,58.0,세종,30,영업,36,남,10.0,19.0,8.0,49.0,14.0
7587,2120161,1024000,롯데 DC카드,47.0,부산 해운대구,20,프리랜서,27,여,9.0,22.0,2.0,49.0,18.0
7588,2443928,1227000,KB 혜담카드,57.0,경기 수원시,20,서비스직,24,남,19.0,46.0,19.0,7.0,9.0
7589,2660288,1093000,토스카드,61.0,서울 서초구,20,대학생,23,남,41.0,10.0,1.0,37.0,11.0
7590,3701966,1378000,IBK 두드림카드,54.0,서울 성동구,30,데이터분석가,31,남,29.0,34.0,14.0,3.0,20.0
7591,3092935,2157000,롯데 DC카드,85.0,서울 송파구,20,생산직,27,남,10.0,2.0,13.0,59.0,16.0
7592,2085279,1564000,SSG 랜더스카드,51.0,세종,20,디자이너,26,여,10.0,29.0,9.0,39.0,13.0
7593,1567983,1261000,현대 ZERO카드,57.0,광주 서구,20,마케팅,23,남,3.0,5.0,10.0,20.0,62.0
7594,2429117,1315000,하나 Simple카드,60.0,경기 고양시,20,연구원,22,남,35.0,47.0,10.0,1.0,7.0
7595,3191905,1144000,이마트 KB카드,51.0,서울 동작구,20,대학생,25,남,22.0,16.0,29.0,31.0,2.0
7596,2011512,1181000,현대 ZERO카드,82.0,서울 노원구,20,공무원,20,남,35.0,23.0,5.0,36.0,1.0
7597,2593423,1135000,씨티 Premier카드,52.0,서울 관악구,20,개발자,27,여,6.0,11.0,70.0,6.0,7.0
7598,2597872,646000,IBK 두드림카드,78.0,울산 남구,20,대학생,29,여,33.0,21.0,4.0,26.0,16.0
7599,2345721,1235000,우리 Young카드,63.0,울산 남구,20,디자이너,28,남,78.0,0.0,7.0,5.0,10.0
7600,2503462,715000,IBK 두드림카드,42.0,경기 성남시,30,개발자,39,여,52.0,13.0,0.0,28.0,7.0
7601,1788285,803000,신한 Deep카드,81.0,대전 유성구,20,개발자,24,여,17.0,3.0,79.0,0.0,1.0
7602,1109168,1916000,삼성 taptap카드,71.0,서울 강남구,20,개발자,29,남,15.0,19.0,0.0,27.0,39.0
7603,1694074,1492000,롯데 DC카드,67.0,경기 성남시,20,개발자,29,여,4.0,45.0,18.0,1.0,32.0
7604,2304847,746000,롯데 DC카드,78.0,서울 노원구,30,컨설턴트,37,여,26.0,7.0,5.0,15.0,47.0
7605,2798711,1046000,NH 농협카드,56.0,서울 강동구,20,회계,21,여,2.0,25.0,17.0,55.0,1.0
7606,2198435,1060000,KB 혜담카드,72.0,서울 강남구,20,대학생,29,여,14.0,3.0,28.0,0.0,55.0
7607,2636681,825000,SSG 랜더스카드,74.0,경기 성남시,30,데이터분석가,31,남,18.0,23.0,23.0,29.0,7.0
7608,2054507,880000,신한 Deep카드,85.0,대전 유성구,30,개발자,32,여,45.0,2.0,38.0,13.0,2.0
7609,2828402,797000,SSG 랜더스카드,53.0,경기 수원시,30,마케팅,32,여,3.0,5.0,38.0,19.0,35.0
7610,3950850,2028000,씨티 Premier카드,84.0,서울 강동구,30,개발자,37,남,13.0,56.0,2.0,17.0,12.0
7611,3031717,1209000,토스카드,71.0,세종,30,기획,36,여,4.0,41.0,4.0,11.0,40.0
7612,2553074,1238000,이마트 KB카드,41.0,대전 유성구,20,연구원,27,남,3.0,9.0,69.0,19.0,0.0
7613,1512193,1406000,카카오뱅크 체크,44.0,대구 수성구,20,연구원,22,여,18.0,10.0,11.0,3.0,58.0
7614,2074162,1918000,우리 Young카드,62.0,경기 수원시,20,영업,28,여,14.0,55.0,13.0,8.0,10.0
7615,3223652,1099000,토스카드,44.0,서울 용산구,20,공무원,29,남,4.0,32.0,17.0,16.0,31.0
7616,2810975,975000,이마트 KB카드,50.0,인천 남동구,20,마케팅,28,남,3.0,71.0,0.0,21.0,5.0
7617,1481248,1339000,삼성 taptap카드,65.0,서울 동작구,20,대학생,25,여,1.0,14.0,42.0,22.0,21.0
7618,2222204,1512000,삼성 taptap카드,85.0,대구 수성구,20,마케팅,27,남,19.0,52.0,14.0,14.0,1.0
7619,2431549,1698000,NH 농협카드,73.0,울산 남구,20,회계,28,남,36.0,46.0,9.0,7.0,2.0
7620,1868920,1435000,현대 ZERO카드,76.0,세종,20,디자이너,24,남,4.0,21.0,0.0,50.0,25.0
7621,1095397,1341000,롯데 DC카드,71.0,대전 유성구,20,개발자,28,남,13.0,6.0,0.0,13.0,68.0
7622,3069176,1392000,네이버페이 현대,84.0,경기 수원시,30,회계,34,남,14.0,5.0,5.0,35.0,41.0
7623,2448569,1174000,토스카드,49.0,광주 서구,30,생산직,31,남,56.0,4.0,2.0,5.0,33.0
7624,2451310,890000,카카오뱅크 체크,45.0,대전 유성구,30,기획,31,남,2.0,3.0,12.0,1.0,82.0
7625,2322659,1890000,삼성 taptap카드,75.0,서울 성동구,30,마케팅,33,여,2.0,35.0,11.0,10.0,42.0
7626,2183162,1329000,이마트 KB카드,55.0,경기 성남시,20,생산직,22,여,32.0,14.0,4.0,36.0,14.0
7627,2245458,1192000,롯데 DC카드,81.0,대전 유성구,20,회계,26,남,20.0,0.0,54.0,20.0,6.0
7628,2381207,1055000,삼성 taptap카드,71.0,경기 수원시,30,마케팅,30,남,37.0,12.0,19.0,21.0,11.0
7629,2139895,2203000,삼성 taptap카드,72.0,서울 강남구,20,데이터분석가,28,여,31.0,12.0,15.0,28.0,14.0
7630,1371288,1230000,우리 Young카드,66.0,서울 송파구,20,개발자,23,남,0.0,18.0,60.0,3.0,19.0
7631,3217727,1125000,네이버페이 현대,54.0,울산 남구,30,생산직,33,남,11.0,32.0,9.0,42.0,6.0
7632,1000000,1181000,카카오뱅크 체크,54.0,대전 유성구,20,생산직,23,남,29.0,36.0,6.0,12.0,17.0
7633,2355254,1571000,SSG 랜더스카드,48.0,서울 용산구,30,생산직,38,여,11.0,1.0,22.0,34.0,32.0
7634,2959593,744000,하나 Simple카드,53.0,울산 남구,30,간호사,34,여,66.0,4.0,23.0,6.0,1.0
7635,1720329,2364000,우리 Young카드,78.0,광주 서구,20,대학생,24,여,6.0,4.0,40.0,34.0,16.0
7636,2858215,2549000,롯데 DC카드,53.0,서울 송파구,30,공무원,30,여,6.0,61.0,8.0,17.0,8.0
7637,2827866,827000,카카오뱅크 체크,82.0,서울 용산구,20,마케팅,20,여,46.0,16.0,2.0,4.0,32.0
7638,1000000,1034000,KB 혜담카드,85.0,서울 관악구,30,공무원,35,남,30.0,24.0,3.0,10.0,33.0
7639,2424318,1965000,현대 ZERO카드,56.0,서울 노원구,30,프리랜서,36,여,0.0,13.0,20.0,28.0,39.0
7640,1000000,1539000,SSG 랜더스카드,64.0,울산 남구,30,기획,30,남,47.0,7.0,3.0,18.0,25.0
7641,2190895,1805000,IBK 두드림카드,62.0,서울 강동구,20,공무원,26,여,20.0,35.0,2.0,8.0,35.0
7642,2496414,934000,NH 농협카드,82.0,부산 해운대구,30,영업,30,여,1.0,7.0,67.0,6.0,19.0
7643,1258728,980000,SSG 랜더스카드,48.0,서울 용산구,30,연구원,35,여,38.0,13.0,9.0,1.0,39.0
7644,4347386,968000,NH 농협카드,82.0,대구 수성구,30,생산직,39,남,26.0,10.0,52.0,11.0,1.0
7645,2393007,1383000,하나 Simple카드,80.0,울산 남구,20,컨설턴트,28,남,26.0,3.0,18.0,1.0,52.0
7646,2075488,954000,롯데 DC카드,47.0,광주 서구,30,기획,30,여,18.0,20.0,23.0,9.0,30.0
7647,2982689,1871000,KB 혜담카드,74.0,서울 성동구,20,기획,23,여,22.0,65.0,3.0,7.0,3.0
7648,1602193,1639000,네이버페이 현대,82.0,서울 용산구,30,데이터분석가,32,여,67.0,20.0,6.0,4.0,3.0
7649,1635414,1525000,롯데 DC카드,46.0,서울 송파구,20,공무원,27,남,4.0,15.0,36.0,7.0,38.0
7650,1100272,1238000,이마트 KB카드,41.0,대전 유성구,20,연구원,27,여,3.0,9.0,69.0,19.0,0.0
7651,3150522,985000,롯데 DC카드,62.0,서울 노원구,20,마케팅,25,여,31.0,0.0,23.0,23.0,23.0
7652,2666173,850000,NH 농협카드,67.0,대전 유성구,30,디자이너,35,여,16.0,19.0,17.0,44.0,4.0
7653,2829700,1106000,롯데 DC카드,47.0,인천 남동구,30,컨설턴트,35,여,34.0,19.0,8.0,39.0,0.0
7654,2400500,1157000,이마트 KB카드,54.0,경기 성남시,20,개발자,25,여,26.0,9.0,30.0,35.0,0.0
7655,2786883,786000,하나 Simple카드,74.0,광주 서구,30,서비스직,33,여,1.0,71.0,11.0,9.0,8.0
7656,2289038,938000,현대 ZERO카드,47.0,울산 남구,20,서비스직,26,여,1.0,7.0,0.0,86.0,6.0
7657,2385460,1820000,카카오뱅크 체크,60.0,서울 관악구,20,컨설턴트,28,여,5.0,17.0,15.0,55.0,8.0
7658,2303801,1253000,씨티 Premier카드,60.0,부산 해운대구,20,회계,28,남,2.0,57.0,16.0,23.0,2.0
7659,2573985,1239000,하나 Simple카드,51.0,대전 유성구,30,기획,30,남,18.0,10.0,27.0,33.0,12.0
7660,2226687,1704000,신한 Deep카드,62.0,부산 해운대구,20,데이터분석가,24,여,1.0,20.0,30.0,34.0,15.0
7661,2386797,1416000,토스카드,64.0,부산 해운대구,20,연구원,25,여,10.0,7.0,19.0,43.0,21.0
7662,2305274,1660000,우리 Young카드,47.0,경기 성남시,20,영업,23,여,6.0,26.0,17.0,1.0,50.0
7663,1965559,1630000,롯데 DC카드,63.0,서울 용산구,30,영업,36,남,27.0,46.0,8.0,8.0,11.0
7664,1577506,1030000,하나 Simple카드,60.0,서울 강남구,20,공무원,27,남,44.0,14.0,28.0,5.0,9.0
7665,3041420,715000,IBK 두드림카드,42.0,경기 성남시,30,개발자,39,여,52.0,13.0,0.0,28.0,7.0
7666,2096502,1734000,KB 혜담카드,61.0,서울 강남구,20,기획,24,여,2.0,7.0,16.0,1.0,74.0
7667,3409307,1569000,하나 Simple카드,59.0,인천 남동구,30,회계,33,남,27.0,3.0,8.0,13.0,49.0
7668,2235516,1771000,신한 Deep카드,43.0,세종,30,연구원,36,남,4.0,12.0,62.0,7.0,15.0
7669,1763427,904000,IBK 두드림카드,61.0,서울 송파구,30,공무원,34,여,15.0,37.0,20.0,15.0,13.0
7670,1828201,856000,우리 Young카드,63.0,서울 강동구,20,기획,25,남,7.0,4.0,34.0,52.0,3.0
7671,2138717,1569000,신한 Deep카드,60.0,경기 고양시,20,마케팅,27,여,44.0,5.0,25.0,23.0,3.0
7672,1917429,1977000,SSG 랜더스카드,78.0,울산 남구,20,데이터분석가,29,남,54.0,12.0,13.0,8.0,13.0
7673,2896966,1302000,신한 Deep카드,55.0,서울 서초구,20,기획,20,여,2.0,19.0,3.0,32.0,44.0
7674,2339761,792000,SSG 랜더스카드,64.0,인천 남동구,20,영업,24,여,3.0,9.0,53.0,16.0,19.0
7675,3174469,1629000,토스카드,63.0,서울 동작구,20,프리랜서,20,여,1.0,13.0,21.0,63.0,2.0
7676,3283085,1125000,하나 Simple카드,70.0,인천 남동구,30,컨설턴트,30,남,4.0,16.0,11.0,11.0,58.0
7677,1043724,1262000,KB 혜담카드,80.0,부산 해운대구,20,개발자,25,여,4.0,17.0,29.0,22.0,28.0
7678,3739229,720000,카카오뱅크 체크,56.0,세종,30,기획,33,남,46.0,4.0,13.0,36.0,1.0
7679,1943313,1083000,이마트 KB카드,81.0,서울 성동구,30,대학생,31,남,3.0,50.0,40.0,1.0,6.0
7680,2615266,1262000,KB 혜담카드,70.0,서울 동작구,30,컨설턴트,37,여,13.0,24.0,1.0,37.0,25.0
7681,2112657,1717000,롯데 DC카드,43.0,서울 노원구,30,디자이너,39,여,13.0,19.0,14.0,20.0,34.0
7682,3321355,1789000,하나 Simple카드,40.0,울산 남구,20,마케팅,28,여,9.0,21.0,33.0,19.0,18.0
7683,2969798,1802000,NH 농협카드,81.0,서울 마포구,20,대학생,27,남,2.0,18.0,39.0,21.0,20.0
7684,2480725,1566000,우리 Young카드,42.0,부산 해운대구,30,회계,37,남,6.0,29.0,33.0,11.0,21.0
7685,2910849,1275000,IBK 두드림카드,51.0,서울 용산구,30,공무원,32,남,13.0,12.0,2.0,32.0,41.0
7686,2622299,1073000,신한 Deep카드,42.0,대전 유성구,30,서비스직,39,여,9.0,39.0,29.0,10.0,13.0
7687,2931707,2063000,신한 Deep카드,43.0,서울 송파구,30,회계,38,여,50.0,20.0,11.0,6.0,13.0
7688,2264575,1504000,SSG 랜더스카드,42.0,인천 남동구,20,공무원,25,여,4.0,14.0,68.0,2.0,12.0
7689,1987552,1216000,네이버페이 현대,78.0,서울 성동구,30,디자이너,30,여,18.0,54.0,1.0,17.0,10.0
7690,2497708,2489000,롯데 DC카드,47.0,인천 남동구,30,대학생,39,남,23.0,17.0,17.0,16.0,27.0
7691,2996862,979000,우리 Young카드,78.0,서울 노원구,30,대학생,34,남,9.0,23.0,31.0,34.0,3.0
7692,2867228,1795000,NH 농협카드,68.0,대전 유성구,20,공무원,29,남,25.0,13.0,13.0,41.0,8.0
7693,3299486,1100000,신한 Deep카드,63.0,서울 용산구,30,개발자,30,남,30.0,28.0,32.0,9.0,1.0
7694,1863292,880000,토스카드,67.0,서울 동작구,20,디자이너,28,남,30.0,24.0,11.0,22.0,13.0
7695,2824186,1666000,하나 Simple카드,84.0,서울 노원구,30,마케팅,32,여,34.0,9.0,31.0,24.0,2.0
7696,2056507,1868000,NH 농협카드,81.0,서울 마포구,20,대학생,28,남,16.0,1.0,61.0,17.0,5.0
7697,2695204,1594000,SSG 랜더스카드,65.0,부산 해운대구,20,회계,20,여,21.0,3.0,3.0,59.0,14.0
7698,3513505,1005000,현대 ZERO카드,40.0,대구 수성구,20,생산직,27,남,58.0,8.0,3.0,27.0,4.0
7699,2320586,684000,신한 Deep카드,71.0,서울 강남구,30,기획,39,여,21.0,11.0,2.0,17.0,49.0
7700,2650802,962000,현대 ZERO카드,60.0,서울 서초구,20,대학생,27,여,42.0,14.0,5.0,36.0,3.0
7701,1877303,1056000,롯데 DC카드,44.0,서울 성동구,20,서비스직,28,여,2.0,41.0,32.0,22.0,3.0
7702,2193868,1215000,IBK 두드림카드,79.0,인천 남동구,20,개발자,27,남,1.0,34.0,29.0,17.0,19.0
7703,2514781,582000,KB 혜담카드,79.0,경기 성남시,30,생산직,31,여,10.0,22.0,34.0,3.0,31.0
7704,2153158,1883000,롯데 DC카드,50.0,서울 용산구,20,프리랜서,28,여,3.0,42.0,28.0,24.0,3.0
7705,3481506,1189000,신한 Deep카드,50.0,서울 노원구,20,생산직,26,남,6.0,33.0,17.0,8.0,36.0
7706,2785384,1293000,씨티 Premier카드,67.0,경기 고양시,30,서비스직,34,남,9.0,44.0,33.0,11.0,3.0
7707,2543425,565000,롯데 DC카드,48.0,부산 해운대구,20,개발자,23,남,48.0,3.0,43.0,1.0,5.0
7708,1284956,1014000,씨티 Premier카드,66.0,서울 마포구,20,컨설턴트,24,여,3.0,35.0,24.0,2.0,36.0
7709,2465998,768000,롯데 DC카드,40.0,서울 송파구,20,서비스직,29,여,34.0,7.0,19.0,33.0,7.0
7710,2821027,1252000,NH 농협카드,55.0,서울 서초구,20,디자이너,21,여,1.0,17.0,13.0,69.0,0.0
7711,1986201,1928000,네이버페이 현대,65.0,서울 강남구,20,서비스직,24,남,27.0,19.0,10.0,10.0,34.0
7712,1242844,850000,우리 Young카드,53.0,서울 용산구,30,연구원,31,남,8.0,28.0,39.0,12.0,13.0
7713,2230674,1202000,토스카드,57.0,광주 서구,20,연구원,29,여,26.0,54.0,15.0,3.0,2.0
7714,3012028,1473000,씨티 Premier카드,55.0,서울 강동구,30,마케팅,38,남,30.0,17.0,24.0,5.0,24.0
7715,2862037,1491000,네이버페이 현대,55.0,서울 성동구,30,연구원,31,여,1.0,35.0,11.0,35.0,18.0
7716,3255451,822000,네이버페이 현대,71.0,경기 성남시,20,프리랜서,29,여,27.0,40.0,2.0,4.0,27.0
7717,2059973,1061000,씨티 Premier카드,53.0,서울 송파구,20,간호사,25,남,15.0,11.0,23.0,7.0,44.0
7718,1821855,1386000,씨티 Premier카드,82.0,서울 동작구,20,기획,26,여,3.0,7.0,27.0,39.0,24.0
7719,2183157,1630000,신한 Deep카드,72.0,경기 성남시,30,마케팅,32,남,6.0,23.0,7.0,4.0,60.0
7720,2599039,1591000,씨티 Premier카드,53.0,울산 남구,30,기획,35,여,16.0,42.0,2.0,5.0,35.0
7721,2489677,1386000,씨티 Premier카드,82.0,서울 동작구,20,기획,26,남,3.0,7.0,27.0,39.0,24.0
7722,2227172,2305000,씨티 Premier카드,60.0,경기 성남시,30,컨설턴트,32,여,7.0,6.0,25.0,32.0,30.0
7723,2639341,1006000,신한 Deep카드,47.0,서울 노원구,20,컨설턴트,28,남,52.0,13.0,18.0,4.0,13.0
7724,3325768,788000,우리 Young카드,59.0,서울 노원구,30,서비스직,30,남,12.0,0.0,13.0,22.0,53.0
7725,2521615,1889000,하나 Simple카드,76.0,광주 서구,30,디자이너,34,여,6.0,4.0,48.0,40.0,2.0
7726,2368309,1151000,신한 Deep카드,56.0,서울 성동구,30,디자이너,32,남,23.0,0.0,27.0,3.0,47.0
7727,2259067,1064000,현대 ZERO카드,44.0,광주 서구,30,기획,35,여,13.0,7.0,17.0,57.0,6.0
7728,1035122,541000,이마트 KB카드,52.0,서울 송파구,20,연구원,21,남,24.0,21.0,42.0,7.0,6.0
7729,2367893,1589000,우리 Young카드,63.0,경기 성남시,20,간호사,29,여,3.0,61.0,19.0,12.0,5.0
7730,3018438,1964000,토스카드,42.0,서울 용산구,30,기획,36,남,39.0,35.0,5.0,1.0,20.0
7731,2344239,1100000,하나 Simple카드,63.0,광주 서구,20,공무원,25,여,17.0,34.0,16.0,25.0,8.0
7732,2502159,916000,이마트 KB카드,84.0,서울 동작구,20,연구원,22,남,22.0,20.0,11.0,37.0,10.0
7733,3270075,1542000,삼성 taptap카드,53.0,대구 수성구,30,공무원,35,남,20.0,12.0,6.0,7.0,55.0
7734,2922731,1301000,KB 혜담카드,69.0,서울 서초구,30,디자이너,33,남,23.0,6.0,6.0,53.0,12.0
7735,2524334,1064000,현대 ZERO카드,44.0,광주 서구,30,기획,35,여,13.0,7.0,17.0,57.0,6.0
7736,1547841,1019000,SSG 랜더스카드,69.0,대구 수성구,20,기획,23,남,4.0,59.0,18.0,15.0,4.0
7737,1958139,1026000,삼성 taptap카드,47.0,대전 유성구,20,회계,26,여,62.0,0.0,8.0,21.0,9.0
7738,2525235,1000000,삼성 taptap카드,60.0,인천 남동구,30,기획,30,여,40.0,21.0,11.0,24.0,4.0
7739,1882073,702000,IBK 두드림카드,40.0,세종,20,데이터분석가,27,남,16.0,13.0,40.0,13.0,18.0
7740,2930075,1402000,IBK 두드림카드,65.0,대전 유성구,30,마케팅,32,여,66.0,1.0,0.0,23.0,10.0
7741,2538957,1045000,SSG 랜더스카드,72.0,서울 성동구,30,프리랜서,35,남,25.0,2.0,9.0,45.0,19.0
7742,3151413,1364000,현대 ZERO카드,57.0,인천 남동구,30,컨설턴트,31,남,18.0,35.0,7.0,32.0,8.0
7743,2308282,2067000,삼성 taptap카드,70.0,세종,20,디자이너,27,여,6.0,27.0,4.0,63.0,0.0
7744,2873138,664000,IBK 두드림카드,67.0,부산 해운대구,30,개발자,30,여,2.0,2.0,23.0,69.0,4.0
7745,2700395,1326000,SSG 랜더스카드,60.0,서울 관악구,20,공무원,28,여,4.0,17.0,33.0,12.0,34.0
7746,2597016,975000,IBK 두드림카드,66.0,인천 남동구,20,회계,27,남,0.0,14.0,24.0,37.0,25.0
7747,1196996,1146000,KB 혜담카드,55.0,서울 노원구,20,프리랜서,26,남,31.0,13.0,32.0,1.0,23.0
7748,2847074,1885000,현대 ZERO카드,79.0,서울 마포구,20,컨설턴트,26,남,4.0,45.0,0.0,4.0,47.0
7749,3013654,988000,우리 Young카드,47.0,경기 수원시,20,마케팅,29,여,20.0,24.0,19.0,16.0,21.0
7750,2258937,1021000,이마트 KB카드,66.0,서울 서초구,30,기획,32,여,0.0,76.0,6.0,2.0,16.0
7751,2618323,1364000,씨티 Premier카드,50.0,울산 남구,30,서비스직,30,여,16.0,17.0,3.0,7.0,57.0
7752,2376417,848000,NH 농협카드,84.0,서울 관악구,30,연구원,37,남,11.0,3.0,7.0,43.0,36.0
7753,1275810,957000,롯데 DC카드,63.0,경기 고양시,20,대학생,22,남,15.0,12.0,5.0,54.0,14.0
7754,1880642,1227000,하나 Simple카드,67.0,서울 송파구,20,기획,27,남,50.0,3.0,8.0,5.0,34.0
7755,2621902,1623000,현대 ZERO카드,49.0,부산 해운대구,30,마케팅,30,남,38.0,12.0,1.0,9.0,40.0
7756,2751604,1951000,카카오뱅크 체크,64.0,대전 유성구,30,데이터분석가,32,남,45.0,39.0,4.0,10.0,2.0
7757,2020542,1100000,신한 Deep카드,63.0,서울 용산구,30,개발자,30,여,30.0,28.0,32.0,9.0,1.0
7758,2133287,1887000,우리 Young카드,52.0,인천 남동구,30,데이터분석가,32,여,56.0,7.0,13.0,11.0,13.0
7759,2494496,1357000,현대 ZERO카드,79.0,서울 강동구,30,데이터분석가,34,여,4.0,2.0,25.0,38.0,31.0
7760,1864886,797000,삼성 taptap카드,71.0,울산 남구,20,회계,28,남,30.0,63.0,3.0,2.0,2.0
7761,3380467,2588000,토스카드,64.0,서울 마포구,30,간호사,37,남,73.0,7.0,7.0,11.0,2.0
7762,2590830,992000,KB 혜담카드,47.0,서울 강남구,20,디자이너,25,여,22.0,38.0,22.0,11.0,7.0
7763,3440193,2203000,SSG 랜더스카드,54.0,서울 성동구,20,프리랜서,27,남,12.0,57.0,4.0,12.0,15.0
7764,3062839,1580000,씨티 Premier카드,61.0,서울 노원구,30,회계,32,여,30.0,5.0,46.0,14.0,5.0
7765,2371551,1630000,현대 ZERO카드,47.0,대구 수성구,20,데이터분석가,22,남,6.0,29.0,47.0,9.0,9.0
7766,2565814,923000,하나 Simple카드,70.0,서울 노원구,30,회계,30,남,2.0,8.0,3.0,64.0,23.0
7767,2646873,540000,네이버페이 현대,40.0,서울 용산구,30,기획,39,여,7.0,21.0,20.0,21.0,31.0
7768,3228617,1122000,우리 Young카드,68.0,광주 서구,30,데이터분석가,34,남,13.0,12.0,42.0,18.0,15.0
7769,1993343,2068000,현대 ZERO카드,50.0,인천 남동구,20,회계,24,여,4.0,47.0,44.0,4.0,1.0
7770,2641865,520000,신한 Deep카드,75.0,경기 고양시,20,컨설턴트,21,여,10.0,3.0,86.0,1.0,0.0
7771,2021331,544000,SSG 랜더스카드,44.0,서울 강남구,30,간호사,36,남,19.0,22.0,3.0,10.0,46.0
7772,2828920,1323000,네이버페이 현대,51.0,서울 관악구,30,디자이너,30,남,3.0,24.0,30.0,14.0,29.0
7773,2777929,849000,우리 Young카드,81.0,인천 남동구,30,개발자,30,여,30.0,26.0,0.0,6.0,38.0
7774,2106207,1392000,하나 Simple카드,81.0,세종,20,간호사,28,여,67.0,2.0,15.0,7.0,9.0
7775,2855271,2798000,현대 ZERO카드,51.0,세종,30,연구원,31,남,23.0,71.0,2.0,1.0,3.0
7776,2181107,1638000,신한 Deep카드,40.0,대구 수성구,20,프리랜서,24,여,3.0,15.0,40.0,33.0,9.0
7777,2415079,934000,NH 농협카드,82.0,부산 해운대구,30,영업,30,남,1.0,7.0,67.0,6.0,19.0
7778,2836950,1806000,이마트 KB카드,42.0,서울 마포구,20,개발자,29,남,5.0,8.0,59.0,25.0,3.0
7779,1740981,722000,NH 농협카드,80.0,인천 남동구,20,데이터분석가,25,남,14.0,4.0,27.0,21.0,34.0
7780,2409079,1104000,신한 Deep카드,41.0,세종,20,대학생,28,남,6.0,10.0,35.0,30.0,19.0
7781,3289553,1015000,토스카드,57.0,서울 서초구,30,간호사,31,남,10.0,30.0,35.0,2.0,23.0
7782,2025689,1508000,씨티 Premier카드,82.0,서울 강동구,30,기획,33,여,3.0,6.0,23.0,37.0,31.0
7783,2286552,1822000,우리 Young카드,73.0,경기 고양시,20,컨설턴트,25,남,26.0,11.0,7.0,40.0,16.0
7784,1795183,1091000,롯데 DC카드,63.0,대구 수성구,20,연구원,25,남,13.0,28.0,28.0,8.0,23.0
7785,3973729,751000,우리 Young카드,61.0,대전 유성구,30,대학생,36,남,11.0,20.0,13.0,17.0,39.0
7786,1930608,1101000,네이버페이 현대,41.0,대구 수성구,30,회계,33,여,33.0,37.0,12.0,11.0,7.0
7787,2173051,2125000,우리 Young카드,68.0,광주 서구,30,기획,30,여,29.0,46.0,15.0,3.0,7.0
7788,1637887,1235000,우리 Young카드,63.0,울산 남구,20,디자이너,28,남,78.0,0.0,7.0,5.0,10.0
7789,2049610,799000,현대 ZERO카드,66.0,경기 수원시,30,대학생,37,남,6.0,23.0,40.0,1.0,30.0
7790,3045607,932000,KB 혜담카드,61.0,서울 관악구,20,연구원,26,남,3.0,13.0,4.0,40.0,40.0
7791,2521387,954000,NH 농협카드,58.0,서울 송파구,20,기획,24,남,5.0,15.0,5.0,32.0,43.0
7792,3098205,1243000,현대 ZERO카드,40.0,서울 관악구,30,공무원,30,남,4.0,4.0,67.0,3.0,22.0
7793,2540396,890000,하나 Simple카드,54.0,경기 고양시,30,디자이너,35,남,6.0,14.0,60.0,15.0,5.0
7794,2703805,1214000,NH 농협카드,69.0,서울 동작구,20,서비스직,25,남,16.0,56.0,15.0,4.0,9.0
7795,1837888,1541000,우리 Young카드,76.0,경기 수원시,20,공무원,28,여,3.0,22.0,4.0,5.0,66.0
7796,3555547,1380000,KB 혜담카드,71.0,부산 해운대구,30,대학생,36,남,45.0,6.0,41.0,4.0,4.0
7797,1813744,888000,씨티 Premier카드,81.0,경기 고양시,20,회계,25,여,10.0,6.0,23.0,20.0,41.0
7798,2177746,1415000,현대 ZERO카드,54.0,서울 마포구,30,간호사,36,여,14.0,48.0,32.0,1.0,5.0
7799,2629141,819000,네이버페이 현대,56.0,서울 강남구,20,컨설턴트,26,여,29.0,48.0,0.0,2.0,21.0
7800,3604679,2016000,KB 혜담카드,68.0,서울 용산구,30,프리랜서,31,남,1.0,8.0,34.0,27.0,30.0
7801,2548736,1666000,KB 혜담카드,43.0,서울 관악구,20,생산직,29,남,10.0,56.0,14.0,19.0,1.0
7802,1725162,2111000,SSG 랜더스카드,72.0,경기 고양시,20,데이터분석가,21,남,60.0,7.0,27.0,1.0,5.0
7803,2026636,1655000,롯데 DC카드,45.0,경기 성남시,20,개발자,27,여,19.0,26.0,39.0,13.0,3.0
7804,3109829,816000,토스카드,72.0,서울 송파구,30,컨설턴트,31,남,5.0,53.0,25.0,16.0,1.0
7805,2075359,2003000,SSG 랜더스카드,59.0,세종,30,생산직,37,여,12.0,27.0,8.0,46.0,7.0
7806,3185481,1199000,씨티 Premier카드,85.0,경기 성남시,30,기획,33,여,25.0,12.0,4.0,0.0,59.0
7807,1318637,1330000,NH 농협카드,75.0,경기 수원시,30,영업,32,남,35.0,4.0,52.0,1.0,8.0
7808,1860630,938000,롯데 DC카드,82.0,경기 고양시,20,회계,25,여,10.0,25.0,2.0,62.0,1.0
7809,1995216,1636000,우리 Young카드,62.0,서울 서초구,20,생산직,28,남,25.0,18.0,44.0,1.0,12.0
7810,1000000,1546000,KB 혜담카드,57.0,대전 유성구,20,데이터분석가,23,남,28.0,29.0,8.0,13.0,22.0
7811,2022639,1546000,IBK 두드림카드,49.0,부산 해운대구,30,대학생,35,남,22.0,9.0,24.0,44.0,1.0
7812,3437702,1732000,SSG 랜더스카드,45.0,서울 마포구,30,영업,33,남,15.0,6.0,17.0,35.0,27.0
7813,2265141,1112000,IBK 두드림카드,66.0,울산 남구,20,데이터분석가,22,여,4.0,24.0,0.0,68.0,4.0
7814,4101195,1337000,하나 Simple카드,66.0,서울 동작구,30,개발자,37,남,32.0,9.0,19.0,11.0,29.0
7815,3022613,2132000,하나 Simple카드,42.0,울산 남구,20,공무원,26,남,2.0,51.0,29.0,13.0,5.0
7816,2716523,605000,이마트 KB카드,59.0,부산 해운대구,30,마케팅,36,여,54.0,2.0,3.0,19.0,22.0
7817,2656619,708000,삼성 taptap카드,70.0,서울 송파구,30,생산직,32,여,43.0,6.0,20.0,21.0,10.0
7818,3046151,1370000,씨티 Premier카드,67.0,서울 성동구,30,공무원,31,남,12.0,15.0,9.0,56.0,8.0
7819,1172458,929000,우리 Young카드,55.0,서울 노원구,30,연구원,34,여,6.0,18.0,2.0,25.0,49.0
7820,1552720,1530000,KB 혜담카드,67.0,부산 해운대구,20,마케팅,26,여,29.0,33.0,8.0,3.0,27.0
7821,3070472,831000,씨티 Premier카드,61.0,서울 송파구,30,연구원,36,남,10.0,22.0,18.0,46.0,4.0
7822,3431217,1457000,NH 농협카드,40.0,울산 남구,30,생산직,36,남,16.0,13.0,22.0,31.0,18.0
7823,3202768,2082000,현대 ZERO카드,54.0,서울 관악구,30,대학생,31,남,4.0,15.0,51.0,29.0,1.0
7824,1803767,1631000,토스카드,47.0,서울 마포구,20,서비스직,23,여,22.0,23.0,1.0,4.0,50.0
7825,2718703,534000,씨티 Premier카드,46.0,경기 수원시,20,서비스직,26,여,16.0,12.0,9.0,43.0,20.0
7826,2991222,1774000,씨티 Premier카드,57.0,서울 서초구,20,데이터분석가,28,여,0.0,3.0,61.0,21.0,15.0
7827,2718994,628000,이마트 KB카드,76.0,서울 관악구,20,영업,27,남,44.0,7.0,29.0,7.0,13.0
7828,3692719,1367000,IBK 두드림카드,41.0,울산 남구,30,프리랜서,34,남,40.0,34.0,2.0,14.0,10.0
7829,2608541,752000,NH 농협카드,72.0,서울 강동구,30,데이터분석가,37,남,2.0,23.0,16.0,39.0,20.0
7830,3753153,1797000,네이버페이 현대,49.0,광주 서구,30,컨설턴트,31,남,0.0,33.0,33.0,9.0,25.0
7831,2322879,1937000,이마트 KB카드,43.0,광주 서구,20,데이터분석가,22,여,1.0,11.0,1.0,45.0,42.0
7832,2755777,1954000,NH 농협카드,51.0,경기 성남시,30,디자이너,30,여,45.0,28.0,4.0,7.0,16.0
7833,2432715,1081000,네이버페이 현대,51.0,대구 수성구,20,대학생,21,남,24.0,43.0,1.0,9.0,23.0
7834,2189256,845000,삼성 taptap카드,67.0,서울 동작구,20,기획,27,남,17.0,27.0,17.0,9.0,30.0
7835,1819998,1107000,NH 농협카드,60.0,서울 노원구,20,회계,28,남,29.0,2.0,8.0,17.0,44.0
7836,2208931,1558000,IBK 두드림카드,71.0,울산 남구,20,연구원,27,남,17.0,15.0,4.0,35.0,29.0
7837,3690733,606000,IBK 두드림카드,55.0,대구 수성구,30,프리랜서,34,남,1.0,11.0,7.0,46.0,35.0
7838,2690966,1000000,삼성 taptap카드,60.0,인천 남동구,30,기획,30,남,40.0,21.0,11.0,24.0,4.0
7839,2696673,662000,NH 농협카드,63.0,서울 서초구,20,마케팅,28,남,6.0,5.0,26.0,14.0,49.0
7840,2618535,724000,토스카드,80.0,서울 관악구,20,회계,23,남,1.0,15.0,17.0,46.0,21.0
7841,2790743,636000,하나 Simple카드,65.0,경기 성남시,30,대학생,31,남,23.0,6.0,1.0,34.0,36.0
7842,2944400,1115000,KB 혜담카드,65.0,광주 서구,20,기획,23,남,3.0,8.0,3.0,74.0,12.0
7843,2072226,1355000,하나 Simple카드,60.0,경기 성남시,20,연구원,25,여,24.0,10.0,19.0,5.0,42.0
7844,4056682,1139000,롯데 DC카드,45.0,울산 남구,30,데이터분석가,38,남,18.0,8.0,25.0,37.0,12.0
7845,2717063,1403000,토스카드,72.0,부산 해운대구,30,개발자,35,여,17.0,1.0,1.0,78.0,3.0
7846,2988893,972000,신한 Deep카드,79.0,경기 성남시,30,서비스직,36,남,9.0,6.0,5.0,43.0,37.0
7847,1806099,2034000,우리 Young카드,74.0,서울 노원구,20,영업,26,남,47.0,0.0,14.0,3.0,36.0
7848,2938217,1355000,SSG 랜더스카드,68.0,서울 마포구,30,개발자,30,남,17.0,43.0,6.0,33.0,1.0
7849,2148120,1271000,하나 Simple카드,55.0,서울 용산구,20,공무원,28,남,9.0,73.0,3.0,11.0,4.0
7850,1620851,1355000,IBK 두드림카드,66.0,세종,20,기획,24,여,5.0,5.0,44.0,16.0,30.0
7851,2141192,1484000,SSG 랜더스카드,82.0,서울 성동구,20,디자이너,27,남,18.0,2.0,54.0,10.0,16.0
7852,1848098,768000,토스카드,81.0,서울 성동구,20,기획,20,여,7.0,66.0,5.0,16.0,6.0
7853,2792995,1773000,SSG 랜더스카드,61.0,대구 수성구,30,영업,33,여,27.0,3.0,40.0,16.0,14.0
7854,2903140,853000,카카오뱅크 체크,47.0,울산 남구,20,대학생,22,여,5.0,5.0,29.0,8.0,53.0
7855,1886542,1093000,NH 농협카드,64.0,서울 노원구,30,간호사,31,여,24.0,28.0,4.0,7.0,37.0
7856,3356153,889000,IBK 두드림카드,57.0,서울 성동구,30,기획,34,여,6.0,1.0,53.0,39.0,1.0
7857,2185724,1117000,KB 혜담카드,74.0,부산 해운대구,20,간호사,25,남,48.0,4.0,13.0,11.0,24.0
7858,2012489,993000,SSG 랜더스카드,84.0,서울 관악구,30,회계,30,여,23.0,21.0,20.0,19.0,17.0
7859,3530428,1326000,현대 ZERO카드,83.0,서울 관악구,30,마케팅,32,남,58.0,0.0,0.0,15.0,27.0
7860,2026772,1026000,삼성 taptap카드,47.0,대전 유성구,20,회계,26,남,62.0,0.0,8.0,21.0,9.0
7861,2942784,1028000,네이버페이 현대,71.0,서울 동작구,30,연구원,39,남,7.0,3.0,18.0,62.0,10.0
7862,2047860,1775000,IBK 두드림카드,60.0,서울 강남구,20,서비스직,28,여,11.0,56.0,22.0,2.0,9.0
7863,1841631,1419000,카카오뱅크 체크,61.0,서울 강남구,20,대학생,26,여,40.0,6.0,15.0,1.0,38.0
7864,3506797,1890000,IBK 두드림카드,59.0,경기 고양시,30,프리랜서,35,남,23.0,38.0,21.0,12.0,6.0
7865,2356849,1214000,신한 Deep카드,81.0,서울 마포구,30,컨설턴트,32,여,51.0,29.0,7.0,8.0,5.0
7866,1531674,2020000,롯데 DC카드,77.0,인천 남동구,20,마케팅,29,남,3.0,46.0,4.0,39.0,8.0
7867,3385742,1066000,NH 농협카드,75.0,경기 수원시,30,간호사,35,남,21.0,20.0,36.0,18.0,5.0
7868,2156092,1156000,NH 농협카드,61.0,광주 서구,30,마케팅,34,남,26.0,15.0,11.0,7.0,41.0
7869,1673369,2279000,NH 농협카드,79.0,서울 성동구,20,간호사,27,남,15.0,8.0,19.0,40.0,18.0
7870,3834824,1967000,SSG 랜더스카드,84.0,인천 남동구,30,대학생,39,남,1.0,12.0,17.0,51.0,19.0
7871,1901830,1321000,토스카드,66.0,서울 강동구,30,공무원,36,여,24.0,39.0,12.0,13.0,12.0
7872,1091777,1210000,NH 농협카드,73.0,대전 유성구,20,간호사,21,여,11.0,20.0,27.0,18.0,24.0
7873,2561430,1575000,씨티 Premier카드,40.0,서울 노원구,20,디자이너,28,남,20.0,8.0,50.0,11.0,11.0
7874,2098068,1589000,토스카드,61.0,인천 남동구,20,생산직,27,남,48.0,21.0,15.0,11.0,5.0
7875,2391172,1364000,씨티 Premier카드,62.0,광주 서구,30,대학생,33,여,7.0,6.0,28.0,23.0,36.0
7876,2342749,2494000,이마트 KB카드,44.0,대전 유성구,30,개발자,39,여,7.0,31.0,32.0,8.0,22.0
7877,2365834,1369000,이마트 KB카드,48.0,대전 유성구,20,서비스직,29,남,20.0,10.0,24.0,14.0,32.0
7878,2473096,1440000,우리 Young카드,53.0,대구 수성구,30,회계,33,남,7.0,26.0,33.0,28.0,6.0
7879,2988057,865000,씨티 Premier카드,85.0,세종,20,공무원,27,여,2.0,31.0,51.0,14.0,2.0
7880,1761884,746000,우리 Young카드,73.0,세종,30,대학생,34,여,2.0,21.0,10.0,55.0,12.0
7881,3311412,669000,NH 농협카드,77.0,서울 강동구,30,회계,34,남,2.0,44.0,10.0,14.0,30.0
7882,2571060,1199000,IBK 두드림카드,68.0,부산 해운대구,20,데이터분석가,25,남,39.0,11.0,26.0,13.0,11.0
7883,2120174,1147000,이마트 KB카드,52.0,경기 성남시,30,디자이너,39,여,10.0,18.0,22.0,33.0,17.0
7884,1738132,819000,이마트 KB카드,42.0,서울 동작구,20,서비스직,24,남,23.0,14.0,8.0,16.0,39.0
7885,2758587,1181000,카카오뱅크 체크,54.0,대전 유성구,20,생산직,23,여,29.0,36.0,6.0,12.0,17.0
7886,2306397,872000,이마트 KB카드,60.0,대구 수성구,30,컨설턴트,32,남,40.0,14.0,18.0,18.0,10.0
7887,1946668,1916000,삼성 taptap카드,71.0,서울 강남구,20,개발자,29,여,15.0,19.0,0.0,27.0,39.0
7888,2693654,1587000,우리 Young카드,66.0,경기 수원시,20,연구원,22,남,49.0,10.0,1.0,25.0,15.0
7889,3024318,500000,하나 Simple카드,42.0,광주 서구,30,컨설턴트,33,남,43.0,3.0,18.0,7.0,29.0
7890,1601428,582000,KB 혜담카드,79.0,경기 성남시,30,생산직,31,여,10.0,22.0,34.0,3.0,31.0
7891,3123529,902000,우리 Young카드,61.0,서울 마포구,20,기획,20,남,25.0,10.0,39.0,12.0,14.0
7892,2234994,1346000,롯데 DC카드,75.0,경기 성남시,30,영업,32,여,26.0,38.0,15.0,9.0,12.0
7893,2048621,1059000,하나 Simple카드,48.0,서울 동작구,20,대학생,26,남,27.0,25.0,5.0,18.0,25.0
7894,2377892,2244000,네이버페이 현대,81.0,경기 고양시,20,컨설턴트,29,남,51.0,27.0,4.0,17.0,1.0
7895,2562538,1096000,씨티 Premier카드,73.0,경기 성남시,20,프리랜서,28,남,1.0,1.0,8.0,16.0,74.0
7896,3480552,856000,삼성 taptap카드,46.0,서울 송파구,30,개발자,36,여,18.0,23.0,1.0,50.0,8.0
7897,1837952,1473000,NH 농협카드,75.0,경기 수원시,30,개발자,31,남,17.0,5.0,26.0,7.0,45.0
7898,3578166,793000,카카오뱅크 체크,69.0,대전 유성구,30,컨설턴트,32,남,45.0,13.0,15.0,13.0,14.0
7899,2621504,856000,우리 Young카드,63.0,서울 강동구,20,기획,25,남,7.0,4.0,34.0,52.0,3.0
7900,2181417,1350000,네이버페이 현대,48.0,서울 용산구,20,회계,23,여,16.0,3.0,59.0,11.0,11.0
7901,2643636,1521000,KB 혜담카드,56.0,서울 송파구,20,프리랜서,29,여,7.0,12.0,9.0,28.0,44.0
7902,3653991,1081000,롯데 DC카드,80.0,세종,30,공무원,33,남,25.0,45.0,20.0,3.0,7.0
7903,1559018,838000,KB 혜담카드,47.0,서울 강남구,20,개발자,27,남,1.0,11.0,38.0,7.0,43.0
7904,3124883,1306000,네이버페이 현대,52.0,서울 강동구,20,회계,20,여,8.0,28.0,8.0,42.0,14.0
7905,1470618,1866000,신한 Deep카드,74.0,광주 서구,20,프리랜서,26,남,53.0,9.0,2.0,36.0,0.0
7906,1682341,1377000,IBK 두드림카드,78.0,서울 강동구,20,마케팅,24,여,18.0,14.0,20.0,45.0,3.0
7907,2119106,1700000,토스카드,46.0,경기 수원시,20,프리랜서,22,여,40.0,1.0,33.0,21.0,5.0
7908,3212470,986000,롯데 DC카드,71.0,인천 남동구,20,연구원,28,여,37.0,21.0,6.0,19.0,17.0
7909,2784220,1442000,현대 ZERO카드,83.0,서울 노원구,30,영업,38,남,1.0,70.0,11.0,10.0,8.0
7910,2234033,921000,삼성 taptap카드,53.0,경기 고양시,20,공무원,22,여,56.0,7.0,17.0,4.0,16.0
7911,2966039,888000,KB 혜담카드,68.0,서울 노원구,20,대학생,29,여,11.0,70.0,6.0,9.0,4.0
7912,2349840,1135000,네이버페이 현대,47.0,서울 노원구,30,디자이너,36,여,25.0,3.0,23.0,22.0,27.0
7913,2175094,2150000,SSG 랜더스카드,48.0,서울 송파구,30,대학생,33,남,20.0,13.0,32.0,14.0,21.0
7914,2707935,929000,현대 ZERO카드,51.0,경기 성남시,30,연구원,32,남,1.0,5.0,37.0,40.0,17.0
7915,2935395,1784000,우리 Young카드,83.0,광주 서구,20,프리랜서,24,남,20.0,43.0,4.0,3.0,30.0
7916,2535432,671000,IBK 두드림카드,85.0,경기 수원시,30,영업,32,여,23.0,22.0,6.0,16.0,33.0
7917,3465329,852000,우리 Young카드,43.0,서울 성동구,30,기획,30,여,7.0,15.0,71.0,2.0,5.0
7918,2618967,724000,신한 Deep카드,77.0,경기 성남시,20,연구원,27,남,8.0,4.0,32.0,21.0,35.0
7919,2548633,1531000,삼성 taptap카드,63.0,서울 강남구,30,데이터분석가,33,남,40.0,29.0,12.0,9.0,10.0
7920,3035753,1151000,카카오뱅크 체크,50.0,인천 남동구,30,디자이너,33,남,31.0,36.0,22.0,2.0,9.0
7921,2073390,1522000,SSG 랜더스카드,85.0,서울 동작구,30,개발자,38,여,2.0,50.0,0.0,21.0,27.0
7922,2165783,1098000,하나 Simple카드,79.0,광주 서구,30,컨설턴트,31,여,34.0,19.0,27.0,7.0,13.0
7923,4489542,869000,삼성 taptap카드,72.0,서울 마포구,20,마케팅,29,남,12.0,2.0,7.0,77.0,2.0
7924,3713037,827000,신한 Deep카드,64.0,부산 해운대구,30,영업,30,남,11.0,68.0,9.0,11.0,1.0
7925,2680548,1265000,현대 ZERO카드,72.0,서울 관악구,20,공무원,24,남,16.0,2.0,65.0,2.0,15.0
7926,2188409,1023000,SSG 랜더스카드,76.0,서울 관악구,30,영업,31,여,21.0,8.0,2.0,26.0,43.0
7927,3284792,1841000,IBK 두드림카드,63.0,울산 남구,30,서비스직,30,여,33.0,12.0,2.0,14.0,39.0
7928,3049707,1636000,이마트 KB카드,77.0,대전 유성구,30,공무원,33,여,38.0,0.0,31.0,18.0,13.0
7929,3190810,2164000,NH 농협카드,85.0,경기 고양시,20,컨설턴트,20,남,8.0,11.0,58.0,17.0,6.0
7930,3416557,1566000,우리 Young카드,42.0,부산 해운대구,30,회계,37,여,6.0,29.0,33.0,11.0,21.0
7931,1964637,2612000,KB 혜담카드,54.0,부산 해운대구,30,서비스직,33,남,15.0,9.0,44.0,7.0,25.0
7932,1945080,513000,이마트 KB카드,85.0,인천 남동구,30,컨설턴트,35,여,36.0,28.0,20.0,4.0,12.0
7933,2297348,1441000,롯데 DC카드,80.0,경기 성남시,30,디자이너,31,남,1.0,41.0,56.0,1.0,1.0
7934,1778029,1121000,카카오뱅크 체크,74.0,대구 수성구,20,생산직,28,여,22.0,18.0,20.0,5.0,35.0
7935,2661726,729000,SSG 랜더스카드,49.0,서울 동작구,30,회계,34,여,47.0,29.0,16.0,1.0,7.0
7936,2216598,1026000,네이버페이 현대,75.0,세종,30,간호사,31,여,3.0,50.0,5.0,7.0,35.0
7937,3536299,1873000,우리 Young카드,63.0,인천 남동구,30,대학생,37,여,29.0,4.0,26.0,41.0,0.0
7938,4333275,697000,토스카드,42.0,경기 고양시,30,프리랜서,35,남,76.0,5.0,6.0,2.0,11.0
7939,2995476,1949000,네이버페이 현대,59.0,대구 수성구,30,컨설턴트,32,남,19.0,37.0,11.0,13.0,20.0
7940,3227663,931000,씨티 Premier카드,41.0,서울 용산구,20,간호사,26,여,61.0,32.0,3.0,0.0,4.0
7941,4041694,1741000,KB 혜담카드,78.0,부산 해운대구,30,디자이너,39,남,31.0,11.0,24.0,24.0,10.0
7942,2024646,1220000,하나 Simple카드,81.0,세종,20,공무원,28,남,46.0,13.0,1.0,40.0,0.0
7943,1245392,972000,우리 Young카드,65.0,서울 동작구,20,데이터분석가,24,남,27.0,1.0,49.0,22.0,1.0
7944,2141015,1036000,KB 혜담카드,73.0,서울 서초구,20,마케팅,29,여,39.0,26.0,2.0,7.0,26.0
7945,2548764,1095000,현대 ZERO카드,51.0,서울 동작구,30,개발자,39,남,3.0,4.0,7.0,77.0,9.0
7946,3144553,1132000,하나 Simple카드,59.0,서울 강남구,30,프리랜서,35,남,29.0,5.0,14.0,36.0,16.0
7947,2294614,666000,카카오뱅크 체크,59.0,부산 해운대구,20,대학생,26,남,9.0,40.0,10.0,9.0,32.0
7948,3044112,1781000,우리 Young카드,42.0,서울 용산구,30,프리랜서,33,남,18.0,59.0,4.0,17.0,2.0
7949,2761842,1516000,KB 혜담카드,50.0,서울 강동구,30,프리랜서,30,여,24.0,23.0,12.0,12.0,29.0
7950,1643739,1010000,IBK 두드림카드,69.0,서울 마포구,20,생산직,27,여,2.0,40.0,29.0,23.0,6.0
7951,2455680,1312000,네이버페이 현대,85.0,광주 서구,20,영업,29,여,6.0,38.0,35.0,15.0,6.0
7952,2692268,1167000,우리 Young카드,60.0,서울 동작구,30,디자이너,37,남,10.0,10.0,28.0,33.0,19.0
7953,2599991,1681000,카카오뱅크 체크,77.0,서울 강동구,30,간호사,34,여,29.0,3.0,35.0,18.0,15.0
7954,2978704,840000,KB 혜담카드,71.0,서울 강남구,30,데이터분석가,30,여,23.0,21.0,20.0,31.0,5.0
7955,2142920,1488000,NH 농협카드,46.0,서울 노원구,30,대학생,33,남,1.0,21.0,11.0,14.0,53.0
7956,2109353,1112000,우리 Young카드,49.0,서울 성동구,20,영업,25,여,50.0,4.0,27.0,15.0,4.0
7957,2190732,1071000,삼성 taptap카드,77.0,세종,20,생산직,22,여,23.0,18.0,52.0,5.0,2.0
7958,2242865,1648000,하나 Simple카드,76.0,서울 관악구,30,기획,33,여,33.0,20.0,14.0,12.0,21.0
7959,2949914,1835000,NH 농협카드,79.0,부산 해운대구,30,기획,34,여,2.0,15.0,43.0,38.0,2.0
7960,1889805,908000,하나 Simple카드,47.0,서울 송파구,20,생산직,25,남,3.0,61.0,4.0,31.0,1.0
7961,2611219,1519000,SSG 랜더스카드,42.0,서울 강동구,30,프리랜서,33,남,56.0,10.0,6.0,6.0,22.0
7962,1895040,1092000,하나 Simple카드,62.0,울산 남구,20,데이터분석가,29,여,5.0,18.0,34.0,38.0,5.0
7963,2796027,706000,토스카드,44.0,서울 성동구,20,기획,29,남,27.0,34.0,12.0,5.0,22.0
7964,2003777,1906000,우리 Young카드,67.0,서울 서초구,20,공무원,25,남,17.0,37.0,3.0,31.0,12.0
7965,2730022,1508000,하나 Simple카드,67.0,서울 용산구,30,연구원,33,여,5.0,21.0,38.0,24.0,12.0
7966,3487852,1729000,카카오뱅크 체크,73.0,경기 성남시,30,공무원,35,여,37.0,30.0,6.0,26.0,1.0
7967,2947627,1239000,하나 Simple카드,51.0,대전 유성구,30,기획,30,남,18.0,10.0,27.0,33.0,12.0
7968,3056030,923000,이마트 KB카드,52.0,서울 서초구,30,공무원,31,여,5.0,24.0,47.0,23.0,1.0
7969,3085677,1099000,SSG 랜더스카드,45.0,서울 관악구,20,회계,27,여,19.0,20.0,3.0,56.0,2.0
7970,2763595,1618000,이마트 KB카드,82.0,서울 동작구,20,간호사,26,여,5.0,16.0,22.0,1.0,56.0
7971,2988239,1461000,KB 혜담카드,60.0,광주 서구,30,영업,30,남,9.0,21.0,20.0,4.0,46.0
7972,3449475,1619000,신한 Deep카드,45.0,서울 용산구,30,회계,30,남,30.0,22.0,6.0,33.0,9.0
7973,1606310,1569000,우리 Young카드,59.0,서울 마포구,20,연구원,27,남,26.0,4.0,38.0,12.0,20.0
7974,2453969,619000,NH 농협카드,62.0,서울 송파구,30,개발자,35,남,23.0,32.0,2.0,41.0,2.0
7975,2576727,1212000,하나 Simple카드,59.0,대전 유성구,30,연구원,37,남,14.0,35.0,13.0,22.0,16.0
7976,4568428,2305000,KB 혜담카드,65.0,경기 수원시,30,기획,36,남,7.0,47.0,9.0,18.0,19.0
7977,1843707,798000,롯데 DC카드,64.0,부산 해운대구,20,영업,28,남,17.0,25.0,24.0,4.0,30.0
7978,1836261,1481000,롯데 DC카드,75.0,울산 남구,20,영업,21,여,8.0,11.0,58.0,9.0,14.0
7979,1728039,952000,카카오뱅크 체크,48.0,경기 성남시,20,마케팅,29,남,32.0,29.0,9.0,7.0,23.0
7980,2529905,831000,현대 ZERO카드,60.0,서울 서초구,20,공무원,20,여,30.0,2.0,24.0,11.0,33.0
7981,2321310,1637000,우리 Young카드,68.0,경기 수원시,20,마케팅,25,여,25.0,40.0,26.0,1.0,8.0
7982,3760731,744000,네이버페이 현대,66.0,서울 관악구,30,프리랜서,36,남,33.0,17.0,1.0,18.0,31.0
7983,2835629,1640000,하나 Simple카드,57.0,서울 노원구,30,컨설턴트,35,여,40.0,26.0,19.0,3.0,12.0
7984,1559805,1109000,신한 Deep카드,67.0,경기 성남시,20,기획,27,여,3.0,4.0,44.0,29.0,20.0
7985,1846361,2795000,하나 Simple카드,47.0,서울 노원구,20,디자이너,27,남,25.0,3.0,49.0,7.0,16.0
7986,3182664,874000,토스카드,69.0,광주 서구,30,마케팅,31,여,21.0,11.0,14.0,44.0,10.0
7987,2857691,934000,KB 혜담카드,67.0,대구 수성구,30,프리랜서,38,남,3.0,15.0,60.0,6.0,16.0
7988,3093795,928000,신한 Deep카드,41.0,서울 강남구,30,공무원,38,여,31.0,5.0,7.0,3.0,54.0
7989,2895223,2698000,하나 Simple카드,56.0,부산 해운대구,30,기획,32,남,11.0,10.0,29.0,4.0,46.0
7990,2016171,668000,삼성 taptap카드,58.0,서울 노원구,30,마케팅,30,여,19.0,32.0,12.0,14.0,23.0
7991,2098369,1359000,KB 혜담카드,79.0,서울 관악구,20,영업,29,남,2.0,7.0,44.0,41.0,6.0
7992,2015975,933000,현대 ZERO카드,67.0,경기 성남시,30,개발자,39,여,9.0,19.0,16.0,41.0,15.0
7993,2604113,804000,씨티 Premier카드,74.0,울산 남구,30,연구원,32,남,56.0,0.0,3.0,18.0,23.0
7994,2600462,1894000,하나 Simple카드,57.0,서울 노원구,30,서비스직,30,여,4.0,31.0,45.0,5.0,15.0
7995,2505802,1156000,씨티 Premier카드,82.0,서울 서초구,20,간호사,27,여,9.0,62.0,1.0,26.0,2.0
7996,1886866,2090000,IBK 두드림카드,43.0,대구 수성구,30,공무원,32,남,9.0,12.0,23.0,39.0,17.0
7997,2491315,864000,IBK 두드림카드,61.0,서울 용산구,30,프리랜서,39,여,39.0,20.0,7.0,24.0,10.0
7998,2589368,1470000,IBK 두드림카드,77.0,인천 남동구,30,간호사,32,남,25.0,39.0,4.0,26.0,6.0
7999,1925792,827000,카카오뱅크 체크,82.0,서울 용산구,20,마케팅,20,여,46.0,16.0,2.0,4.0,32.0
8000,2316342,792000,SSG 랜더스카드,64.0,인천 남동구,20,영업,24,남,3.0,9.0,53.0,16.0,19.0
8001,2224774,1013000,KB 혜담카드,81.0,서울 강남구,30,프리랜서,33,여,24.0,56.0,5.0,11.0,4.0
8002,2941068,886000,이마트 KB카드,56.0,경기 고양시,20,개발자,28,여,45.0,9.0,17.0,3.0,26.0
8003,3831643,1619000,우리 Young카드,77.0,대구 수성구,30,연구원,32,남,4.0,32.0,14.0,13.0,37.0
8004,2840914,1121000,카카오뱅크 체크,74.0,대구 수성구,20,생산직,28,남,22.0,18.0,20.0,5.0,35.0
8005,2653562,729000,SSG 랜더스카드,49.0,서울 동작구,30,회계,34,남,47.0,29.0,16.0,1.0,7.0
8006,2018750,2284000,토스카드,64.0,서울 마포구,30,컨설턴트,32,여,38.0,25.0,11.0,15.0,11.0
8007,3057420,1884000,네이버페이 현대,74.0,서울 동작구,30,회계,33,남,33.0,2.0,36.0,20.0,9.0
8008,2174825,570000,씨티 Premier카드,51.0,세종,20,연구원,29,여,6.0,3.0,16.0,0.0,75.0
8009,1945588,1024000,현대 ZERO카드,42.0,경기 성남시,20,생산직,29,여,15.0,2.0,20.0,28.0,35.0
8010,1662132,1829000,NH 농협카드,53.0,경기 수원시,20,개발자,28,남,1.0,21.0,7.0,55.0,16.0
8011,2229241,1571000,KB 혜담카드,72.0,대구 수성구,20,데이터분석가,25,여,3.0,11.0,53.0,31.0,2.0
8012,2717151,1191000,IBK 두드림카드,59.0,광주 서구,30,영업,32,남,39.0,5.0,6.0,26.0,24.0
8013,2594173,1147000,이마트 KB카드,82.0,세종,20,간호사,20,남,12.0,15.0,10.0,8.0,55.0
8014,2832553,1587000,롯데 DC카드,43.0,서울 마포구,30,데이터분석가,35,여,27.0,29.0,6.0,23.0,15.0
8015,3770559,1226000,신한 Deep카드,47.0,서울 용산구,30,생산직,33,남,20.0,5.0,64.0,7.0,4.0
8016,2118493,922000,네이버페이 현대,72.0,서울 마포구,30,마케팅,31,남,0.0,5.0,21.0,33.0,41.0
8017,2700529,1521000,이마트 KB카드,41.0,대전 유성구,30,서비스직,30,여,17.0,70.0,7.0,0.0,6.0
8018,2490774,2224000,씨티 Premier카드,43.0,울산 남구,30,영업,30,남,1.0,32.0,51.0,1.0,15.0
8019,1889792,1796000,카카오뱅크 체크,73.0,서울 서초구,30,디자이너,37,여,44.0,1.0,25.0,26.0,4.0
8020,2285698,1335000,카카오뱅크 체크,80.0,서울 서초구,30,공무원,30,여,1.0,70.0,13.0,1.0,15.0
8021,2784352,1477000,하나 Simple카드,83.0,서울 관악구,20,회계,20,남,9.0,74.0,1.0,15.0,1.0
8022,2739377,1375000,롯데 DC카드,48.0,울산 남구,30,대학생,36,남,16.0,21.0,45.0,7.0,11.0
8023,3032727,2490000,KB 혜담카드,67.0,경기 성남시,20,개발자,26,여,16.0,31.0,46.0,6.0,1.0
8024,2524439,2028000,우리 Young카드,81.0,서울 강동구,20,컨설턴트,20,남,18.0,39.0,4.0,23.0,16.0
8025,2052954,1052000,IBK 두드림카드,84.0,울산 남구,20,컨설턴트,25,남,27.0,30.0,14.0,20.0,9.0
8026,2830024,1427000,KB 혜담카드,45.0,서울 서초구,20,공무원,26,여,76.0,2.0,6.0,14.0,2.0
8027,2472698,1566000,롯데 DC카드,40.0,부산 해운대구,20,간호사,28,남,14.0,38.0,3.0,4.0,41.0
8028,1783720,789000,토스카드,64.0,서울 강동구,20,대학생,27,여,31.0,17.0,13.0,14.0,25.0
8029,3179401,2067000,삼성 taptap카드,70.0,세종,20,디자이너,27,남,6.0,27.0,4.0,63.0,0.0
8030,2379739,2060000,롯데 DC카드,62.0,서울 송파구,20,영업,21,남,17.0,22.0,20.0,17.0,24.0
8031,2259398,1627000,현대 ZERO카드,72.0,서울 강남구,20,공무원,25,남,37.0,1.0,29.0,4.0,29.0
8032,2072233,571000,NH 농협카드,54.0,서울 동작구,30,프리랜서,34,여,6.0,63.0,2.0,27.0,2.0
8033,3089769,1516000,SSG 랜더스카드,57.0,서울 관악구,30,기획,35,여,6.0,57.0,6.0,23.0,8.0
8034,2508637,1089000,현대 ZERO카드,41.0,서울 마포구,20,컨설턴트,28,여,6.0,35.0,15.0,43.0,1.0
8035,2564619,1169000,신한 Deep카드,75.0,경기 고양시,20,개발자,22,남,13.0,11.0,21.0,11.0,44.0
8036,2644728,1304000,우리 Young카드,40.0,서울 마포구,30,영업,31,남,4.0,3.0,2.0,1.0,90.0
8037,3583870,1281000,롯데 DC카드,58.0,경기 고양시,30,마케팅,30,남,21.0,38.0,1.0,6.0,34.0
8038,2705906,834000,신한 Deep카드,57.0,서울 동작구,20,서비스직,29,남,38.0,19.0,28.0,12.0,3.0
8039,1915610,1234000,씨티 Premier카드,71.0,서울 성동구,20,개발자,25,여,22.0,17.0,11.0,48.0,2.0
8040,1791504,1518000,하나 Simple카드,54.0,인천 남동구,30,기획,32,여,1.0,35.0,18.0,46.0,0.0
8041,3406961,1603000,네이버페이 현대,52.0,인천 남동구,30,대학생,30,남,12.0,9.0,49.0,30.0,0.0
8042,1463326,1199000,씨티 Premier카드,84.0,서울 노원구,20,회계,25,여,8.0,5.0,21.0,61.0,5.0
8043,3106411,776000,하나 Simple카드,83.0,서울 마포구,30,마케팅,34,남,8.0,0.0,37.0,16.0,39.0
8044,2026377,2524000,KB 혜담카드,47.0,서울 강남구,20,연구원,20,여,60.0,16.0,3.0,0.0,21.0
8045,3853065,1799000,토스카드,74.0,대구 수성구,30,서비스직,33,남,11.0,4.0,59.0,2.0,24.0
8046,2725009,714000,삼성 taptap카드,55.0,대구 수성구,30,대학생,35,남,46.0,25.0,3.0,15.0,11.0
8047,2803636,1127000,토스카드,48.0,울산 남구,20,서비스직,20,남,8.0,29.0,5.0,39.0,19.0
8048,2640053,1416000,카카오뱅크 체크,59.0,부산 해운대구,30,간호사,34,남,7.0,31.0,15.0,36.0,11.0
8049,4442239,1542000,우리 Young카드,71.0,서울 마포구,30,컨설턴트,35,남,13.0,9.0,5.0,19.0,54.0
8050,1715976,1661000,하나 Simple카드,43.0,경기 성남시,20,기획,28,남,45.0,6.0,5.0,34.0,10.0
8051,2646017,1698000,SSG 랜더스카드,42.0,광주 서구,30,연구원,35,여,26.0,9.0,4.0,15.0,46.0
8052,3624391,1122000,롯데 DC카드,51.0,서울 성동구,20,공무원,28,여,49.0,25.0,8.0,0.0,18.0
8053,2533294,1120000,KB 혜담카드,52.0,경기 고양시,30,영업,35,여,50.0,3.0,31.0,5.0,11.0
8054,3043251,1623000,현대 ZERO카드,49.0,부산 해운대구,30,마케팅,30,남,38.0,12.0,1.0,9.0,40.0
8055,2644249,1577000,우리 Young카드,66.0,광주 서구,20,데이터분석가,29,여,23.0,0.0,25.0,34.0,18.0
8056,2520540,2112000,현대 ZERO카드,72.0,부산 해운대구,30,생산직,30,여,11.0,46.0,21.0,11.0,11.0
8057,1804941,679000,씨티 Premier카드,47.0,서울 강동구,30,대학생,31,남,1.0,79.0,1.0,1.0,18.0
8058,3792601,1461000,삼성 taptap카드,49.0,서울 송파구,30,디자이너,32,남,6.0,23.0,19.0,11.0,41.0
8059,1597936,1048000,하나 Simple카드,70.0,서울 강남구,30,개발자,33,남,16.0,23.0,10.0,20.0,31.0
8060,2041604,1298000,우리 Young카드,43.0,서울 송파구,20,디자이너,21,남,15.0,8.0,59.0,12.0,6.0
8061,2853712,1556000,카카오뱅크 체크,73.0,서울 동작구,20,기획,22,남,8.0,4.0,67.0,20.0,1.0
8062,2071728,1381000,카카오뱅크 체크,71.0,인천 남동구,20,생산직,20,남,14.0,35.0,12.0,13.0,26.0
8063,2153151,1381000,SSG 랜더스카드,62.0,서울 노원구,30,서비스직,31,여,7.0,19.0,51.0,12.0,11.0
8064,2689631,2030000,KB 혜담카드,59.0,서울 서초구,20,디자이너,26,여,23.0,13.0,0.0,54.0,10.0
8065,2074442,1100000,신한 Deep카드,63.0,서울 용산구,30,개발자,30,여,30.0,28.0,32.0,9.0,1.0
8066,1888887,660000,현대 ZERO카드,58.0,서울 강동구,30,대학생,30,여,37.0,40.0,0.0,20.0,3.0
8067,3192159,1510000,카카오뱅크 체크,62.0,서울 관악구,30,영업,31,남,2.0,6.0,11.0,66.0,15.0
8068,2158538,1115000,신한 Deep카드,67.0,서울 강남구,20,프리랜서,28,여,9.0,37.0,8.0,16.0,30.0
8069,1878163,1108000,현대 ZERO카드,76.0,서울 송파구,30,회계,34,여,7.0,7.0,25.0,10.0,51.0
8070,2568476,1489000,삼성 taptap카드,45.0,서울 관악구,20,마케팅,24,남,6.0,15.0,64.0,3.0,12.0
8071,2732243,1302000,NH 농협카드,49.0,울산 남구,30,개발자,35,여,33.0,8.0,19.0,26.0,14.0
8072,2070122,853000,카카오뱅크 체크,47.0,울산 남구,20,대학생,22,여,5.0,5.0,29.0,8.0,53.0
8073,2354333,1174000,토스카드,49.0,광주 서구,30,생산직,31,여,56.0,4.0,2.0,5.0,33.0
8074,2735196,996000,이마트 KB카드,69.0,경기 고양시,30,영업,36,여,36.0,19.0,3.0,32.0,10.0
8075,3833252,1359000,현대 ZERO카드,64.0,울산 남구,30,데이터분석가,34,남,41.0,1.0,23.0,28.0,7.0
8076,2802044,752000,우리 Young카드,40.0,서울 송파구,30,회계,31,남,6.0,15.0,34.0,38.0,7.0
8077,2577344,1771000,토스카드,71.0,서울 강동구,20,생산직,26,남,33.0,40.0,18.0,2.0,7.0
8078,2532600,1408000,신한 Deep카드,69.0,서울 성동구,20,간호사,27,여,46.0,8.0,8.0,13.0,25.0
8079,2939653,1497000,삼성 taptap카드,59.0,인천 남동구,30,간호사,33,여,19.0,5.0,6.0,40.0,30.0
8080,2269654,768000,토스카드,81.0,서울 성동구,20,기획,20,여,7.0,66.0,5.0,16.0,6.0
8081,2361372,727000,SSG 랜더스카드,40.0,서울 강남구,30,마케팅,34,남,8.0,15.0,8.0,67.0,2.0
8082,2676250,938000,이마트 KB카드,46.0,울산 남구,30,대학생,30,남,30.0,0.0,48.0,14.0,8.0
8083,2671426,1168000,네이버페이 현대,45.0,서울 용산구,30,간호사,32,여,7.0,14.0,17.0,56.0,6.0
8084,3409232,986000,씨티 Premier카드,54.0,서울 송파구,30,간호사,30,여,19.0,20.0,4.0,32.0,25.0
8085,2661186,505000,네이버페이 현대,59.0,서울 마포구,30,마케팅,33,남,34.0,1.0,26.0,25.0,14.0
8086,3563351,1218000,IBK 두드림카드,84.0,서울 강남구,30,데이터분석가,31,남,50.0,4.0,12.0,0.0,34.0
8087,2335971,1165000,KB 혜담카드,61.0,경기 고양시,30,마케팅,31,여,5.0,0.0,39.0,56.0,0.0
8088,2305234,1296000,신한 Deep카드,63.0,서울 노원구,20,대학생,29,여,23.0,17.0,43.0,11.0,6.0
8089,3007698,777000,씨티 Premier카드,54.0,경기 수원시,20,간호사,20,남,8.0,7.0,44.0,21.0,20.0
8090,3535004,946000,신한 Deep카드,57.0,서울 강남구,30,데이터분석가,39,남,34.0,31.0,3.0,7.0,25.0
8091,1629350,1745000,롯데 DC카드,50.0,부산 해운대구,20,영업,26,여,7.0,5.0,12.0,25.0,51.0
8092,1963762,1732000,하나 Simple카드,81.0,경기 성남시,20,대학생,28,여,20.0,24.0,32.0,10.0,14.0
8093,3879354,2258000,하나 Simple카드,72.0,서울 노원구,30,개발자,34,남,35.0,3.0,2.0,22.0,38.0
8094,2320939,1034000,토스카드,58.0,인천 남동구,20,영업,27,남,8.0,12.0,17.0,1.0,62.0
8095,1675579,898000,현대 ZERO카드,80.0,서울 강남구,20,연구원,26,여,4.0,28.0,23.0,41.0,4.0
8096,1840523,1922000,현대 ZERO카드,42.0,울산 남구,20,프리랜서,27,남,29.0,9.0,15.0,8.0,39.0
8097,2601746,697000,토스카드,79.0,서울 노원구,20,생산직,24,남,31.0,12.0,12.0,29.0,16.0
8098,2747205,912000,하나 Simple카드,77.0,대전 유성구,20,연구원,22,여,1.0,12.0,37.0,10.0,40.0
8099,2258927,1113000,KB 혜담카드,44.0,대구 수성구,20,영업,28,남,8.0,24.0,55.0,9.0,4.0
8100,3487656,1776000,하나 Simple카드,69.0,경기 고양시,20,데이터분석가,26,여,43.0,38.0,15.0,1.0,3.0
8101,2662076,880000,우리 Young카드,61.0,인천 남동구,20,생산직,29,남,18.0,33.0,3.0,45.0,1.0
8102,2378259,658000,하나 Simple카드,64.0,광주 서구,30,기획,33,여,35.0,6.0,15.0,33.0,11.0
8103,1842146,828000,카카오뱅크 체크,78.0,서울 마포구,20,마케팅,25,남,43.0,0.0,49.0,8.0,0.0
8104,2317580,1549000,삼성 taptap카드,53.0,서울 강남구,30,생산직,33,남,54.0,2.0,19.0,7.0,18.0
8105,2417710,768000,토스카드,81.0,서울 성동구,20,기획,20,남,7.0,66.0,5.0,16.0,6.0
8106,2255611,931000,신한 Deep카드,74.0,서울 송파구,30,컨설턴트,36,여,20.0,24.0,24.0,30.0,2.0
8107,3086871,741000,토스카드,43.0,대전 유성구,20,공무원,27,여,13.0,40.0,3.0,24.0,20.0
8108,4026418,941000,신한 Deep카드,80.0,경기 고양시,30,간호사,32,남,4.0,17.0,0.0,0.0,79.0
8109,2816533,868000,신한 Deep카드,56.0,서울 노원구,30,기획,32,여,17.0,2.0,22.0,21.0,38.0
8110,1660501,803000,SSG 랜더스카드,69.0,대구 수성구,20,영업,25,여,26.0,23.0,33.0,12.0,6.0
8111,1913890,538000,KB 혜담카드,67.0,서울 강남구,20,컨설턴트,22,여,18.0,23.0,1.0,8.0,50.0
8112,2877838,1304000,IBK 두드림카드,68.0,서울 강남구,20,생산직,28,남,3.0,35.0,0.0,24.0,38.0
8113,2218466,1236000,IBK 두드림카드,54.0,서울 관악구,30,연구원,31,여,49.0,14.0,3.0,3.0,31.0
8114,2811070,1385000,삼성 taptap카드,66.0,서울 강동구,20,영업,29,남,25.0,26.0,38.0,11.0,0.0
8115,2487301,1434000,우리 Young카드,51.0,서울 노원구,20,공무원,28,남,12.0,8.0,16.0,23.0,41.0
8116,2275858,1058000,NH 농협카드,85.0,울산 남구,20,마케팅,20,여,0.0,26.0,20.0,4.0,50.0
8117,2148583,1722000,카카오뱅크 체크,46.0,서울 성동구,30,프리랜서,32,여,6.0,11.0,70.0,4.0,9.0
8118,2934029,1680000,토스카드,46.0,서울 성동구,30,프리랜서,32,남,1.0,30.0,10.0,11.0,48.0
8119,2344823,1217000,토스카드,42.0,세종,20,기획,28,남,2.0,4.0,14.0,73.0,7.0
8120,2766269,984000,IBK 두드림카드,60.0,서울 송파구,20,영업,28,여,4.0,1.0,29.0,52.0,14.0
8121,2057132,1703000,카카오뱅크 체크,66.0,세종,30,기획,31,여,35.0,1.0,7.0,28.0,29.0
8122,2816028,1323000,카카오뱅크 체크,65.0,세종,30,회계,35,남,26.0,19.0,15.0,2.0,38.0
8123,2272411,1659000,삼성 taptap카드,79.0,울산 남구,20,회계,28,여,49.0,15.0,18.0,10.0,8.0
8124,2581339,1255000,네이버페이 현대,51.0,서울 관악구,20,개발자,22,남,19.0,44.0,5.0,1.0,31.0
8125,2364074,1534000,IBK 두드림카드,66.0,경기 고양시,30,기획,30,남,24.0,3.0,16.0,33.0,24.0
8126,1591715,1112000,우리 Young카드,49.0,서울 성동구,20,영업,25,여,50.0,4.0,27.0,15.0,4.0
8127,2586982,2140000,롯데 DC카드,60.0,인천 남동구,20,마케팅,23,남,29.0,13.0,28.0,21.0,9.0
8128,1491025,972000,현대 ZERO카드,85.0,경기 성남시,20,회계,25,남,10.0,17.0,31.0,16.0,26.0
8129,3142489,1175000,씨티 Premier카드,65.0,서울 성동구,30,공무원,30,여,7.0,20.0,27.0,2.0,44.0
8130,2422036,1017000,현대 ZERO카드,71.0,부산 해운대구,30,마케팅,32,여,39.0,27.0,4.0,25.0,5.0
8131,1916728,1457000,네이버페이 현대,82.0,서울 노원구,30,서비스직,32,남,11.0,1.0,9.0,10.0,69.0
8132,2009789,1105000,KB 혜담카드,84.0,경기 고양시,20,컨설턴트,22,여,28.0,8.0,48.0,15.0,1.0
8133,2439561,2364000,우리 Young카드,78.0,광주 서구,20,대학생,24,여,6.0,4.0,40.0,34.0,16.0
8134,1983649,1479000,KB 혜담카드,62.0,대전 유성구,20,생산직,23,남,62.0,11.0,10.0,12.0,5.0
8135,2510014,2155000,KB 혜담카드,64.0,대구 수성구,30,개발자,31,여,24.0,11.0,41.0,23.0,1.0
8136,2620039,1158000,네이버페이 현대,48.0,서울 동작구,20,개발자,22,남,10.0,8.0,13.0,21.0,48.0
8137,2858466,898000,카카오뱅크 체크,56.0,서울 관악구,30,회계,31,남,6.0,34.0,24.0,27.0,9.0
8138,2031471,577000,SSG 랜더스카드,57.0,서울 동작구,30,서비스직,34,여,14.0,10.0,19.0,25.0,32.0
8139,2100508,880000,SSG 랜더스카드,61.0,서울 서초구,20,생산직,20,여,58.0,2.0,0.0,11.0,29.0
8140,3990388,1654000,현대 ZERO카드,47.0,서울 송파구,30,영업,38,남,3.0,9.0,55.0,7.0,26.0
8141,3092532,1623000,카카오뱅크 체크,85.0,광주 서구,20,컨설턴트,24,남,1.0,30.0,24.0,10.0,35.0
8142,1240036,815000,이마트 KB카드,79.0,서울 마포구,20,기획,23,남,24.0,38.0,28.0,1.0,9.0
8143,2795513,1703000,토스카드,63.0,서울 동작구,20,데이터분석가,29,남,22.0,5.0,4.0,27.0,42.0
8144,3175103,754000,롯데 DC카드,85.0,서울 강남구,30,대학생,32,남,5.0,9.0,9.0,24.0,53.0
8145,2711991,768000,롯데 DC카드,40.0,서울 송파구,20,서비스직,29,남,34.0,7.0,19.0,33.0,7.0
8146,1974755,1000000,신한 Deep카드,79.0,서울 강남구,20,영업,21,여,6.0,12.0,24.0,5.0,53.0
8147,1365868,1657000,NH 농협카드,60.0,경기 고양시,20,서비스직,27,남,31.0,54.0,8.0,2.0,5.0
8148,2542244,1638000,SSG 랜더스카드,74.0,서울 용산구,20,연구원,25,남,19.0,13.0,43.0,21.0,4.0
8149,1779511,1316000,IBK 두드림카드,71.0,대구 수성구,20,생산직,29,여,7.0,5.0,18.0,51.0,19.0
8150,1805853,1269000,SSG 랜더스카드,70.0,서울 노원구,30,생산직,31,여,9.0,1.0,41.0,2.0,47.0
8151,2077119,1074000,이마트 KB카드,85.0,서울 서초구,30,회계,31,남,48.0,7.0,18.0,22.0,5.0
8152,3420639,1698000,삼성 taptap카드,80.0,세종,30,마케팅,39,남,20.0,8.0,9.0,18.0,45.0
8153,2319726,823000,토스카드,50.0,서울 관악구,20,기획,26,여,7.0,2.0,24.0,22.0,45.0
8154,3547726,1367000,IBK 두드림카드,41.0,울산 남구,30,프리랜서,34,남,40.0,34.0,2.0,14.0,10.0
8155,2584537,1217000,카카오뱅크 체크,80.0,세종,20,개발자,23,남,17.0,4.0,38.0,5.0,36.0
8156,2289533,911000,네이버페이 현대,63.0,광주 서구,30,컨설턴트,35,여,16.0,46.0,20.0,12.0,6.0
8157,2950668,868000,카카오뱅크 체크,49.0,서울 서초구,30,대학생,31,남,7.0,9.0,4.0,30.0,50.0
8158,1994281,1972000,NH 농협카드,83.0,대구 수성구,20,데이터분석가,29,남,6.0,5.0,53.0,31.0,5.0
8159,2852770,1548000,토스카드,81.0,서울 송파구,30,디자이너,33,남,37.0,32.0,5.0,9.0,17.0
8160,2322921,765000,카카오뱅크 체크,54.0,서울 서초구,30,프리랜서,31,남,0.0,15.0,49.0,13.0,23.0
8161,2445242,1607000,NH 농협카드,50.0,서울 관악구,20,디자이너,29,남,3.0,16.0,28.0,24.0,29.0
8162,3037560,1207000,네이버페이 현대,53.0,서울 성동구,30,프리랜서,39,여,40.0,15.0,35.0,3.0,7.0
8163,2428370,629000,KB 혜담카드,45.0,경기 고양시,30,디자이너,39,남,41.0,12.0,0.0,42.0,5.0
8164,2890634,773000,현대 ZERO카드,66.0,부산 해운대구,20,생산직,25,남,18.0,20.0,12.0,23.0,27.0
8165,3079465,1414000,KB 혜담카드,63.0,서울 송파구,30,마케팅,37,남,45.0,3.0,5.0,35.0,12.0
8166,2620539,992000,롯데 DC카드,55.0,서울 서초구,30,생산직,36,여,34.0,42.0,9.0,14.0,1.0
8167,1650285,964000,하나 Simple카드,66.0,대구 수성구,30,생산직,33,여,34.0,30.0,4.0,14.0,18.0
8168,1734916,862000,이마트 KB카드,58.0,대전 유성구,30,디자이너,31,남,0.0,30.0,62.0,5.0,3.0
8169,2322058,959000,NH 농협카드,43.0,서울 용산구,20,프리랜서,23,여,13.0,5.0,62.0,0.0,20.0
8170,3552812,1091000,삼성 taptap카드,64.0,서울 마포구,30,개발자,36,남,8.0,6.0,18.0,47.0,21.0
8171,2530033,824000,하나 Simple카드,78.0,인천 남동구,30,데이터분석가,35,남,2.0,15.0,26.0,1.0,56.0
8172,3085046,1367000,NH 농협카드,49.0,서울 동작구,20,영업,25,남,10.0,25.0,29.0,10.0,26.0
8173,2617467,1243000,NH 농협카드,65.0,대구 수성구,20,마케팅,23,남,33.0,17.0,16.0,7.0,27.0
8174,1795829,1285000,SSG 랜더스카드,68.0,서울 동작구,20,공무원,23,남,7.0,27.0,11.0,35.0,20.0
8175,2515424,853000,삼성 taptap카드,41.0,경기 수원시,30,간호사,33,여,70.0,6.0,17.0,6.0,1.0
8176,3488464,909000,우리 Young카드,59.0,서울 동작구,20,컨설턴트,27,남,0.0,29.0,30.0,6.0,35.0
8177,1878717,1009000,네이버페이 현대,49.0,서울 관악구,30,기획,30,여,4.0,23.0,25.0,22.0,26.0
8178,3369788,717000,하나 Simple카드,57.0,부산 해운대구,30,연구원,39,남,3.0,17.0,2.0,31.0,47.0
8179,2088627,1443000,IBK 두드림카드,58.0,서울 강남구,20,영업,24,남,14.0,36.0,21.0,2.0,27.0
8180,2603448,870000,SSG 랜더스카드,73.0,경기 수원시,20,디자이너,22,남,2.0,31.0,36.0,22.0,9.0
8181,3133636,1216000,네이버페이 현대,78.0,서울 성동구,30,디자이너,30,여,18.0,54.0,1.0,17.0,10.0
8182,2729634,933000,네이버페이 현대,54.0,광주 서구,30,컨설턴트,32,남,14.0,4.0,27.0,39.0,16.0
8183,2809456,2132000,하나 Simple카드,42.0,울산 남구,20,공무원,26,여,2.0,51.0,29.0,13.0,5.0
8184,4554842,752000,이마트 KB카드,67.0,서울 관악구,30,서비스직,30,남,0.0,75.0,2.0,21.0,2.0
8185,3046392,731000,하나 Simple카드,73.0,대전 유성구,30,대학생,30,남,28.0,18.0,8.0,26.0,20.0
8186,3549422,2258000,하나 Simple카드,72.0,서울 노원구,30,개발자,34,남,35.0,3.0,2.0,22.0,38.0
8187,1954779,2294000,이마트 KB카드,72.0,서울 노원구,20,생산직,28,남,57.0,4.0,23.0,14.0,2.0
8188,2259629,1233000,이마트 KB카드,53.0,서울 관악구,20,영업,23,남,3.0,28.0,34.0,4.0,31.0
8189,2876327,1442000,현대 ZERO카드,83.0,서울 노원구,30,영업,38,남,1.0,70.0,11.0,10.0,8.0
8190,2648467,1077000,토스카드,73.0,부산 해운대구,20,연구원,25,여,9.0,41.0,23.0,25.0,2.0
8191,3843273,992000,롯데 DC카드,55.0,서울 서초구,30,생산직,36,남,34.0,42.0,9.0,14.0,1.0
8192,2195172,1010000,IBK 두드림카드,69.0,서울 마포구,20,생산직,27,여,2.0,40.0,29.0,23.0,6.0
8193,4073535,806000,IBK 두드림카드,58.0,서울 동작구,30,생산직,31,남,7.0,1.0,62.0,3.0,27.0
8194,3265023,819000,롯데 DC카드,77.0,인천 남동구,30,컨설턴트,31,여,30.0,5.0,32.0,22.0,11.0
8195,2923426,952000,삼성 taptap카드,50.0,세종,30,연구원,30,여,15.0,22.0,2.0,34.0,27.0
8196,2638781,638000,토스카드,44.0,대전 유성구,30,마케팅,31,남,7.0,41.0,23.0,23.0,6.0
8197,2571719,938000,이마트 KB카드,46.0,울산 남구,30,대학생,30,남,30.0,0.0,48.0,14.0,8.0
8198,1843809,1746000,토스카드,45.0,서울 강동구,20,영업,27,여,16.0,1.0,25.0,41.0,17.0
8199,2724583,1968000,신한 Deep카드,78.0,서울 송파구,20,회계,20,여,56.0,4.0,20.0,14.0,6.0
8200,2151762,1181000,카카오뱅크 체크,41.0,서울 동작구,30,공무원,33,남,47.0,4.0,38.0,2.0,9.0
8201,2588418,1861000,하나 Simple카드,41.0,인천 남동구,20,연구원,26,남,0.0,1.0,14.0,76.0,9.0
8202,1709445,969000,IBK 두드림카드,51.0,서울 성동구,20,간호사,27,여,30.0,14.0,7.0,48.0,1.0
8203,3576482,2289000,씨티 Premier카드,78.0,서울 송파구,30,디자이너,30,남,25.0,47.0,9.0,7.0,12.0
8204,2508609,2079000,이마트 KB카드,61.0,경기 수원시,30,대학생,37,여,8.0,26.0,19.0,25.0,22.0
8205,3933546,1738000,이마트 KB카드,55.0,서울 마포구,30,회계,32,남,31.0,14.0,1.0,3.0,51.0
8206,2820727,629000,네이버페이 현대,80.0,세종,20,기획,27,남,2.0,58.0,15.0,17.0,8.0
8207,2967532,1333000,카카오뱅크 체크,43.0,광주 서구,20,데이터분석가,27,여,10.0,20.0,30.0,3.0,37.0
8208,2980409,1023000,우리 Young카드,85.0,서울 서초구,20,간호사,29,여,33.0,2.0,30.0,24.0,11.0
8209,2321815,1332000,토스카드,54.0,서울 동작구,20,개발자,26,남,18.0,17.0,1.0,63.0,1.0
8210,1670603,1823000,현대 ZERO카드,75.0,서울 동작구,20,생산직,29,남,67.0,26.0,4.0,0.0,3.0
8211,1973738,1180000,씨티 Premier카드,71.0,서울 서초구,30,생산직,32,여,29.0,11.0,10.0,5.0,45.0
8212,1456575,1590000,토스카드,45.0,광주 서구,30,디자이너,30,여,47.0,22.0,2.0,25.0,4.0
8213,2241433,1133000,카카오뱅크 체크,67.0,대구 수성구,30,마케팅,32,남,16.0,37.0,23.0,18.0,6.0
8214,2284411,1133000,NH 농협카드,62.0,대전 유성구,20,연구원,24,여,13.0,58.0,15.0,13.0,1.0
8215,2220172,917000,롯데 DC카드,47.0,서울 마포구,30,간호사,30,여,49.0,26.0,10.0,5.0,10.0
8216,2409932,1416000,SSG 랜더스카드,80.0,서울 동작구,30,기획,34,여,2.0,44.0,20.0,31.0,3.0
8217,2746357,2284000,토스카드,64.0,서울 마포구,30,컨설턴트,32,여,38.0,25.0,11.0,15.0,11.0
8218,2787154,1386000,NH 농협카드,67.0,인천 남동구,30,회계,36,남,47.0,0.0,6.0,44.0,3.0
8219,1689085,966000,신한 Deep카드,68.0,대구 수성구,20,프리랜서,28,여,21.0,32.0,8.0,20.0,19.0
8220,2473383,1387000,하나 Simple카드,50.0,세종,30,회계,35,여,4.0,1.0,38.0,54.0,3.0
8221,2371056,1624000,SSG 랜더스카드,52.0,서울 용산구,30,기획,30,남,2.0,14.0,1.0,82.0,1.0
8222,2810449,690000,삼성 taptap카드,79.0,서울 강동구,30,데이터분석가,31,남,30.0,10.0,25.0,17.0,18.0
8223,3939943,747000,하나 Simple카드,61.0,서울 관악구,30,회계,30,남,1.0,33.0,37.0,0.0,29.0
8224,2364747,1066000,NH 농협카드,75.0,경기 수원시,30,간호사,35,여,21.0,20.0,36.0,18.0,5.0
8225,4239670,2569000,KB 혜담카드,79.0,대구 수성구,30,회계,34,남,7.0,60.0,6.0,19.0,8.0
8226,2965817,1112000,IBK 두드림카드,66.0,울산 남구,20,데이터분석가,22,여,4.0,24.0,0.0,68.0,4.0
8227,2210347,1792000,SSG 랜더스카드,54.0,경기 고양시,30,간호사,32,여,21.0,5.0,20.0,7.0,47.0
8228,1944438,1403000,토스카드,72.0,부산 해운대구,30,개발자,35,여,17.0,1.0,1.0,78.0,3.0
8229,2223722,1399000,삼성 taptap카드,40.0,울산 남구,20,기획,25,여,12.0,11.0,9.0,34.0,34.0
8230,3076663,846000,이마트 KB카드,69.0,경기 수원시,30,대학생,31,여,17.0,43.0,23.0,2.0,15.0
8231,2004904,747000,우리 Young카드,51.0,서울 송파구,20,연구원,22,남,14.0,14.0,60.0,7.0,5.0
8232,2954045,1450000,KB 혜담카드,43.0,대전 유성구,30,기획,30,여,39.0,47.0,4.0,3.0,7.0
8233,2854219,2142000,네이버페이 현대,82.0,대전 유성구,20,개발자,27,남,4.0,26.0,37.0,23.0,10.0
8234,2112987,1774000,네이버페이 현대,47.0,서울 노원구,30,공무원,39,여,14.0,0.0,15.0,35.0,36.0
8235,2526764,935000,롯데 DC카드,69.0,서울 서초구,30,회계,30,남,30.0,1.0,20.0,15.0,34.0
8236,2856331,1533000,KB 혜담카드,56.0,서울 동작구,30,공무원,39,여,32.0,22.0,13.0,25.0,8.0
8237,2575923,1270000,씨티 Premier카드,49.0,경기 수원시,30,공무원,34,여,19.0,36.0,11.0,20.0,14.0
8238,1906969,1659000,삼성 taptap카드,79.0,울산 남구,20,회계,28,여,49.0,15.0,18.0,10.0,8.0
8239,2073909,2002000,삼성 taptap카드,70.0,대전 유성구,20,디자이너,27,남,14.0,1.0,28.0,23.0,34.0
8240,2950636,2003000,우리 Young카드,70.0,서울 강남구,30,서비스직,34,남,22.0,5.0,24.0,49.0,0.0
8241,1467572,1787000,이마트 KB카드,77.0,서울 성동구,20,데이터분석가,24,여,6.0,4.0,23.0,12.0,55.0
8242,3535950,1135000,롯데 DC카드,55.0,대구 수성구,30,프리랜서,32,남,30.0,11.0,10.0,3.0,46.0
8243,2010653,1105000,현대 ZERO카드,42.0,서울 강남구,20,서비스직,29,여,8.0,2.0,37.0,29.0,24.0
8244,1000000,1235000,씨티 Premier카드,77.0,서울 관악구,20,생산직,29,남,16.0,51.0,13.0,10.0,10.0
8245,2238064,1256000,삼성 taptap카드,59.0,경기 성남시,20,마케팅,21,여,29.0,8.0,48.0,6.0,9.0
8246,1879214,1564000,SSG 랜더스카드,51.0,세종,20,디자이너,26,남,10.0,29.0,9.0,39.0,13.0
8247,3344411,2058000,SSG 랜더스카드,82.0,울산 남구,30,회계,33,여,17.0,0.0,4.0,59.0,20.0
8248,2207277,1841000,네이버페이 현대,58.0,서울 용산구,30,개발자,30,여,7.0,12.0,38.0,30.0,13.0
8249,2231649,2069000,우리 Young카드,51.0,울산 남구,30,간호사,31,남,10.0,6.0,16.0,38.0,30.0
8250,3355552,914000,네이버페이 현대,80.0,대구 수성구,30,개발자,30,남,1.0,39.0,1.0,52.0,7.0
8251,1919776,1471000,이마트 KB카드,40.0,경기 성남시,20,연구원,28,남,16.0,58.0,1.0,9.0,16.0
8252,2110271,1615000,현대 ZERO카드,71.0,서울 강남구,30,영업,37,여,19.0,34.0,4.0,11.0,32.0
8253,2504750,1326000,현대 ZERO카드,55.0,광주 서구,20,영업,20,여,30.0,4.0,25.0,13.0,28.0
8254,1979766,2302000,하나 Simple카드,68.0,서울 성동구,30,간호사,36,여,19.0,16.0,12.0,38.0,15.0
8255,1771363,1122000,IBK 두드림카드,41.0,서울 서초구,30,회계,32,여,3.0,10.0,54.0,24.0,9.0
8256,3112999,1121000,카카오뱅크 체크,74.0,대구 수성구,20,생산직,28,남,22.0,18.0,20.0,5.0,35.0
8257,3405649,840000,씨티 Premier카드,83.0,서울 성동구,30,기획,34,남,19.0,23.0,11.0,22.0,25.0
8258,2815053,841000,이마트 KB카드,82.0,부산 해운대구,30,개발자,35,남,15.0,19.0,45.0,11.0,10.0
8259,2248261,1956000,신한 Deep카드,50.0,서울 송파구,20,간호사,23,남,19.0,24.0,33.0,7.0,17.0
8260,2752932,697000,토스카드,74.0,서울 동작구,30,간호사,33,여,25.0,11.0,62.0,1.0,1.0
8261,2986668,538000,IBK 두드림카드,44.0,경기 고양시,30,생산직,32,여,8.0,16.0,12.0,53.0,11.0
8262,1872012,1742000,하나 Simple카드,47.0,서울 노원구,20,마케팅,23,남,23.0,15.0,1.0,45.0,16.0
8263,2683073,1302000,NH 농협카드,49.0,울산 남구,30,개발자,35,여,33.0,8.0,19.0,26.0,14.0
8264,2246647,1292000,신한 Deep카드,58.0,서울 송파구,30,간호사,30,여,3.0,53.0,1.0,19.0,24.0
8265,2155509,1376000,하나 Simple카드,59.0,경기 성남시,20,간호사,25,남,17.0,47.0,8.0,14.0,14.0
8266,3112485,1851000,이마트 KB카드,49.0,인천 남동구,30,마케팅,31,남,14.0,9.0,11.0,25.0,41.0
8267,2995324,2489000,롯데 DC카드,47.0,인천 남동구,30,대학생,39,남,23.0,17.0,17.0,16.0,27.0
8268,2617783,1427000,이마트 KB카드,72.0,울산 남구,20,디자이너,29,여,16.0,10.0,34.0,29.0,11.0
8269,2743543,1471000,KB 혜담카드,46.0,광주 서구,30,회계,33,여,20.0,12.0,45.0,9.0,14.0
8270,1745915,629000,KB 혜담카드,45.0,경기 고양시,30,디자이너,39,여,41.0,12.0,0.0,42.0,5.0
8271,1571088,2111000,SSG 랜더스카드,72.0,경기 고양시,20,데이터분석가,21,남,60.0,7.0,27.0,1.0,5.0
8272,2741198,1436000,NH 농협카드,40.0,부산 해운대구,30,기획,33,남,29.0,6.0,7.0,52.0,6.0
8273,3164312,720000,KB 혜담카드,73.0,서울 송파구,20,개발자,27,여,14.0,37.0,7.0,15.0,27.0
8274,2074204,853000,카카오뱅크 체크,60.0,세종,30,데이터분석가,32,여,11.0,5.0,19.0,15.0,50.0
8275,2395888,1676000,토스카드,80.0,서울 강동구,30,공무원,35,여,8.0,3.0,39.0,26.0,24.0
8276,2231826,2549000,롯데 DC카드,53.0,서울 송파구,30,공무원,30,여,6.0,61.0,8.0,17.0,8.0
8277,2612168,1111000,씨티 Premier카드,74.0,서울 관악구,30,데이터분석가,35,남,3.0,41.0,11.0,30.0,15.0
8278,2339119,759000,이마트 KB카드,82.0,세종,20,회계,27,여,73.0,2.0,0.0,6.0,19.0
8279,2950388,1543000,삼성 taptap카드,48.0,경기 성남시,20,개발자,29,여,12.0,35.0,4.0,13.0,36.0
8280,2477984,1467000,SSG 랜더스카드,76.0,서울 용산구,20,간호사,24,남,7.0,48.0,30.0,13.0,2.0
8281,2098234,645000,IBK 두드림카드,67.0,대구 수성구,30,연구원,30,여,17.0,4.0,5.0,32.0,42.0
8282,3626614,2219000,이마트 KB카드,50.0,경기 수원시,20,대학생,29,남,73.0,1.0,3.0,16.0,7.0
8283,2289286,1731000,카카오뱅크 체크,65.0,서울 성동구,20,디자이너,29,남,14.0,18.0,43.0,9.0,16.0
8284,2595945,1415000,하나 Simple카드,80.0,인천 남동구,30,개발자,32,남,25.0,4.0,24.0,44.0,3.0
8285,2956048,1852000,토스카드,83.0,울산 남구,20,프리랜서,29,남,28.0,28.0,32.0,7.0,5.0
8286,2015464,803000,SSG 랜더스카드,69.0,대구 수성구,20,영업,25,남,26.0,23.0,33.0,12.0,6.0
8287,3081456,1711000,카카오뱅크 체크,84.0,경기 수원시,20,데이터분석가,24,남,4.0,10.0,44.0,18.0,24.0
8288,1814678,1655000,롯데 DC카드,45.0,경기 성남시,20,개발자,27,여,19.0,26.0,39.0,13.0,3.0
8289,4001021,1962000,현대 ZERO카드,63.0,세종,30,기획,36,남,25.0,19.0,8.0,44.0,4.0
8290,3140733,1064000,토스카드,54.0,울산 남구,30,대학생,33,남,5.0,20.0,50.0,7.0,18.0
8291,2895526,618000,삼성 taptap카드,65.0,세종,20,연구원,20,남,27.0,1.0,43.0,5.0,24.0
8292,3450882,1359000,현대 ZERO카드,40.0,광주 서구,30,대학생,31,여,11.0,5.0,10.0,46.0,28.0
8293,1683696,1496000,토스카드,44.0,서울 송파구,20,개발자,23,남,3.0,70.0,1.0,14.0,12.0
8294,3893040,1346000,롯데 DC카드,44.0,울산 남구,30,영업,33,남,11.0,28.0,14.0,31.0,16.0
8295,1795548,1209000,토스카드,71.0,세종,30,기획,36,여,4.0,41.0,4.0,11.0,40.0
8296,1976407,1031000,네이버페이 현대,68.0,부산 해운대구,30,데이터분석가,34,여,18.0,37.0,10.0,9.0,26.0
8297,1848295,838000,현대 ZERO카드,83.0,서울 성동구,20,프리랜서,23,여,4.0,38.0,28.0,6.0,24.0
8298,2501818,1544000,롯데 DC카드,70.0,서울 강남구,20,대학생,21,남,8.0,9.0,29.0,40.0,14.0
8299,3023111,1343000,SSG 랜더스카드,84.0,서울 마포구,30,기획,33,남,0.0,10.0,3.0,16.0,71.0
8300,2166431,2098000,현대 ZERO카드,80.0,서울 용산구,20,서비스직,27,여,3.0,3.0,13.0,36.0,45.0
8301,3102364,1208000,NH 농협카드,67.0,대구 수성구,30,공무원,39,남,7.0,7.0,33.0,36.0,17.0
8302,3413902,1690000,신한 Deep카드,69.0,부산 해운대구,30,회계,30,남,17.0,13.0,45.0,17.0,8.0
8303,3467773,1450000,카카오뱅크 체크,66.0,서울 송파구,30,회계,30,남,15.0,7.0,37.0,33.0,8.0
8304,2797083,2401000,하나 Simple카드,74.0,경기 수원시,20,디자이너,28,여,28.0,22.0,6.0,12.0,32.0
8305,4274024,1766000,IBK 두드림카드,64.0,대전 유성구,30,프리랜서,30,남,46.0,25.0,24.0,3.0,2.0
8306,2489318,1490000,KB 혜담카드,71.0,서울 용산구,30,개발자,31,여,4.0,10.0,33.0,13.0,40.0
8307,1989455,1173000,씨티 Premier카드,77.0,울산 남구,20,영업,25,여,38.0,21.0,8.0,21.0,12.0
8308,3429475,2301000,토스카드,74.0,서울 강남구,30,서비스직,36,남,21.0,20.0,1.0,49.0,9.0
8309,1677872,1687000,토스카드,71.0,대전 유성구,20,영업,23,여,6.0,5.0,74.0,4.0,11.0
8310,1910647,1056000,토스카드,70.0,서울 관악구,20,마케팅,27,여,35.0,5.0,40.0,19.0,1.0
8311,2749690,2019000,SSG 랜더스카드,80.0,울산 남구,20,공무원,22,여,7.0,11.0,7.0,38.0,37.0
8312,2913110,2444000,토스카드,46.0,서울 강동구,30,개발자,33,남,29.0,38.0,25.0,5.0,3.0
8313,1645903,1568000,하나 Simple카드,50.0,서울 용산구,20,공무원,26,여,7.0,8.0,20.0,17.0,48.0
8314,1957137,995000,IBK 두드림카드,81.0,서울 용산구,30,컨설턴트,31,남,29.0,0.0,29.0,4.0,38.0
8315,2524358,1027000,토스카드,49.0,광주 서구,30,공무원,33,여,4.0,41.0,10.0,16.0,29.0
8316,3799327,1189000,KB 혜담카드,74.0,광주 서구,30,생산직,35,남,9.0,25.0,9.0,28.0,29.0
8317,3789982,686000,씨티 Premier카드,65.0,서울 관악구,30,서비스직,39,남,25.0,10.0,8.0,1.0,56.0
8318,2555440,1177000,하나 Simple카드,73.0,광주 서구,30,데이터분석가,36,여,7.0,21.0,3.0,27.0,42.0
8319,3504454,1480000,롯데 DC카드,68.0,경기 고양시,30,개발자,30,여,31.0,14.0,39.0,2.0,14.0
8320,2447589,1176000,삼성 taptap카드,64.0,세종,30,프리랜서,30,여,26.0,20.0,16.0,24.0,14.0
8321,2180716,1394000,우리 Young카드,41.0,서울 송파구,20,생산직,27,남,0.0,50.0,11.0,9.0,30.0
8322,1202794,1143000,IBK 두드림카드,84.0,세종,30,생산직,30,남,4.0,85.0,0.0,3.0,8.0
8323,2026318,1054000,씨티 Premier카드,63.0,대구 수성구,20,간호사,26,여,18.0,30.0,17.0,5.0,30.0
8324,2926007,2305000,씨티 Premier카드,60.0,경기 성남시,30,컨설턴트,32,여,7.0,6.0,25.0,32.0,30.0
8325,3281980,1587000,현대 ZERO카드,62.0,서울 용산구,30,회계,30,여,22.0,11.0,29.0,2.0,36.0
8326,2418835,952000,삼성 taptap카드,50.0,세종,30,연구원,30,남,15.0,22.0,2.0,34.0,27.0
8327,3323576,2226000,네이버페이 현대,63.0,서울 노원구,30,마케팅,32,남,0.0,11.0,9.0,10.0,70.0
8328,3023439,1474000,SSG 랜더스카드,47.0,경기 수원시,30,컨설턴트,34,여,26.0,2.0,41.0,28.0,3.0
8329,2505604,759000,하나 Simple카드,63.0,서울 용산구,30,연구원,31,여,4.0,2.0,25.0,25.0,44.0
8330,1401703,719000,하나 Simple카드,43.0,경기 고양시,30,회계,32,남,24.0,18.0,12.0,25.0,21.0
8331,2623644,1827000,카카오뱅크 체크,62.0,대구 수성구,30,프리랜서,34,여,15.0,18.0,13.0,17.0,37.0
8332,2880715,1336000,IBK 두드림카드,53.0,대전 유성구,30,영업,31,여,59.0,2.0,2.0,1.0,36.0
8333,2336803,2615000,NH 농협카드,85.0,서울 강동구,30,공무원,30,남,43.0,21.0,16.0,4.0,16.0
8334,2822091,1332000,카카오뱅크 체크,50.0,대전 유성구,30,영업,32,남,3.0,8.0,50.0,10.0,29.0
8335,1672251,1202000,SSG 랜더스카드,43.0,광주 서구,20,데이터분석가,26,남,20.0,2.0,18.0,2.0,58.0
8336,1000000,1070000,IBK 두드림카드,80.0,대구 수성구,20,디자이너,23,여,0.0,56.0,1.0,11.0,32.0
8337,2763502,1001000,IBK 두드림카드,48.0,인천 남동구,20,공무원,24,남,14.0,5.0,33.0,38.0,10.0
8338,2248125,1360000,NH 농협카드,84.0,서울 송파구,20,데이터분석가,27,남,15.0,1.0,34.0,41.0,9.0
8339,3048837,1332000,토스카드,59.0,서울 동작구,20,영업,23,여,11.0,40.0,18.0,2.0,29.0
8340,2678661,791000,씨티 Premier카드,53.0,서울 용산구,20,대학생,27,남,35.0,1.0,0.0,51.0,13.0
8341,2752053,504000,KB 혜담카드,69.0,서울 마포구,30,생산직,31,남,9.0,21.0,18.0,51.0,1.0
8342,2941773,1151000,카카오뱅크 체크,50.0,인천 남동구,30,디자이너,33,남,31.0,36.0,22.0,2.0,9.0
8343,2783088,977000,NH 농협카드,72.0,서울 서초구,30,기획,39,여,21.0,5.0,18.0,52.0,4.0
8344,2983441,1909000,씨티 Premier카드,60.0,부산 해운대구,30,프리랜서,31,여,8.0,29.0,5.0,57.0,1.0
8345,2411335,695000,SSG 랜더스카드,62.0,서울 노원구,20,영업,23,남,14.0,21.0,9.0,33.0,23.0
8346,3052796,737000,네이버페이 현대,68.0,경기 고양시,30,간호사,30,여,51.0,7.0,19.0,16.0,7.0
8347,2351665,1846000,신한 Deep카드,43.0,서울 용산구,30,데이터분석가,39,여,12.0,26.0,15.0,32.0,15.0
8348,2301999,1135000,롯데 DC카드,55.0,대구 수성구,30,프리랜서,32,남,30.0,11.0,10.0,3.0,46.0
8349,2217595,923000,하나 Simple카드,68.0,서울 동작구,20,프리랜서,24,남,75.0,8.0,1.0,11.0,5.0
8350,2352592,570000,NH 농협카드,64.0,서울 동작구,20,공무원,25,남,14.0,7.0,23.0,50.0,6.0
8351,1649232,1256000,삼성 taptap카드,59.0,경기 성남시,20,마케팅,21,남,29.0,8.0,48.0,6.0,9.0
8352,1581638,1337000,하나 Simple카드,46.0,서울 강남구,20,컨설턴트,23,여,22.0,20.0,37.0,11.0,10.0
8353,2473693,3000000,우리 Young카드,57.0,경기 수원시,20,데이터분석가,28,여,44.0,4.0,17.0,6.0,29.0
8354,2715550,1548000,토스카드,81.0,서울 송파구,30,디자이너,33,남,37.0,32.0,5.0,9.0,17.0
8355,2167079,1271000,하나 Simple카드,55.0,서울 용산구,20,공무원,28,남,9.0,73.0,3.0,11.0,4.0
8356,2070153,1383000,하나 Simple카드,80.0,울산 남구,20,컨설턴트,28,남,26.0,3.0,18.0,1.0,52.0
8357,3260300,830000,씨티 Premier카드,45.0,서울 용산구,30,영업,31,여,7.0,15.0,18.0,38.0,22.0
8358,3883232,842000,KB 혜담카드,76.0,서울 용산구,30,생산직,30,남,15.0,7.0,12.0,18.0,48.0
8359,1631323,1039000,우리 Young카드,68.0,광주 서구,20,기획,20,여,5.0,15.0,8.0,11.0,61.0
8360,1983603,860000,현대 ZERO카드,44.0,광주 서구,20,연구원,22,남,3.0,21.0,19.0,57.0,0.0
8361,2925002,874000,토스카드,69.0,광주 서구,30,마케팅,31,여,21.0,11.0,14.0,44.0,10.0
8362,2800968,685000,신한 Deep카드,62.0,서울 관악구,30,개발자,37,여,68.0,1.0,3.0,15.0,13.0
8363,2229271,1119000,토스카드,51.0,서울 관악구,20,회계,20,남,8.0,51.0,29.0,2.0,10.0
8364,2203679,1254000,토스카드,52.0,인천 남동구,30,영업,32,남,6.0,19.0,67.0,8.0,0.0
8365,2158729,1045000,토스카드,44.0,울산 남구,30,연구원,30,여,15.0,11.0,20.0,39.0,15.0
8366,2638262,1664000,SSG 랜더스카드,51.0,광주 서구,30,마케팅,36,남,6.0,23.0,15.0,46.0,10.0
8367,2638497,1111000,NH 농협카드,51.0,서울 서초구,30,디자이너,30,여,1.0,23.0,39.0,13.0,24.0
8368,3101863,1245000,롯데 DC카드,41.0,서울 서초구,20,기획,25,남,0.0,51.0,26.0,17.0,6.0
8369,2156559,677000,IBK 두드림카드,76.0,부산 해운대구,30,공무원,33,여,2.0,43.0,21.0,2.0,32.0
8370,1736982,545000,롯데 DC카드,55.0,서울 송파구,20,마케팅,28,남,28.0,4.0,19.0,14.0,35.0
8371,2445706,1175000,씨티 Premier카드,65.0,서울 성동구,30,공무원,30,여,7.0,20.0,27.0,2.0,44.0
8372,2765869,1775000,신한 Deep카드,60.0,서울 서초구,20,생산직,25,여,46.0,11.0,12.0,10.0,21.0
8373,1776558,839000,삼성 taptap카드,66.0,서울 관악구,30,회계,32,여,30.0,0.0,39.0,23.0,8.0
8374,3226817,1645000,하나 Simple카드,68.0,울산 남구,30,연구원,33,여,5.0,14.0,38.0,1.0,42.0
8375,2163984,1460000,네이버페이 현대,55.0,서울 노원구,20,기획,23,여,41.0,29.0,3.0,23.0,4.0
8376,2485975,2233000,SSG 랜더스카드,62.0,세종,30,영업,31,남,16.0,23.0,42.0,7.0,12.0
8377,1449905,845000,삼성 taptap카드,67.0,서울 동작구,20,기획,27,여,17.0,27.0,17.0,9.0,30.0
8378,2853260,1202000,우리 Young카드,46.0,서울 동작구,30,대학생,35,여,40.0,34.0,17.0,3.0,6.0
8379,2164414,970000,하나 Simple카드,61.0,경기 고양시,20,마케팅,28,남,25.0,11.0,6.0,48.0,10.0
8380,2335352,1052000,IBK 두드림카드,84.0,울산 남구,20,컨설턴트,25,여,27.0,30.0,14.0,20.0,9.0
8381,1799594,1589000,우리 Young카드,63.0,경기 성남시,20,간호사,29,여,3.0,61.0,19.0,12.0,5.0
8382,2090451,1435000,현대 ZERO카드,76.0,세종,20,디자이너,24,여,4.0,21.0,0.0,50.0,25.0
8383,2006709,1479000,SSG 랜더스카드,81.0,인천 남동구,20,프리랜서,29,남,31.0,8.0,11.0,11.0,39.0
8384,2929584,1277000,신한 Deep카드,70.0,서울 마포구,30,데이터분석가,38,남,31.0,38.0,20.0,9.0,2.0
8385,1915223,1150000,KB 혜담카드,74.0,서울 서초구,20,컨설턴트,25,남,41.0,9.0,13.0,34.0,3.0
8386,1926073,619000,NH 농협카드,62.0,서울 송파구,30,개발자,35,남,23.0,32.0,2.0,41.0,2.0
8387,3864249,1882000,KB 혜담카드,82.0,울산 남구,30,마케팅,38,여,2.0,68.0,1.0,11.0,18.0
8388,2045617,528000,카카오뱅크 체크,51.0,서울 성동구,30,프리랜서,30,남,8.0,40.0,24.0,1.0,27.0
8389,3127021,992000,우리 Young카드,77.0,서울 노원구,30,기획,32,남,12.0,37.0,5.0,12.0,34.0
8390,1613986,918000,현대 ZERO카드,43.0,대구 수성구,30,디자이너,38,여,15.0,12.0,2.0,14.0,57.0
8391,1251476,771000,IBK 두드림카드,54.0,대전 유성구,20,데이터분석가,25,남,15.0,10.0,6.0,59.0,10.0
8392,2298913,1233000,KB 혜담카드,48.0,경기 고양시,20,개발자,20,남,4.0,45.0,28.0,2.0,21.0
8393,2337183,1275000,토스카드,45.0,대전 유성구,20,컨설턴트,27,남,26.0,44.0,10.0,9.0,11.0
8394,3883049,1291000,하나 Simple카드,84.0,서울 서초구,30,연구원,31,남,19.0,18.0,24.0,29.0,10.0
8395,2449773,1270000,삼성 taptap카드,70.0,대구 수성구,20,영업,21,여,43.0,35.0,1.0,1.0,20.0
8396,2175094,1630000,현대 ZERO카드,47.0,대구 수성구,20,데이터분석가,22,여,6.0,29.0,47.0,9.0,9.0
8397,1775199,1227000,네이버페이 현대,55.0,광주 서구,20,회계,26,여,50.0,7.0,3.0,38.0,2.0
8398,2999506,1074000,삼성 taptap카드,64.0,서울 마포구,20,프리랜서,29,남,1.0,56.0,7.0,23.0,13.0
8399,2964425,729000,SSG 랜더스카드,49.0,서울 동작구,30,회계,34,여,47.0,29.0,16.0,1.0,7.0
8400,1626835,1629000,토스카드,63.0,서울 동작구,20,프리랜서,20,남,1.0,13.0,21.0,63.0,2.0
8401,2268981,864000,토스카드,65.0,서울 동작구,20,대학생,28,남,34.0,3.0,34.0,12.0,17.0
8402,2322026,1968000,신한 Deep카드,78.0,대전 유성구,20,서비스직,28,남,2.0,20.0,19.0,23.0,36.0
8403,2077173,1383000,이마트 KB카드,59.0,서울 강남구,20,데이터분석가,29,남,14.0,13.0,14.0,48.0,11.0
8404,2635925,1134000,SSG 랜더스카드,50.0,서울 노원구,20,프리랜서,27,남,19.0,7.0,51.0,12.0,11.0
8405,2665866,659000,하나 Simple카드,41.0,부산 해운대구,20,간호사,23,남,4.0,18.0,31.0,28.0,19.0
8406,2154757,1015000,토스카드,52.0,인천 남동구,20,프리랜서,22,여,1.0,4.0,48.0,16.0,31.0
8407,2803391,1862000,씨티 Premier카드,57.0,대전 유성구,30,연구원,31,남,16.0,28.0,46.0,7.0,3.0
8408,2999479,1386000,씨티 Premier카드,82.0,서울 동작구,20,기획,26,남,3.0,7.0,27.0,39.0,24.0
8409,3652987,1615000,현대 ZERO카드,71.0,서울 강남구,30,영업,37,남,19.0,34.0,4.0,11.0,32.0
8410,2536180,722000,삼성 taptap카드,47.0,광주 서구,30,대학생,39,여,17.0,4.0,22.0,48.0,9.0
8411,1435395,1589000,신한 Deep카드,50.0,부산 해운대구,20,데이터분석가,23,남,1.0,1.0,10.0,75.0,13.0
8412,2672000,1548000,토스카드,81.0,서울 송파구,30,디자이너,33,여,37.0,32.0,5.0,9.0,17.0
8413,2849041,1452000,SSG 랜더스카드,65.0,서울 마포구,30,공무원,30,여,4.0,3.0,58.0,12.0,23.0
8414,1071834,596000,SSG 랜더스카드,67.0,광주 서구,30,영업,34,남,7.0,5.0,10.0,25.0,53.0
8415,3176308,1301000,현대 ZERO카드,48.0,경기 수원시,30,기획,30,남,0.0,32.0,6.0,26.0,36.0
8416,2708315,866000,IBK 두드림카드,50.0,광주 서구,30,디자이너,34,남,3.0,4.0,22.0,25.0,46.0
8417,2139572,685000,삼성 taptap카드,64.0,경기 고양시,20,컨설턴트,27,여,2.0,37.0,29.0,17.0,15.0
8418,2364833,1320000,삼성 taptap카드,58.0,경기 성남시,30,공무원,32,남,12.0,25.0,28.0,3.0,32.0
8419,2175905,1086000,신한 Deep카드,58.0,서울 성동구,20,생산직,28,남,8.0,43.0,7.0,3.0,39.0
8420,2945995,2020000,롯데 DC카드,77.0,인천 남동구,20,마케팅,29,남,3.0,46.0,4.0,39.0,8.0
8421,2026800,741000,NH 농협카드,82.0,세종,20,개발자,29,여,26.0,34.0,29.0,6.0,5.0
8422,3675901,1208000,하나 Simple카드,71.0,서울 관악구,30,공무원,30,남,22.0,8.0,3.0,58.0,9.0
8423,2435568,1436000,NH 농협카드,40.0,부산 해운대구,30,기획,33,남,29.0,6.0,7.0,52.0,6.0
8424,2629378,1774000,씨티 Premier카드,57.0,서울 서초구,20,데이터분석가,28,여,0.0,3.0,61.0,21.0,15.0
8425,2250827,888000,KB 혜담카드,68.0,서울 노원구,20,대학생,29,여,11.0,70.0,6.0,9.0,4.0
8426,2426012,1446000,토스카드,64.0,세종,20,서비스직,27,여,16.0,14.0,20.0,32.0,18.0
8427,2253576,3000000,우리 Young카드,57.0,경기 수원시,20,데이터분석가,28,남,44.0,4.0,17.0,6.0,29.0
8428,2820812,638000,KB 혜담카드,42.0,세종,30,기획,32,여,4.0,69.0,3.0,3.0,21.0
8429,1000000,1230000,우리 Young카드,66.0,서울 송파구,20,개발자,23,여,0.0,18.0,60.0,3.0,19.0
8430,2006122,1311000,씨티 Premier카드,52.0,경기 수원시,30,디자이너,32,남,24.0,52.0,5.0,12.0,7.0
8431,2458540,2124000,SSG 랜더스카드,84.0,서울 송파구,20,서비스직,23,여,21.0,3.0,21.0,37.0,18.0
8432,1569523,928000,신한 Deep카드,41.0,서울 강남구,30,공무원,38,남,31.0,5.0,7.0,3.0,54.0
8433,1984709,2028000,우리 Young카드,81.0,서울 강동구,20,컨설턴트,20,여,18.0,39.0,4.0,23.0,16.0
8434,2222829,1142000,토스카드,57.0,서울 마포구,20,마케팅,26,남,3.0,12.0,2.0,24.0,59.0
8435,2085929,961000,씨티 Premier카드,48.0,서울 강동구,30,서비스직,35,여,9.0,26.0,27.0,5.0,33.0
8436,2515907,814000,토스카드,56.0,광주 서구,30,컨설턴트,35,남,32.0,17.0,20.0,29.0,2.0
8437,2385791,1218000,현대 ZERO카드,83.0,대구 수성구,20,컨설턴트,24,여,33.0,2.0,12.0,14.0,39.0
8438,2754647,1859000,롯데 DC카드,50.0,서울 성동구,20,회계,29,남,17.0,1.0,14.0,40.0,28.0
8439,1770775,1427000,KB 혜담카드,45.0,서울 서초구,20,공무원,26,여,76.0,2.0,6.0,14.0,2.0
8440,1962470,1238000,하나 Simple카드,40.0,서울 강동구,20,데이터분석가,25,여,32.0,11.0,5.0,1.0,51.0
8441,1884369,828000,카카오뱅크 체크,78.0,서울 마포구,20,마케팅,25,남,43.0,0.0,49.0,8.0,0.0
8442,1289310,1425000,삼성 taptap카드,84.0,대구 수성구,30,공무원,35,여,42.0,19.0,2.0,13.0,24.0
8443,2320855,1420000,KB 혜담카드,47.0,서울 노원구,20,영업,27,여,4.0,1.0,32.0,37.0,26.0
8444,3654302,571000,NH 농협카드,54.0,서울 동작구,30,프리랜서,34,남,6.0,63.0,2.0,27.0,2.0
8445,2758321,1746000,하나 Simple카드,71.0,서울 서초구,20,회계,29,남,14.0,1.0,10.0,65.0,10.0
8446,2064616,1219000,씨티 Premier카드,62.0,경기 고양시,30,연구원,30,여,48.0,6.0,17.0,2.0,27.0
8447,1624150,873000,신한 Deep카드,74.0,서울 마포구,20,데이터분석가,27,남,9.0,26.0,12.0,27.0,26.0
8448,2260802,1008000,KB 혜담카드,61.0,경기 성남시,20,기획,28,남,13.0,3.0,24.0,21.0,39.0
8449,3580491,1143000,IBK 두드림카드,84.0,세종,30,생산직,30,남,4.0,85.0,0.0,3.0,8.0
8450,2327425,1188000,SSG 랜더스카드,78.0,광주 서구,20,마케팅,29,남,42.0,7.0,1.0,38.0,12.0
8451,2394652,1612000,씨티 Premier카드,64.0,서울 동작구,20,컨설턴트,28,남,20.0,5.0,61.0,11.0,3.0
8452,2820915,994000,하나 Simple카드,61.0,서울 노원구,20,대학생,29,남,4.0,12.0,22.0,29.0,33.0
8453,2130431,1689000,네이버페이 현대,48.0,대전 유성구,30,연구원,30,여,38.0,25.0,2.0,21.0,14.0
8454,2390014,901000,하나 Simple카드,49.0,서울 강남구,30,회계,36,여,3.0,7.0,19.0,12.0,59.0
8455,3067302,1178000,SSG 랜더스카드,56.0,광주 서구,20,연구원,26,남,14.0,9.0,10.0,6.0,61.0
8456,2151594,801000,토스카드,42.0,울산 남구,20,컨설턴트,29,여,19.0,12.0,1.0,63.0,5.0
8457,1616331,724000,토스카드,80.0,서울 관악구,20,회계,23,여,1.0,15.0,17.0,46.0,21.0
8458,2165321,1991000,롯데 DC카드,40.0,서울 강남구,30,공무원,35,여,14.0,42.0,28.0,2.0,14.0
8459,1780910,994000,하나 Simple카드,61.0,서울 노원구,20,대학생,29,남,4.0,12.0,22.0,29.0,33.0
8460,3250013,1149000,하나 Simple카드,61.0,경기 성남시,30,영업,36,남,45.0,15.0,5.0,26.0,9.0
8461,1802026,969000,삼성 taptap카드,52.0,서울 관악구,20,서비스직,24,여,13.0,49.0,25.0,9.0,4.0
8462,2385517,1081000,네이버페이 현대,51.0,대구 수성구,20,대학생,21,여,24.0,43.0,1.0,9.0,23.0
8463,1881967,1436000,토스카드,48.0,서울 동작구,20,개발자,29,여,13.0,34.0,7.0,37.0,9.0
8464,1438310,757000,우리 Young카드,46.0,서울 노원구,30,개발자,33,여,56.0,21.0,5.0,6.0,12.0
8465,2403309,1312000,IBK 두드림카드,74.0,세종,20,서비스직,26,남,21.0,26.0,40.0,6.0,7.0
8466,2324231,1283000,삼성 taptap카드,50.0,서울 강동구,20,기획,28,여,23.0,11.0,27.0,22.0,17.0
8467,2508878,1680000,씨티 Premier카드,72.0,서울 강남구,20,서비스직,25,남,80.0,0.0,10.0,9.0,1.0
8468,1913506,1871000,KB 혜담카드,74.0,서울 성동구,20,기획,23,남,22.0,65.0,3.0,7.0,3.0
8469,2110227,1519000,네이버페이 현대,73.0,울산 남구,30,회계,32,여,23.0,30.0,4.0,39.0,4.0
8470,2450733,1989000,삼성 taptap카드,69.0,서울 서초구,20,영업,21,남,21.0,8.0,58.0,3.0,10.0
8471,3009509,1226000,NH 농협카드,45.0,부산 해운대구,20,디자이너,24,남,5.0,18.0,11.0,60.0,6.0
8472,2505584,1034000,신한 Deep카드,44.0,서울 송파구,30,기획,30,여,3.0,32.0,13.0,42.0,10.0
8473,3297209,685000,신한 Deep카드,62.0,서울 관악구,30,개발자,37,남,68.0,1.0,3.0,15.0,13.0
8474,2339206,1575000,IBK 두드림카드,62.0,경기 수원시,30,데이터분석가,32,여,6.0,52.0,5.0,17.0,20.0
8475,1728184,879000,롯데 DC카드,81.0,대전 유성구,30,간호사,32,여,14.0,1.0,53.0,10.0,22.0
8476,2733714,2055000,토스카드,48.0,경기 성남시,20,컨설턴트,26,여,14.0,21.0,2.0,52.0,11.0
8477,3635889,1887000,IBK 두드림카드,55.0,서울 동작구,30,영업,34,남,26.0,2.0,11.0,6.0,55.0
8478,3497541,2083000,SSG 랜더스카드,41.0,경기 고양시,30,프리랜서,36,남,12.0,27.0,18.0,39.0,4.0
8479,2872638,775000,KB 혜담카드,47.0,경기 수원시,30,서비스직,31,남,7.0,54.0,3.0,11.0,25.0
8480,3417939,1834000,현대 ZERO카드,63.0,경기 성남시,30,프리랜서,32,남,30.0,6.0,32.0,4.0,28.0
8481,3625633,993000,우리 Young카드,73.0,광주 서구,30,영업,35,남,22.0,10.0,16.0,52.0,0.0
8482,3310079,1573000,신한 Deep카드,85.0,서울 강남구,30,간호사,32,여,13.0,6.0,45.0,35.0,1.0
8483,2744263,1909000,현대 ZERO카드,58.0,서울 강남구,20,대학생,28,남,5.0,31.0,3.0,59.0,2.0
8484,2531910,686000,하나 Simple카드,60.0,서울 관악구,30,영업,38,여,13.0,17.0,63.0,6.0,1.0
8485,1595873,819000,이마트 KB카드,42.0,서울 동작구,20,서비스직,24,남,23.0,14.0,8.0,16.0,39.0
8486,2577829,1111000,씨티 Premier카드,74.0,서울 관악구,30,데이터분석가,35,여,3.0,41.0,11.0,30.0,15.0
8487,2378288,1357000,네이버페이 현대,53.0,경기 성남시,20,개발자,29,여,17.0,24.0,4.0,22.0,33.0
8488,3496320,854000,네이버페이 현대,62.0,인천 남동구,30,회계,33,남,54.0,4.0,34.0,4.0,4.0
8489,3947724,835000,KB 혜담카드,40.0,서울 용산구,30,프리랜서,35,남,19.0,31.0,11.0,19.0,20.0
8490,2202424,1156000,SSG 랜더스카드,76.0,서울 송파구,20,데이터분석가,25,여,0.0,9.0,58.0,10.0,23.0
8491,3300493,1146000,신한 Deep카드,61.0,부산 해운대구,20,데이터분석가,25,여,19.0,2.0,36.0,28.0,15.0
8492,1620356,924000,하나 Simple카드,84.0,대전 유성구,30,기획,30,여,34.0,13.0,23.0,12.0,18.0
8493,3293539,1219000,씨티 Premier카드,62.0,경기 고양시,30,연구원,30,남,48.0,6.0,17.0,2.0,27.0
8494,1850739,1115000,우리 Young카드,55.0,서울 용산구,20,마케팅,27,남,10.0,23.0,10.0,26.0,31.0
8495,1296389,2111000,삼성 taptap카드,52.0,서울 서초구,20,디자이너,27,여,17.0,27.0,25.0,12.0,19.0
8496,2399112,1063000,토스카드,60.0,세종,30,생산직,36,여,5.0,11.0,36.0,43.0,5.0
8497,1521413,1432000,롯데 DC카드,85.0,서울 관악구,20,기획,24,남,32.0,31.0,20.0,2.0,15.0
8498,2169286,2088000,신한 Deep카드,58.0,서울 송파구,20,간호사,24,여,20.0,10.0,38.0,26.0,6.0
8499,3024338,1084000,현대 ZERO카드,76.0,서울 용산구,30,데이터분석가,33,남,36.0,33.0,2.0,23.0,6.0
8500,3782978,868000,카카오뱅크 체크,49.0,서울 서초구,30,대학생,31,남,7.0,9.0,4.0,30.0,50.0
8501,1944690,1379000,토스카드,78.0,경기 성남시,30,컨설턴트,31,남,24.0,6.0,9.0,36.0,25.0
8502,3635911,1109000,토스카드,66.0,서울 동작구,30,기획,30,남,5.0,4.0,9.0,51.0,31.0
8503,2549040,1457000,NH 농협카드,40.0,울산 남구,30,생산직,36,여,16.0,13.0,22.0,31.0,18.0
8504,3720194,1082000,신한 Deep카드,72.0,경기 수원시,30,간호사,37,남,4.0,48.0,7.0,8.0,33.0
8505,2034124,1014000,씨티 Premier카드,66.0,서울 마포구,20,컨설턴트,24,남,3.0,35.0,24.0,2.0,36.0
8506,1833877,1641000,신한 Deep카드,57.0,서울 동작구,30,프리랜서,39,여,6.0,31.0,23.0,9.0,31.0
8507,1641250,702000,하나 Simple카드,40.0,서울 성동구,20,대학생,26,여,9.0,31.0,36.0,6.0,18.0
8508,1854096,843000,신한 Deep카드,64.0,서울 노원구,30,프리랜서,33,여,3.0,55.0,12.0,3.0,27.0
8509,2738907,1771000,신한 Deep카드,43.0,세종,30,연구원,36,여,4.0,12.0,62.0,7.0,15.0
8510,2988461,1044000,신한 Deep카드,71.0,대전 유성구,20,간호사,20,남,46.0,4.0,27.0,5.0,18.0
8511,2217524,2588000,토스카드,64.0,서울 마포구,30,간호사,37,여,73.0,7.0,7.0,11.0,2.0
8512,2814567,1530000,삼성 taptap카드,42.0,서울 서초구,30,마케팅,30,여,26.0,0.0,3.0,21.0,50.0
8513,1488278,1193000,씨티 Premier카드,76.0,서울 송파구,20,생산직,26,여,1.0,15.0,56.0,28.0,0.0
8514,2340160,1146000,KB 혜담카드,55.0,서울 노원구,20,프리랜서,26,남,31.0,13.0,32.0,1.0,23.0
8515,3467993,1122000,토스카드,77.0,대구 수성구,30,영업,39,남,11.0,2.0,9.0,70.0,8.0
8516,1525937,1860000,우리 Young카드,72.0,광주 서구,20,생산직,22,여,11.0,64.0,6.0,1.0,18.0
8517,2148058,2297000,현대 ZERO카드,61.0,서울 용산구,20,개발자,28,남,54.0,7.0,4.0,7.0,28.0
8518,2857958,1326000,현대 ZERO카드,83.0,서울 관악구,30,마케팅,32,여,58.0,0.0,0.0,15.0,27.0
8519,1033114,1369000,이마트 KB카드,55.0,서울 관악구,30,공무원,30,여,33.0,8.0,14.0,4.0,41.0
8520,2917726,1922000,SSG 랜더스카드,79.0,울산 남구,20,서비스직,24,여,1.0,28.0,23.0,12.0,36.0
8521,2426839,1360000,토스카드,67.0,서울 강남구,20,서비스직,26,여,26.0,5.0,18.0,12.0,39.0
8522,2858363,1848000,토스카드,65.0,울산 남구,30,공무원,31,여,31.0,12.0,35.0,22.0,0.0
8523,2043640,1234000,씨티 Premier카드,71.0,서울 성동구,20,개발자,25,남,22.0,17.0,11.0,48.0,2.0
8524,1388638,1270000,삼성 taptap카드,70.0,대구 수성구,20,영업,21,여,43.0,35.0,1.0,1.0,20.0
8525,2517031,1463000,카카오뱅크 체크,46.0,경기 수원시,20,영업,20,여,9.0,0.0,47.0,5.0,39.0
8526,2208704,1789000,KB 혜담카드,41.0,경기 수원시,20,마케팅,24,남,23.0,6.0,13.0,39.0,19.0
8527,3022480,964000,우리 Young카드,43.0,서울 강동구,30,프리랜서,34,남,7.0,30.0,25.0,15.0,23.0
8528,2793803,941000,SSG 랜더스카드,44.0,경기 성남시,20,생산직,28,남,24.0,10.0,21.0,23.0,22.0
8529,2881031,1058000,NH 농협카드,60.0,서울 마포구,30,회계,31,여,4.0,23.0,1.0,7.0,65.0
8530,4344866,1875000,토스카드,43.0,경기 성남시,30,대학생,38,남,1.0,2.0,88.0,2.0,7.0
8531,2326927,1312000,신한 Deep카드,50.0,부산 해운대구,20,공무원,23,여,19.0,44.0,20.0,11.0,6.0
8532,2516151,1886000,카카오뱅크 체크,54.0,대구 수성구,30,컨설턴트,31,남,28.0,11.0,12.0,31.0,18.0
8533,2868108,1147000,삼성 taptap카드,77.0,경기 성남시,30,생산직,35,남,2.0,6.0,31.0,30.0,31.0
8534,2457831,928000,이마트 KB카드,57.0,서울 관악구,20,디자이너,29,여,13.0,11.0,10.0,24.0,42.0
8535,3711099,1603000,네이버페이 현대,52.0,인천 남동구,30,대학생,30,남,12.0,9.0,49.0,30.0,0.0
8536,1516483,1471000,이마트 KB카드,40.0,경기 성남시,20,연구원,28,여,16.0,58.0,1.0,9.0,16.0
8537,2504268,1450000,이마트 KB카드,64.0,서울 강동구,30,개발자,32,여,21.0,4.0,16.0,45.0,14.0
8538,3304770,1142000,SSG 랜더스카드,62.0,광주 서구,30,개발자,30,여,1.0,19.0,51.0,13.0,16.0
8539,2129895,1429000,신한 Deep카드,82.0,서울 용산구,20,개발자,26,남,42.0,7.0,16.0,32.0,3.0
8540,2965505,712000,네이버페이 현대,84.0,경기 수원시,30,프리랜서,34,여,33.0,17.0,41.0,2.0,7.0
8541,2746558,712000,네이버페이 현대,84.0,경기 수원시,30,프리랜서,34,여,33.0,17.0,41.0,2.0,7.0
8542,2727930,1360000,NH 농협카드,84.0,서울 송파구,20,데이터분석가,27,여,15.0,1.0,34.0,41.0,9.0
8543,1845119,1056000,토스카드,70.0,서울 관악구,20,마케팅,27,남,35.0,5.0,40.0,19.0,1.0
8544,1847299,830000,씨티 Premier카드,77.0,서울 강동구,20,간호사,27,여,18.0,25.0,23.0,22.0,12.0
8545,2260135,1455000,NH 농협카드,40.0,서울 강동구,20,서비스직,27,여,9.0,2.0,20.0,7.0,62.0
8546,1733889,1009000,네이버페이 현대,49.0,서울 관악구,30,기획,30,여,4.0,23.0,25.0,22.0,26.0
8547,2811181,1232000,씨티 Premier카드,65.0,경기 고양시,30,생산직,36,남,31.0,35.0,25.0,2.0,7.0
8548,2376438,1968000,신한 Deep카드,78.0,대전 유성구,20,서비스직,28,남,2.0,20.0,19.0,23.0,36.0
8549,3142317,1381000,카카오뱅크 체크,71.0,인천 남동구,20,생산직,20,남,14.0,35.0,12.0,13.0,26.0
8550,2451359,977000,IBK 두드림카드,58.0,서울 강남구,20,생산직,25,남,9.0,16.0,38.0,34.0,3.0
8551,3437659,693000,카카오뱅크 체크,77.0,경기 성남시,30,생산직,32,남,54.0,17.0,1.0,7.0,21.0
8552,2832237,651000,SSG 랜더스카드,85.0,경기 고양시,20,데이터분석가,28,남,1.0,48.0,15.0,30.0,6.0
8553,2017671,1604000,롯데 DC카드,73.0,인천 남동구,30,데이터분석가,34,여,2.0,20.0,3.0,55.0,20.0
8554,2167458,1033000,현대 ZERO카드,84.0,대전 유성구,20,마케팅,26,남,12.0,9.0,3.0,18.0,58.0
8555,3712706,1745000,네이버페이 현대,61.0,서울 성동구,30,서비스직,37,여,49.0,4.0,23.0,16.0,8.0
8556,2944614,849000,우리 Young카드,81.0,인천 남동구,30,개발자,30,남,30.0,26.0,0.0,6.0,38.0
8557,3781501,1587000,롯데 DC카드,43.0,서울 마포구,30,데이터분석가,35,남,27.0,29.0,6.0,23.0,15.0
8558,2731868,1124000,카카오뱅크 체크,59.0,울산 남구,20,연구원,28,남,23.0,28.0,3.0,22.0,24.0
8559,1965320,1442000,신한 Deep카드,79.0,서울 용산구,30,대학생,33,남,54.0,18.0,2.0,11.0,15.0
8560,2405239,1549000,하나 Simple카드,72.0,서울 노원구,20,생산직,27,여,1.0,3.0,84.0,3.0,9.0
8561,2573373,935000,우리 Young카드,77.0,서울 관악구,30,데이터분석가,30,여,2.0,15.0,5.0,33.0,45.0
8562,2414979,1935000,네이버페이 현대,62.0,광주 서구,20,서비스직,26,남,27.0,17.0,25.0,7.0,24.0
8563,2472121,942000,삼성 taptap카드,85.0,서울 용산구,30,기획,30,남,10.0,50.0,30.0,8.0,2.0
8564,1691540,1015000,토스카드,52.0,인천 남동구,20,프리랜서,22,남,1.0,4.0,48.0,16.0,31.0
8565,2261994,1735000,네이버페이 현대,78.0,서울 송파구,30,연구원,35,여,35.0,12.0,21.0,24.0,8.0
8566,2451102,1164000,토스카드,60.0,경기 수원시,30,영업,32,여,10.0,13.0,21.0,16.0,40.0
8567,3092492,1849000,토스카드,60.0,서울 관악구,30,영업,32,여,18.0,17.0,10.0,12.0,43.0
8568,3158655,1112000,우리 Young카드,49.0,서울 성동구,20,영업,25,여,50.0,4.0,27.0,15.0,4.0
8569,2948298,1331000,SSG 랜더스카드,43.0,인천 남동구,20,공무원,23,여,4.0,4.0,37.0,38.0,17.0
8570,3602129,1020000,NH 농협카드,49.0,경기 고양시,30,마케팅,32,남,17.0,1.0,17.0,31.0,34.0
8571,1747829,840000,SSG 랜더스카드,82.0,서울 성동구,20,회계,25,남,31.0,2.0,1.0,65.0,1.0
8572,2045551,1813000,NH 농협카드,47.0,서울 관악구,20,프리랜서,26,여,2.0,65.0,11.0,20.0,2.0
8573,2604963,1270000,네이버페이 현대,52.0,부산 해운대구,30,프리랜서,34,여,28.0,42.0,3.0,15.0,12.0
8574,2183780,1056000,롯데 DC카드,83.0,인천 남동구,30,연구원,32,여,42.0,15.0,0.0,30.0,13.0
8575,2788602,1481000,신한 Deep카드,50.0,부산 해운대구,30,마케팅,31,여,18.0,45.0,29.0,1.0,7.0
8576,3504340,1440000,우리 Young카드,53.0,대구 수성구,30,회계,33,남,7.0,26.0,33.0,28.0,6.0
8577,2518145,3000000,우리 Young카드,57.0,경기 수원시,20,데이터분석가,28,여,44.0,4.0,17.0,6.0,29.0
8578,3012567,1651000,토스카드,80.0,서울 송파구,30,데이터분석가,35,여,4.0,54.0,21.0,2.0,19.0
8579,2366786,1469000,네이버페이 현대,63.0,광주 서구,30,연구원,39,남,10.0,57.0,22.0,8.0,3.0
8580,2716414,930000,현대 ZERO카드,48.0,대전 유성구,20,데이터분석가,27,여,12.0,4.0,26.0,57.0,1.0
8581,2152177,1318000,씨티 Premier카드,48.0,경기 수원시,30,생산직,31,여,12.0,4.0,24.0,17.0,43.0
8582,1779532,1381000,카카오뱅크 체크,71.0,인천 남동구,20,생산직,20,남,14.0,35.0,12.0,13.0,26.0
8583,2516058,1736000,토스카드,61.0,서울 동작구,20,대학생,29,남,18.0,4.0,60.0,12.0,6.0
8584,3851111,1623000,네이버페이 현대,78.0,서울 동작구,30,회계,33,남,18.0,8.0,13.0,42.0,19.0
8585,2494006,2018000,롯데 DC카드,74.0,경기 고양시,20,마케팅,28,여,2.0,3.0,2.0,48.0,45.0
8586,2260402,1972000,이마트 KB카드,57.0,서울 용산구,20,서비스직,22,남,24.0,24.0,23.0,4.0,25.0
8587,2405076,1110000,KB 혜담카드,49.0,서울 강동구,20,컨설턴트,27,여,6.0,24.0,56.0,13.0,1.0
8588,2318213,1443000,IBK 두드림카드,58.0,서울 강남구,20,영업,24,여,14.0,36.0,21.0,2.0,27.0
8589,1687024,1522000,롯데 DC카드,65.0,서울 마포구,20,공무원,23,남,21.0,0.0,65.0,5.0,9.0
8590,1628689,821000,SSG 랜더스카드,79.0,서울 동작구,20,디자이너,27,여,1.0,38.0,31.0,28.0,2.0
8591,2460587,754000,롯데 DC카드,85.0,서울 강남구,30,대학생,32,여,5.0,9.0,9.0,24.0,53.0
8592,3055899,949000,네이버페이 현대,52.0,경기 고양시,30,마케팅,32,남,15.0,4.0,38.0,10.0,33.0
8593,3007932,906000,현대 ZERO카드,76.0,대전 유성구,30,영업,34,남,12.0,60.0,15.0,11.0,2.0
8594,2838050,1171000,IBK 두드림카드,85.0,서울 강동구,30,대학생,38,여,3.0,47.0,16.0,22.0,12.0
8595,2142261,1807000,IBK 두드림카드,83.0,경기 수원시,20,데이터분석가,26,여,6.0,7.0,55.0,11.0,21.0
8596,3394085,862000,이마트 KB카드,58.0,대전 유성구,30,디자이너,31,남,0.0,30.0,62.0,5.0,3.0
8597,4276351,1099000,카카오뱅크 체크,85.0,경기 고양시,30,생산직,31,남,1.0,67.0,29.0,2.0,1.0
8598,2540356,1414000,롯데 DC카드,53.0,대전 유성구,30,데이터분석가,36,여,13.0,12.0,63.0,1.0,11.0
8599,3420361,1245000,SSG 랜더스카드,61.0,부산 해운대구,20,프리랜서,23,남,50.0,22.0,7.0,7.0,14.0
8600,2676005,1141000,토스카드,46.0,경기 수원시,30,회계,36,여,23.0,11.0,25.0,40.0,1.0
8601,2143161,1131000,IBK 두드림카드,75.0,경기 수원시,20,디자이너,26,여,21.0,7.0,30.0,31.0,11.0
8602,2370386,1425000,씨티 Premier카드,71.0,서울 노원구,30,대학생,38,남,13.0,65.0,20.0,0.0,2.0
8603,1778555,1169000,하나 Simple카드,43.0,경기 성남시,30,대학생,30,여,21.0,7.0,28.0,16.0,28.0
8604,1754278,1335000,토스카드,64.0,경기 수원시,20,데이터분석가,29,남,1.0,29.0,64.0,3.0,3.0
8605,1810196,1521000,KB 혜담카드,56.0,서울 송파구,20,프리랜서,29,여,7.0,12.0,9.0,28.0,44.0
8606,3276374,1151000,카카오뱅크 체크,50.0,인천 남동구,30,디자이너,33,남,31.0,36.0,22.0,2.0,9.0
8607,2236917,852000,SSG 랜더스카드,46.0,경기 고양시,30,서비스직,39,여,16.0,77.0,4.0,2.0,1.0
8608,2593463,961000,우리 Young카드,56.0,서울 관악구,30,연구원,32,여,1.0,47.0,6.0,41.0,5.0
8609,2890989,1134000,우리 Young카드,59.0,서울 마포구,20,대학생,21,남,5.0,37.0,41.0,10.0,7.0
8610,2938534,1822000,네이버페이 현대,59.0,서울 동작구,30,서비스직,30,남,5.0,35.0,10.0,14.0,36.0
8611,3289578,956000,롯데 DC카드,65.0,서울 용산구,20,연구원,20,남,23.0,10.0,33.0,2.0,32.0
8612,2176932,1359000,토스카드,40.0,경기 성남시,30,서비스직,32,남,3.0,5.0,29.0,35.0,28.0
8613,2174708,1581000,현대 ZERO카드,79.0,부산 해운대구,20,서비스직,22,여,1.0,7.0,13.0,76.0,3.0
8614,2230343,1457000,하나 Simple카드,49.0,서울 관악구,30,공무원,30,여,3.0,23.0,23.0,21.0,30.0
8615,2718253,1914000,IBK 두드림카드,71.0,서울 서초구,20,개발자,23,남,54.0,11.0,1.0,9.0,25.0
8616,1130104,2175000,SSG 랜더스카드,65.0,경기 수원시,20,영업,29,여,45.0,21.0,23.0,8.0,3.0
8617,1528442,1430000,카카오뱅크 체크,75.0,서울 서초구,20,프리랜서,24,여,8.0,3.0,83.0,4.0,2.0
8618,2196326,1632000,우리 Young카드,43.0,경기 수원시,20,컨설턴트,27,여,31.0,0.0,6.0,50.0,13.0
8619,3025688,1359000,KB 혜담카드,79.0,서울 관악구,20,영업,29,남,2.0,7.0,44.0,41.0,6.0
8620,2362920,1159000,이마트 KB카드,47.0,경기 성남시,20,데이터분석가,29,남,16.0,50.0,6.0,1.0,27.0
8621,1574226,747000,토스카드,74.0,울산 남구,20,컨설턴트,28,남,0.0,15.0,21.0,42.0,22.0
8622,1651416,1114000,네이버페이 현대,62.0,서울 강동구,20,회계,28,여,17.0,6.0,68.0,8.0,1.0
8623,3086494,1600000,SSG 랜더스카드,63.0,경기 고양시,20,컨설턴트,26,남,13.0,13.0,61.0,1.0,12.0
8624,1939432,1165000,삼성 taptap카드,70.0,서울 강남구,20,생산직,29,남,1.0,1.0,30.0,45.0,23.0
8625,2339925,2130000,삼성 taptap카드,71.0,광주 서구,30,마케팅,30,남,17.0,1.0,48.0,24.0,10.0
8626,3238686,2302000,하나 Simple카드,68.0,서울 성동구,30,간호사,36,여,19.0,16.0,12.0,38.0,15.0
8627,2755548,1498000,현대 ZERO카드,64.0,서울 성동구,20,대학생,23,남,2.0,2.0,9.0,29.0,58.0
8628,3891841,2666000,이마트 KB카드,43.0,서울 용산구,30,공무원,39,남,0.0,23.0,56.0,15.0,6.0
8629,1774979,1087000,네이버페이 현대,67.0,서울 송파구,20,디자이너,26,남,44.0,26.0,0.0,29.0,1.0
8630,1487447,1194000,현대 ZERO카드,60.0,대전 유성구,20,디자이너,28,남,11.0,23.0,40.0,19.0,7.0
8631,2316583,1489000,삼성 taptap카드,45.0,서울 관악구,20,마케팅,24,여,6.0,15.0,64.0,3.0,12.0
8632,3234588,2527000,KB 혜담카드,63.0,경기 성남시,30,회계,39,남,41.0,6.0,6.0,42.0,5.0
8633,2432300,1229000,신한 Deep카드,76.0,서울 성동구,20,기획,23,남,33.0,7.0,20.0,39.0,1.0
8634,3239091,1065000,현대 ZERO카드,74.0,울산 남구,30,대학생,35,여,35.0,30.0,21.0,8.0,6.0
8635,1383116,931000,씨티 Premier카드,41.0,서울 용산구,20,간호사,26,남,61.0,32.0,3.0,0.0,4.0
8636,2679847,1173000,씨티 Premier카드,64.0,서울 강남구,20,영업,28,남,23.0,28.0,32.0,5.0,12.0
8637,1701687,672000,SSG 랜더스카드,62.0,서울 동작구,20,기획,29,여,1.0,22.0,7.0,38.0,32.0
8638,3599014,1097000,삼성 taptap카드,45.0,대구 수성구,30,회계,34,남,8.0,23.0,21.0,40.0,8.0
8639,2012521,1053000,이마트 KB카드,76.0,서울 강남구,20,공무원,27,남,10.0,37.0,8.0,36.0,9.0
8640,2430219,960000,SSG 랜더스카드,84.0,울산 남구,30,개발자,33,남,15.0,29.0,1.0,28.0,27.0
8641,1945048,2249000,우리 Young카드,46.0,서울 노원구,20,공무원,25,남,39.0,1.0,38.0,13.0,9.0
8642,1527194,1418000,우리 Young카드,85.0,서울 서초구,20,간호사,25,여,36.0,16.0,15.0,31.0,2.0
8643,2270214,2312000,신한 Deep카드,45.0,서울 마포구,20,데이터분석가,27,여,45.0,3.0,15.0,27.0,10.0
8644,1863663,1581000,현대 ZERO카드,52.0,대구 수성구,20,간호사,25,여,19.0,9.0,3.0,55.0,14.0
8645,2643149,824000,NH 농협카드,73.0,서울 송파구,20,컨설턴트,28,남,0.0,2.0,10.0,17.0,71.0
8646,3448039,686000,하나 Simple카드,60.0,서울 관악구,30,영업,38,남,13.0,17.0,63.0,6.0,1.0
8647,3094078,1303000,하나 Simple카드,41.0,서울 서초구,20,기획,26,여,15.0,16.0,20.0,12.0,37.0
8648,2433163,1851000,롯데 DC카드,59.0,인천 남동구,20,프리랜서,26,여,53.0,7.0,6.0,5.0,29.0
8649,2510338,2134000,이마트 KB카드,68.0,경기 수원시,20,대학생,27,남,21.0,5.0,24.0,1.0,49.0
8650,2950049,1956000,신한 Deep카드,50.0,서울 송파구,20,간호사,23,남,19.0,24.0,33.0,7.0,17.0
8651,2560636,1131000,롯데 DC카드,45.0,경기 성남시,30,컨설턴트,35,남,12.0,3.0,59.0,8.0,18.0
8652,1505870,1427000,카카오뱅크 체크,56.0,서울 마포구,20,데이터분석가,27,남,45.0,3.0,15.0,16.0,21.0
8653,2350047,1228000,IBK 두드림카드,50.0,서울 서초구,20,대학생,23,남,9.0,21.0,22.0,20.0,28.0
8654,1538683,1730000,NH 농협카드,57.0,세종,20,프리랜서,26,남,5.0,36.0,0.0,25.0,34.0
8655,3476969,1627000,현대 ZERO카드,72.0,서울 강남구,20,공무원,25,여,37.0,1.0,29.0,4.0,29.0
8656,2977749,1850000,현대 ZERO카드,63.0,서울 성동구,20,간호사,28,여,30.0,16.0,18.0,29.0,7.0
8657,4514783,1378000,IBK 두드림카드,73.0,부산 해운대구,30,회계,39,남,11.0,7.0,69.0,1.0,12.0
8658,2281223,1396000,우리 Young카드,72.0,서울 송파구,20,서비스직,28,남,25.0,36.0,3.0,17.0,19.0
8659,2525286,1084000,토스카드,70.0,서울 성동구,20,데이터분석가,24,여,43.0,4.0,27.0,14.0,12.0
8660,2678367,952000,삼성 taptap카드,50.0,세종,30,연구원,30,남,15.0,22.0,2.0,34.0,27.0
8661,2691462,963000,이마트 KB카드,49.0,서울 동작구,20,데이터분석가,26,여,8.0,29.0,2.0,34.0,27.0
8662,2149119,1343000,카카오뱅크 체크,42.0,경기 고양시,30,공무원,32,남,33.0,46.0,0.0,6.0,15.0
8663,1000000,610000,씨티 Premier카드,68.0,대구 수성구,20,회계,23,여,38.0,34.0,13.0,1.0,14.0
8664,2446502,1697000,토스카드,73.0,경기 고양시,30,서비스직,33,남,17.0,43.0,4.0,27.0,9.0
8665,1522263,1253000,카카오뱅크 체크,75.0,경기 고양시,20,프리랜서,25,남,3.0,18.0,26.0,37.0,16.0
8666,4034548,872000,이마트 KB카드,60.0,대구 수성구,30,컨설턴트,32,남,40.0,14.0,18.0,18.0,10.0
8667,4270974,1181000,카카오뱅크 체크,41.0,서울 동작구,30,공무원,33,남,47.0,4.0,38.0,2.0,9.0
8668,2017949,800000,IBK 두드림카드,70.0,세종,30,연구원,33,남,10.0,45.0,10.0,23.0,12.0
8669,2895857,868000,현대 ZERO카드,51.0,서울 마포구,20,대학생,26,여,20.0,4.0,23.0,2.0,51.0
8670,3665969,1647000,토스카드,48.0,서울 송파구,30,서비스직,33,남,2.0,9.0,55.0,14.0,20.0
8671,1465111,922000,IBK 두드림카드,65.0,경기 고양시,20,프리랜서,27,남,38.0,3.0,55.0,3.0,1.0
8672,2304866,1171000,IBK 두드림카드,85.0,서울 강동구,30,대학생,38,여,3.0,47.0,16.0,22.0,12.0
8673,2209918,946000,씨티 Premier카드,78.0,서울 성동구,30,컨설턴트,35,여,22.0,28.0,5.0,27.0,18.0
8674,2873997,1867000,신한 Deep카드,73.0,서울 마포구,30,대학생,30,여,49.0,6.0,4.0,19.0,22.0
8675,1885610,1640000,하나 Simple카드,57.0,서울 노원구,30,컨설턴트,35,여,40.0,26.0,19.0,3.0,12.0
8676,2200563,693000,카카오뱅크 체크,74.0,부산 해운대구,20,디자이너,24,남,5.0,10.0,74.0,1.0,10.0
8677,1907032,549000,하나 Simple카드,44.0,경기 고양시,20,영업,27,여,18.0,18.0,22.0,37.0,5.0
8678,2736670,1341000,네이버페이 현대,41.0,부산 해운대구,30,연구원,33,여,9.0,35.0,4.0,41.0,11.0
8679,2391603,1681000,카카오뱅크 체크,77.0,서울 강동구,30,간호사,34,여,29.0,3.0,35.0,18.0,15.0
8680,2625328,1598000,현대 ZERO카드,49.0,인천 남동구,30,데이터분석가,31,남,13.0,11.0,5.0,60.0,11.0
8681,2143351,1845000,우리 Young카드,79.0,대구 수성구,20,디자이너,25,남,24.0,1.0,34.0,4.0,37.0
8682,4425229,1047000,우리 Young카드,40.0,서울 강동구,30,공무원,34,남,3.0,50.0,24.0,0.0,23.0
8683,2041550,863000,NH 농협카드,45.0,서울 마포구,20,프리랜서,26,여,22.0,17.0,25.0,16.0,20.0
8684,1979497,821000,하나 Simple카드,58.0,대전 유성구,30,디자이너,35,여,44.0,1.0,31.0,16.0,8.0
8685,2541716,1750000,카카오뱅크 체크,74.0,인천 남동구,20,연구원,22,여,0.0,26.0,16.0,45.0,13.0
8686,2178237,1392000,하나 Simple카드,81.0,세종,20,간호사,28,남,67.0,2.0,15.0,7.0,9.0
8687,1542383,861000,카카오뱅크 체크,44.0,서울 마포구,20,간호사,20,여,8.0,13.0,23.0,29.0,27.0
8688,3365748,1245000,이마트 KB카드,53.0,서울 성동구,20,개발자,29,여,6.0,13.0,14.0,61.0,6.0
8689,2753264,1891000,카카오뱅크 체크,50.0,서울 성동구,30,데이터분석가,30,남,25.0,15.0,30.0,17.0,13.0
8690,2311065,2206000,네이버페이 현대,84.0,대구 수성구,30,기획,39,여,43.0,9.0,19.0,3.0,26.0
8691,2329917,1044000,롯데 DC카드,84.0,대구 수성구,20,간호사,23,남,7.0,58.0,16.0,9.0,10.0
8692,3365058,1623000,현대 ZERO카드,49.0,부산 해운대구,30,마케팅,30,여,38.0,12.0,1.0,9.0,40.0
8693,1410127,1863000,NH 농협카드,45.0,인천 남동구,20,서비스직,29,여,23.0,39.0,8.0,24.0,6.0
8694,2387992,1154000,IBK 두드림카드,69.0,광주 서구,20,영업,29,여,6.0,15.0,15.0,1.0,63.0
8695,3293636,1920000,우리 Young카드,58.0,서울 강동구,20,컨설턴트,29,여,18.0,4.0,69.0,4.0,5.0
8696,2564364,833000,NH 농협카드,73.0,인천 남동구,30,서비스직,39,여,10.0,10.0,23.0,34.0,23.0
8697,2135266,797000,IBK 두드림카드,72.0,서울 강남구,30,생산직,30,남,15.0,24.0,11.0,27.0,23.0
8698,2567122,839000,토스카드,67.0,서울 강남구,30,컨설턴트,33,남,4.0,32.0,6.0,37.0,21.0
8699,2353441,1301000,네이버페이 현대,62.0,서울 동작구,20,연구원,26,여,4.0,76.0,13.0,6.0,1.0
8700,3931562,873000,토스카드,70.0,경기 고양시,30,간호사,35,남,15.0,2.0,4.0,78.0,1.0
8701,2080332,1122000,롯데 DC카드,64.0,대전 유성구,20,대학생,20,남,4.0,15.0,41.0,22.0,18.0
8702,2663325,2020000,IBK 두드림카드,72.0,대구 수성구,20,대학생,24,여,4.0,13.0,2.0,41.0,40.0
8703,1532315,629000,네이버페이 현대,80.0,세종,20,기획,27,여,2.0,58.0,15.0,17.0,8.0
8704,1528140,2175000,이마트 KB카드,76.0,인천 남동구,20,프리랜서,23,남,40.0,21.0,4.0,30.0,5.0
8705,2008599,617000,신한 Deep카드,84.0,서울 강남구,20,생산직,24,남,10.0,27.0,37.0,16.0,10.0
8706,2969014,1354000,신한 Deep카드,83.0,서울 송파구,20,디자이너,23,남,35.0,26.0,9.0,25.0,5.0
8707,3048212,733000,우리 Young카드,48.0,서울 용산구,30,마케팅,38,남,23.0,8.0,32.0,11.0,26.0
8708,2394905,921000,NH 농협카드,81.0,서울 노원구,20,디자이너,29,남,7.0,10.0,40.0,0.0,43.0
8709,2389039,1703000,KB 혜담카드,55.0,서울 동작구,20,프리랜서,20,여,6.0,60.0,4.0,17.0,13.0
8710,2804603,2307000,하나 Simple카드,60.0,경기 수원시,20,연구원,26,남,2.0,7.0,31.0,43.0,17.0
8711,1944889,1375000,IBK 두드림카드,68.0,서울 서초구,20,기획,21,남,50.0,17.0,6.0,6.0,21.0
8712,3481799,1742000,현대 ZERO카드,42.0,서울 강남구,30,연구원,33,남,8.0,10.0,58.0,5.0,19.0
8713,1834558,1254000,네이버페이 현대,56.0,서울 성동구,20,프리랜서,25,여,12.0,30.0,19.0,15.0,24.0
8714,3241636,2197000,삼성 taptap카드,74.0,서울 성동구,20,서비스직,28,남,8.0,1.0,22.0,9.0,60.0
8715,1849804,741000,우리 Young카드,40.0,서울 마포구,20,데이터분석가,23,남,52.0,0.0,33.0,13.0,2.0
8716,2382327,1480000,NH 농협카드,41.0,서울 강남구,30,컨설턴트,30,남,10.0,18.0,9.0,12.0,51.0
8717,2524834,1309000,우리 Young카드,71.0,서울 마포구,20,대학생,29,여,23.0,37.0,2.0,31.0,7.0
8718,2539894,690000,이마트 KB카드,46.0,울산 남구,30,연구원,34,여,15.0,26.0,13.0,30.0,16.0
8719,2413426,977000,롯데 DC카드,45.0,경기 성남시,20,서비스직,28,남,19.0,52.0,1.0,21.0,7.0
8720,2363656,1027000,KB 혜담카드,56.0,울산 남구,20,마케팅,25,남,4.0,52.0,2.0,20.0,22.0
8721,1704803,1385000,SSG 랜더스카드,75.0,경기 성남시,20,공무원,28,남,36.0,20.0,19.0,14.0,11.0
8722,3306679,2548000,신한 Deep카드,60.0,세종,30,기획,31,여,10.0,13.0,63.0,13.0,1.0
8723,2946771,937000,신한 Deep카드,66.0,대전 유성구,30,회계,30,여,24.0,10.0,48.0,17.0,1.0
8724,2929474,1710000,현대 ZERO카드,69.0,대전 유성구,20,회계,27,남,49.0,11.0,8.0,26.0,6.0
8725,2630168,1772000,NH 농협카드,43.0,서울 강남구,30,공무원,35,남,19.0,11.0,40.0,8.0,22.0
8726,2458261,1086000,네이버페이 현대,44.0,인천 남동구,20,디자이너,27,남,44.0,20.0,18.0,17.0,1.0
8727,2348684,645000,SSG 랜더스카드,56.0,울산 남구,20,컨설턴트,20,남,15.0,16.0,38.0,31.0,0.0
8728,2814001,1510000,씨티 Premier카드,51.0,경기 고양시,20,데이터분석가,29,여,30.0,34.0,21.0,15.0,0.0
8729,3812173,503000,SSG 랜더스카드,40.0,서울 강동구,30,생산직,35,남,1.0,7.0,17.0,26.0,49.0
8730,2346525,971000,KB 혜담카드,85.0,서울 성동구,20,연구원,24,남,30.0,16.0,13.0,13.0,28.0
8731,1491024,1079000,SSG 랜더스카드,66.0,경기 수원시,20,생산직,28,남,3.0,22.0,62.0,0.0,13.0
8732,3389830,2550000,하나 Simple카드,58.0,울산 남구,30,간호사,32,여,37.0,2.0,9.0,25.0,27.0
8733,2777993,1863000,현대 ZERO카드,67.0,서울 강남구,30,간호사,31,여,1.0,26.0,50.0,13.0,10.0
8734,2574094,1951000,카카오뱅크 체크,64.0,대전 유성구,30,데이터분석가,32,남,45.0,39.0,4.0,10.0,2.0
8735,3284579,690000,삼성 taptap카드,79.0,서울 강동구,30,데이터분석가,31,남,30.0,10.0,25.0,17.0,18.0
8736,1942234,746000,우리 Young카드,73.0,세종,30,대학생,34,남,2.0,21.0,10.0,55.0,12.0
8737,2777676,853000,카카오뱅크 체크,47.0,울산 남구,20,대학생,22,남,5.0,5.0,29.0,8.0,53.0
8738,1970151,743000,네이버페이 현대,71.0,서울 관악구,30,디자이너,39,남,44.0,37.0,0.0,1.0,18.0
8739,2389582,1899000,SSG 랜더스카드,78.0,경기 수원시,30,연구원,32,여,1.0,60.0,27.0,7.0,5.0
8740,2622227,1177000,SSG 랜더스카드,48.0,서울 노원구,30,연구원,35,여,3.0,16.0,4.0,24.0,53.0
8741,3019419,1111000,NH 농협카드,51.0,서울 서초구,30,디자이너,30,여,1.0,23.0,39.0,13.0,24.0
8742,3074581,1365000,롯데 DC카드,68.0,세종,30,간호사,31,남,13.0,47.0,1.0,37.0,2.0
8743,2817481,1219000,씨티 Premier카드,62.0,경기 고양시,30,연구원,30,여,48.0,6.0,17.0,2.0,27.0
8744,2485916,1056000,네이버페이 현대,70.0,서울 마포구,30,서비스직,32,여,35.0,15.0,8.0,41.0,1.0
8745,2233907,1193000,씨티 Premier카드,76.0,서울 송파구,20,생산직,26,남,1.0,15.0,56.0,28.0,0.0
8746,2292738,1149000,네이버페이 현대,67.0,서울 강동구,20,개발자,27,남,25.0,26.0,29.0,20.0,0.0
8747,2155471,868000,토스카드,52.0,서울 서초구,20,서비스직,24,남,64.0,1.0,18.0,8.0,9.0
8748,1819400,2612000,KB 혜담카드,54.0,부산 해운대구,30,서비스직,33,남,15.0,9.0,44.0,7.0,25.0
8749,2462173,2588000,토스카드,64.0,서울 마포구,30,간호사,37,남,73.0,7.0,7.0,11.0,2.0
8750,2622387,1438000,KB 혜담카드,63.0,서울 송파구,30,대학생,32,여,74.0,17.0,8.0,0.0,1.0
8751,2125439,519000,삼성 taptap카드,73.0,광주 서구,20,프리랜서,20,남,28.0,33.0,14.0,15.0,10.0
8752,2172095,1074000,씨티 Premier카드,47.0,대구 수성구,20,영업,24,여,11.0,3.0,18.0,55.0,13.0
8753,2773652,2489000,롯데 DC카드,47.0,인천 남동구,30,대학생,39,남,23.0,17.0,17.0,16.0,27.0
8754,2068200,1180000,네이버페이 현대,63.0,부산 해운대구,30,영업,32,여,9.0,23.0,33.0,35.0,0.0
8755,2003450,2359000,신한 Deep카드,69.0,광주 서구,20,개발자,27,남,10.0,12.0,16.0,10.0,52.0
8756,2346584,1429000,NH 농협카드,85.0,대전 유성구,30,컨설턴트,31,여,6.0,41.0,9.0,1.0,43.0
8757,2252571,2157000,롯데 DC카드,85.0,서울 송파구,20,생산직,27,남,10.0,2.0,13.0,59.0,16.0
8758,3275364,1344000,토스카드,72.0,서울 강동구,30,마케팅,31,남,50.0,17.0,19.0,11.0,3.0
8759,2409724,920000,하나 Simple카드,41.0,울산 남구,30,기획,33,여,23.0,4.0,5.0,62.0,6.0
8760,1735172,1281000,토스카드,66.0,서울 노원구,20,프리랜서,25,남,0.0,17.0,9.0,69.0,5.0
8761,1550958,1548000,롯데 DC카드,75.0,인천 남동구,20,연구원,22,여,12.0,16.0,3.0,32.0,37.0
8762,3548718,2264000,우리 Young카드,65.0,서울 동작구,20,프리랜서,25,여,0.0,45.0,13.0,7.0,35.0
8763,2209129,1733000,SSG 랜더스카드,56.0,서울 동작구,30,영업,32,남,5.0,31.0,40.0,1.0,23.0
8764,2636962,1219000,이마트 KB카드,50.0,경기 수원시,30,간호사,38,남,1.0,26.0,29.0,42.0,2.0
8765,2508500,1130000,신한 Deep카드,52.0,경기 고양시,20,마케팅,23,여,17.0,11.0,8.0,49.0,15.0
8766,2430430,1105000,IBK 두드림카드,69.0,부산 해운대구,20,기획,24,남,1.0,1.0,44.0,3.0,51.0
8767,2760432,1510000,카카오뱅크 체크,62.0,서울 관악구,30,영업,31,여,2.0,6.0,11.0,66.0,15.0
8768,2278641,814000,롯데 DC카드,58.0,울산 남구,30,프리랜서,33,여,33.0,16.0,28.0,14.0,9.0
8769,3166990,1397000,SSG 랜더스카드,69.0,부산 해운대구,30,컨설턴트,35,남,19.0,50.0,5.0,7.0,19.0
8770,2280671,657000,이마트 KB카드,83.0,서울 마포구,20,컨설턴트,26,남,24.0,19.0,34.0,8.0,15.0
8771,2343934,1177000,NH 농협카드,60.0,대구 수성구,30,회계,33,여,7.0,6.0,31.0,43.0,13.0
8772,2372704,1471000,카카오뱅크 체크,82.0,대전 유성구,20,서비스직,20,남,17.0,19.0,29.0,7.0,28.0
8773,3738755,926000,NH 농협카드,51.0,서울 관악구,30,서비스직,34,남,27.0,10.0,5.0,9.0,49.0
8774,2238899,698000,네이버페이 현대,55.0,서울 마포구,20,공무원,24,남,17.0,13.0,26.0,38.0,6.0
8775,2492226,1392000,롯데 DC카드,55.0,서울 송파구,30,컨설턴트,31,여,2.0,9.0,31.0,28.0,30.0
8776,3747712,1271000,SSG 랜더스카드,63.0,서울 노원구,30,디자이너,32,남,6.0,13.0,21.0,0.0,60.0
8777,2730680,1352000,토스카드,49.0,서울 관악구,20,개발자,27,남,1.0,42.0,1.0,45.0,11.0
8778,3041968,786000,하나 Simple카드,55.0,서울 강남구,20,개발자,29,여,14.0,49.0,11.0,2.0,24.0
8779,1371884,790000,SSG 랜더스카드,59.0,서울 서초구,20,공무원,29,남,37.0,12.0,41.0,5.0,5.0
8780,3633583,1174000,토스카드,49.0,광주 서구,30,생산직,31,남,56.0,4.0,2.0,5.0,33.0
8781,2800790,801000,네이버페이 현대,70.0,서울 동작구,30,간호사,32,여,32.0,44.0,3.0,6.0,15.0
8782,1807173,1801000,신한 Deep카드,64.0,서울 용산구,20,공무원,22,여,12.0,5.0,15.0,43.0,25.0
8783,2375793,1286000,우리 Young카드,40.0,경기 성남시,20,대학생,29,여,13.0,7.0,12.0,17.0,51.0
8784,2775560,1489000,롯데 DC카드,83.0,서울 노원구,20,생산직,26,남,59.0,14.0,12.0,7.0,8.0
8785,1835420,729000,토스카드,51.0,경기 성남시,20,마케팅,22,여,63.0,18.0,1.0,11.0,7.0
8786,2471281,1914000,롯데 DC카드,77.0,경기 성남시,20,컨설턴트,29,남,55.0,1.0,15.0,1.0,28.0
8787,2685676,1239000,하나 Simple카드,55.0,경기 수원시,20,기획,27,남,33.0,22.0,6.0,1.0,38.0
8788,2250286,1963000,삼성 taptap카드,85.0,경기 수원시,30,대학생,36,남,10.0,17.0,10.0,17.0,46.0
8789,2900400,1197000,카카오뱅크 체크,77.0,서울 서초구,30,공무원,30,남,12.0,21.0,35.0,21.0,11.0
8790,2650484,1101000,네이버페이 현대,41.0,대구 수성구,30,회계,33,여,33.0,37.0,12.0,11.0,7.0
8791,2442707,804000,씨티 Premier카드,74.0,울산 남구,30,연구원,32,남,56.0,0.0,3.0,18.0,23.0
8792,2060423,1292000,토스카드,84.0,서울 성동구,30,생산직,34,여,8.0,44.0,0.0,43.0,5.0
8793,2182477,1287000,토스카드,64.0,대전 유성구,20,연구원,21,여,34.0,6.0,7.0,23.0,30.0
8794,2900819,2047000,NH 농협카드,83.0,세종,30,공무원,38,여,31.0,16.0,3.0,45.0,5.0
8795,3450613,948000,삼성 taptap카드,84.0,서울 용산구,30,공무원,38,남,19.0,38.0,32.0,8.0,3.0
8796,2069293,1450000,KB 혜담카드,43.0,대전 유성구,30,기획,30,여,39.0,47.0,4.0,3.0,7.0
8797,2576083,646000,IBK 두드림카드,78.0,울산 남구,20,대학생,29,남,33.0,21.0,4.0,26.0,16.0
8798,2414842,1033000,우리 Young카드,40.0,세종,30,디자이너,38,남,48.0,10.0,1.0,39.0,2.0
8799,1694915,1513000,우리 Young카드,56.0,울산 남구,30,영업,35,여,7.0,23.0,55.0,10.0,5.0
8800,2066428,795000,씨티 Premier카드,65.0,경기 수원시,20,데이터분석가,29,남,26.0,32.0,3.0,15.0,24.0
8801,2811484,1789000,네이버페이 현대,56.0,서울 강동구,20,간호사,24,남,7.0,34.0,36.0,11.0,12.0
8802,2827980,801000,SSG 랜더스카드,83.0,광주 서구,30,데이터분석가,30,여,12.0,0.0,0.0,44.0,44.0
8803,2998899,2135000,토스카드,64.0,서울 용산구,30,생산직,35,남,22.0,2.0,47.0,21.0,8.0
8804,2041647,1181000,네이버페이 현대,44.0,서울 성동구,20,기획,23,여,16.0,26.0,42.0,11.0,5.0
8805,2727166,1500000,하나 Simple카드,41.0,경기 성남시,30,공무원,36,남,25.0,9.0,46.0,20.0,0.0
8806,3076149,650000,토스카드,83.0,서울 관악구,30,디자이너,32,남,42.0,33.0,1.0,14.0,10.0
8807,1715781,1852000,토스카드,83.0,울산 남구,20,프리랜서,29,남,28.0,28.0,32.0,7.0,5.0
8808,2756324,1077000,IBK 두드림카드,48.0,대전 유성구,30,공무원,32,남,12.0,24.0,17.0,16.0,31.0
8809,2142215,1035000,삼성 taptap카드,49.0,부산 해운대구,20,컨설턴트,23,남,44.0,7.0,5.0,38.0,6.0
8810,1824462,1834000,현대 ZERO카드,63.0,경기 성남시,30,프리랜서,32,여,30.0,6.0,32.0,4.0,28.0
8811,1830775,982000,KB 혜담카드,68.0,서울 강남구,20,디자이너,28,여,2.0,44.0,8.0,23.0,23.0
8812,2705253,2019000,하나 Simple카드,65.0,부산 해운대구,30,마케팅,31,여,0.0,35.0,6.0,11.0,48.0
8813,3006658,547000,우리 Young카드,42.0,서울 용산구,30,회계,31,남,26.0,38.0,2.0,23.0,11.0
8814,2095619,1046000,네이버페이 현대,45.0,서울 노원구,20,대학생,28,여,30.0,37.0,22.0,5.0,6.0
8815,2044286,953000,하나 Simple카드,55.0,서울 강동구,30,프리랜서,39,여,17.0,12.0,42.0,22.0,7.0
8816,3288424,948000,롯데 DC카드,50.0,대구 수성구,30,디자이너,34,여,16.0,11.0,25.0,25.0,23.0
8817,2413414,1675000,롯데 DC카드,74.0,경기 고양시,30,간호사,34,남,61.0,20.0,11.0,7.0,1.0
8818,2625796,1442000,현대 ZERO카드,83.0,서울 노원구,30,영업,38,여,1.0,70.0,11.0,10.0,8.0
8819,2006065,1384000,카카오뱅크 체크,83.0,인천 남동구,20,마케팅,28,여,67.0,0.0,0.0,26.0,7.0
8820,3025395,1230000,우리 Young카드,55.0,경기 고양시,30,마케팅,30,남,20.0,3.0,59.0,5.0,13.0
8821,2728804,1412000,우리 Young카드,40.0,부산 해운대구,30,기획,31,여,5.0,47.0,19.0,12.0,17.0
8822,2040820,1566000,우리 Young카드,42.0,부산 해운대구,30,회계,37,남,6.0,29.0,33.0,11.0,21.0
8823,2496691,1321000,현대 ZERO카드,63.0,경기 성남시,30,생산직,34,여,24.0,39.0,8.0,19.0,10.0
8824,2845364,1174000,삼성 taptap카드,73.0,세종,20,대학생,24,여,9.0,21.0,63.0,7.0,0.0
8825,3130750,1784000,우리 Young카드,83.0,광주 서구,20,프리랜서,24,여,20.0,43.0,4.0,3.0,30.0
8826,2908990,1055000,KB 혜담카드,50.0,경기 성남시,30,연구원,33,남,8.0,22.0,63.0,1.0,6.0
8827,3029176,601000,토스카드,81.0,대구 수성구,30,공무원,37,남,17.0,19.0,12.0,50.0,2.0
8828,3605666,1284000,카카오뱅크 체크,69.0,울산 남구,30,마케팅,30,여,16.0,8.0,2.0,63.0,11.0
8829,3794446,1256000,네이버페이 현대,53.0,대전 유성구,30,연구원,31,남,21.0,17.0,20.0,29.0,13.0
8830,1941357,1734000,KB 혜담카드,79.0,경기 수원시,20,회계,25,남,20.0,3.0,30.0,40.0,7.0
8831,2190508,664000,KB 혜담카드,68.0,경기 수원시,30,프리랜서,36,여,49.0,6.0,1.0,11.0,33.0
8832,2728274,1313000,신한 Deep카드,65.0,경기 수원시,20,대학생,29,남,3.0,12.0,1.0,72.0,12.0
8833,2292274,1776000,KB 혜담카드,63.0,경기 고양시,30,기획,38,남,33.0,7.0,29.0,1.0,30.0
8834,2793863,898000,현대 ZERO카드,80.0,서울 강남구,20,연구원,26,남,4.0,28.0,23.0,41.0,4.0
8835,2417149,1537000,카카오뱅크 체크,54.0,서울 관악구,20,마케팅,22,남,43.0,5.0,19.0,6.0,27.0
8836,2758860,975000,IBK 두드림카드,44.0,인천 남동구,30,생산직,39,여,12.0,19.0,16.0,8.0,45.0
8837,2121633,1397000,카카오뱅크 체크,59.0,세종,20,프리랜서,29,여,19.0,13.0,11.0,3.0,54.0
8838,1935087,1210000,씨티 Premier카드,75.0,울산 남구,20,컨설턴트,22,여,34.0,17.0,13.0,22.0,14.0
8839,3230996,993000,SSG 랜더스카드,84.0,서울 관악구,30,회계,30,여,23.0,21.0,20.0,19.0,17.0
8840,2376631,1156000,NH 농협카드,61.0,광주 서구,30,마케팅,34,여,26.0,15.0,11.0,7.0,41.0
8841,2294532,1516000,KB 혜담카드,77.0,서울 서초구,30,서비스직,30,여,15.0,23.0,26.0,16.0,20.0
8842,2943904,889000,토스카드,84.0,서울 노원구,30,컨설턴트,32,남,42.0,30.0,3.0,16.0,9.0
8843,2596511,1290000,네이버페이 현대,68.0,서울 용산구,30,연구원,39,여,15.0,2.0,27.0,17.0,39.0
8844,2278422,1879000,신한 Deep카드,63.0,광주 서구,30,개발자,34,남,75.0,2.0,1.0,15.0,7.0
8845,1967564,1627000,IBK 두드림카드,67.0,부산 해운대구,20,대학생,25,여,15.0,63.0,9.0,11.0,2.0
8846,1940983,1232000,신한 Deep카드,50.0,세종,20,회계,22,여,22.0,20.0,1.0,5.0,52.0
8847,2672640,954000,NH 농협카드,58.0,서울 송파구,20,기획,24,남,5.0,15.0,5.0,32.0,43.0
8848,1807018,1958000,KB 혜담카드,72.0,세종,20,디자이너,29,여,2.0,9.0,10.0,69.0,10.0
8849,1770962,1455000,NH 농협카드,84.0,울산 남구,30,공무원,30,남,42.0,6.0,2.0,21.0,29.0
8850,1516452,1162000,현대 ZERO카드,65.0,부산 해운대구,30,서비스직,31,여,2.0,47.0,39.0,10.0,2.0
8851,1970733,846000,씨티 Premier카드,53.0,서울 노원구,30,개발자,35,남,9.0,41.0,26.0,2.0,22.0
8852,2930769,740000,씨티 Premier카드,71.0,대전 유성구,20,연구원,22,여,42.0,7.0,13.0,7.0,31.0
8853,2258103,1456000,이마트 KB카드,53.0,경기 성남시,20,공무원,23,남,20.0,21.0,37.0,19.0,3.0
8854,2500624,2099000,우리 Young카드,48.0,경기 성남시,20,마케팅,27,남,9.0,8.0,27.0,0.0,56.0
8855,2518243,1189000,신한 Deep카드,50.0,서울 노원구,20,생산직,26,남,6.0,33.0,17.0,8.0,36.0
8856,2278091,1471000,이마트 KB카드,65.0,서울 서초구,20,기획,23,남,4.0,11.0,16.0,48.0,21.0
8857,2947653,1182000,SSG 랜더스카드,73.0,서울 강동구,30,서비스직,32,남,11.0,69.0,5.0,7.0,8.0
8858,3022263,986000,이마트 KB카드,53.0,서울 용산구,30,컨설턴트,38,여,30.0,55.0,3.0,11.0,1.0
8859,3102197,1659000,씨티 Premier카드,51.0,서울 서초구,30,서비스직,33,남,7.0,11.0,14.0,37.0,31.0
8860,3979368,1743000,우리 Young카드,71.0,부산 해운대구,30,서비스직,39,남,8.0,38.0,17.0,25.0,12.0
8861,2560414,780000,카카오뱅크 체크,62.0,서울 동작구,20,개발자,28,남,14.0,62.0,2.0,5.0,17.0
8862,1941101,991000,NH 농협카드,62.0,경기 수원시,20,프리랜서,24,여,14.0,60.0,9.0,9.0,8.0
8863,2001432,870000,SSG 랜더스카드,73.0,경기 수원시,20,디자이너,22,여,2.0,31.0,36.0,22.0,9.0
8864,2136267,1151000,카카오뱅크 체크,50.0,인천 남동구,30,디자이너,33,여,31.0,36.0,22.0,2.0,9.0
8865,2858774,1071000,카카오뱅크 체크,51.0,서울 강동구,20,개발자,29,여,31.0,2.0,23.0,26.0,18.0
8866,2716464,1143000,IBK 두드림카드,84.0,세종,30,생산직,30,남,4.0,85.0,0.0,3.0,8.0
8867,1850763,1573000,롯데 DC카드,80.0,인천 남동구,20,디자이너,26,남,20.0,2.0,4.0,63.0,11.0
8868,2409889,1404000,KB 혜담카드,83.0,대전 유성구,20,대학생,29,남,62.0,2.0,20.0,12.0,4.0
8869,2451416,751000,NH 농협카드,59.0,경기 성남시,30,기획,31,여,2.0,7.0,11.0,21.0,59.0
8870,2397284,1819000,삼성 taptap카드,56.0,서울 노원구,20,기획,28,여,30.0,1.0,11.0,37.0,21.0
8871,4322869,2233000,이마트 KB카드,65.0,세종,30,간호사,33,남,10.0,21.0,1.0,9.0,59.0
8872,3639149,1359000,현대 ZERO카드,40.0,광주 서구,30,대학생,31,남,11.0,5.0,10.0,46.0,28.0
8873,3018907,1316000,KB 혜담카드,62.0,광주 서구,30,대학생,35,남,22.0,10.0,1.0,24.0,43.0
8874,2014103,1776000,카카오뱅크 체크,65.0,대구 수성구,30,생산직,39,남,11.0,33.0,2.0,13.0,41.0
8875,2000018,1088000,하나 Simple카드,45.0,서울 마포구,20,기획,27,여,16.0,1.0,50.0,3.0,30.0
8876,2605523,1739000,우리 Young카드,57.0,서울 성동구,20,생산직,20,남,3.0,63.0,12.0,20.0,2.0
8877,1664479,955000,IBK 두드림카드,40.0,서울 송파구,20,연구원,22,여,26.0,56.0,1.0,2.0,15.0
8878,4498679,1111000,NH 농협카드,51.0,서울 서초구,30,디자이너,30,남,1.0,23.0,39.0,13.0,24.0
8879,2257208,820000,씨티 Premier카드,66.0,경기 고양시,20,회계,27,여,4.0,1.0,57.0,11.0,27.0
8880,2274424,550000,네이버페이 현대,42.0,대전 유성구,20,서비스직,26,여,8.0,24.0,42.0,18.0,8.0
8881,2166677,1575000,삼성 taptap카드,45.0,울산 남구,30,간호사,38,여,7.0,4.0,71.0,14.0,4.0
8882,2748368,890000,토스카드,61.0,서울 용산구,30,회계,33,여,3.0,27.0,7.0,36.0,27.0
8883,1670999,994000,하나 Simple카드,61.0,서울 노원구,20,대학생,29,여,4.0,12.0,22.0,29.0,33.0
8884,3332446,747000,토스카드,74.0,울산 남구,20,컨설턴트,28,여,0.0,15.0,21.0,42.0,22.0
8885,3158675,1457000,네이버페이 현대,82.0,서울 노원구,30,서비스직,32,여,11.0,1.0,9.0,10.0,69.0
8886,2992148,933000,현대 ZERO카드,84.0,대전 유성구,30,개발자,37,여,1.0,15.0,59.0,10.0,15.0
8887,1804785,1003000,네이버페이 현대,57.0,세종,30,서비스직,31,여,7.0,32.0,6.0,34.0,21.0
8888,2352706,1409000,IBK 두드림카드,76.0,경기 수원시,20,디자이너,26,여,28.0,25.0,33.0,9.0,5.0
8889,2854543,1389000,네이버페이 현대,77.0,서울 강남구,20,프리랜서,24,여,31.0,8.0,10.0,3.0,48.0
8890,2546552,1623000,우리 Young카드,63.0,세종,20,회계,29,여,15.0,14.0,6.0,61.0,4.0
8891,1748945,1351000,삼성 taptap카드,54.0,서울 동작구,20,생산직,26,남,18.0,6.0,47.0,25.0,4.0
8892,1924953,941000,IBK 두드림카드,81.0,경기 성남시,20,프리랜서,27,남,22.0,20.0,18.0,32.0,8.0
8893,2683644,932000,SSG 랜더스카드,48.0,서울 송파구,30,공무원,35,남,15.0,10.0,45.0,4.0,26.0
8894,2198281,1392000,현대 ZERO카드,40.0,대전 유성구,30,데이터분석가,37,여,4.0,34.0,20.0,25.0,17.0
8895,3014389,729000,토스카드,51.0,경기 성남시,20,마케팅,22,여,63.0,18.0,1.0,11.0,7.0
8896,1655290,1287000,롯데 DC카드,75.0,서울 동작구,30,회계,35,남,2.0,63.0,4.0,11.0,20.0
8897,2577959,1922000,현대 ZERO카드,42.0,울산 남구,20,프리랜서,27,여,29.0,9.0,15.0,8.0,39.0
8898,1853848,1009000,NH 농협카드,76.0,서울 마포구,30,프리랜서,30,여,5.0,7.0,6.0,15.0,67.0
8899,1769374,1921000,삼성 taptap카드,81.0,서울 마포구,20,디자이너,28,남,45.0,14.0,19.0,3.0,19.0
8900,1245133,1038000,롯데 DC카드,80.0,부산 해운대구,20,개발자,28,여,26.0,41.0,10.0,18.0,5.0
8901,2225472,1536000,이마트 KB카드,44.0,인천 남동구,30,간호사,32,여,10.0,22.0,37.0,25.0,6.0
8902,3005365,1345000,현대 ZERO카드,72.0,서울 강남구,20,기획,29,남,0.0,60.0,19.0,17.0,4.0
8903,2382412,1787000,이마트 KB카드,77.0,서울 성동구,20,데이터분석가,24,여,6.0,4.0,23.0,12.0,55.0
8904,1900819,719000,하나 Simple카드,43.0,경기 고양시,30,회계,32,여,24.0,18.0,12.0,25.0,21.0
8905,2758573,1893000,IBK 두드림카드,78.0,서울 동작구,20,서비스직,29,남,38.0,21.0,8.0,27.0,6.0
8906,2865652,1251000,우리 Young카드,57.0,광주 서구,20,생산직,28,남,2.0,7.0,17.0,41.0,33.0
8907,2552023,1935000,하나 Simple카드,42.0,경기 고양시,30,개발자,31,여,37.0,28.0,1.0,20.0,14.0
8908,3267374,1241000,삼성 taptap카드,56.0,서울 성동구,20,회계,27,남,27.0,13.0,25.0,25.0,10.0
8909,2660782,930000,현대 ZERO카드,48.0,대전 유성구,20,데이터분석가,27,남,12.0,4.0,26.0,57.0,1.0
8910,3477856,708000,삼성 taptap카드,70.0,서울 송파구,30,생산직,32,남,43.0,6.0,20.0,21.0,10.0
8911,2098310,2284000,토스카드,64.0,서울 마포구,30,컨설턴트,32,여,38.0,25.0,11.0,15.0,11.0
8912,2563699,1706000,토스카드,54.0,경기 수원시,20,연구원,23,여,20.0,9.0,0.0,11.0,60.0
8913,2608395,873000,카카오뱅크 체크,53.0,부산 해운대구,30,데이터분석가,39,여,13.0,50.0,2.0,1.0,34.0
8914,3363880,830000,NH 농협카드,41.0,서울 용산구,30,프리랜서,34,남,4.0,32.0,46.0,13.0,5.0
8915,2157707,964000,네이버페이 현대,53.0,경기 수원시,30,기획,30,여,41.0,41.0,6.0,0.0,12.0
8916,3089669,2545000,KB 혜담카드,43.0,경기 성남시,30,연구원,32,남,15.0,10.0,43.0,9.0,23.0
8917,1841569,969000,IBK 두드림카드,51.0,서울 성동구,20,간호사,27,남,30.0,14.0,7.0,48.0,1.0
8918,1497007,772000,씨티 Premier카드,44.0,경기 성남시,30,컨설턴트,37,남,21.0,2.0,20.0,14.0,43.0
8919,2749152,610000,토스카드,42.0,서울 강동구,20,프리랜서,26,남,22.0,5.0,29.0,8.0,36.0
8920,1748805,1493000,삼성 taptap카드,78.0,서울 강동구,30,대학생,30,여,16.0,57.0,8.0,12.0,7.0
8921,2553593,1562000,롯데 DC카드,78.0,서울 송파구,30,연구원,34,여,10.0,8.0,70.0,12.0,0.0
8922,2416501,884000,롯데 DC카드,64.0,서울 성동구,20,디자이너,29,남,2.0,7.0,68.0,9.0,14.0
8923,2663281,1415000,카카오뱅크 체크,61.0,울산 남구,30,영업,37,여,4.0,3.0,15.0,18.0,60.0
8924,2358460,954000,IBK 두드림카드,80.0,서울 동작구,30,간호사,36,여,8.0,9.0,15.0,30.0,38.0
8925,2635605,933000,현대 ZERO카드,67.0,경기 성남시,30,개발자,39,여,9.0,19.0,16.0,41.0,15.0
8926,2485483,992000,씨티 Premier카드,77.0,서울 강동구,20,마케팅,29,남,19.0,5.0,9.0,65.0,2.0
8927,2617482,803000,SSG 랜더스카드,69.0,대구 수성구,20,영업,25,여,26.0,23.0,33.0,12.0,6.0
8928,3116720,1129000,카카오뱅크 체크,66.0,대전 유성구,20,회계,28,남,6.0,29.0,34.0,11.0,20.0
8929,2617097,1307000,롯데 DC카드,70.0,서울 서초구,30,서비스직,39,여,38.0,22.0,19.0,6.0,15.0
8930,2282024,1458000,IBK 두드림카드,58.0,서울 성동구,20,서비스직,23,남,7.0,52.0,29.0,11.0,1.0
8931,2046635,1121000,이마트 KB카드,83.0,서울 마포구,30,컨설턴트,31,여,11.0,37.0,21.0,8.0,23.0
8932,2467973,1810000,삼성 taptap카드,64.0,서울 강남구,20,영업,28,남,1.0,70.0,2.0,14.0,13.0
8933,3467168,1431000,토스카드,68.0,서울 강동구,30,영업,30,남,6.0,40.0,30.0,22.0,2.0
8934,2403848,1841000,네이버페이 현대,58.0,서울 용산구,30,개발자,30,여,7.0,12.0,38.0,30.0,13.0
8935,2522306,1392000,하나 Simple카드,81.0,세종,20,간호사,28,여,67.0,2.0,15.0,7.0,9.0
8936,2103741,1345000,SSG 랜더스카드,49.0,서울 강동구,20,디자이너,28,여,10.0,10.0,48.0,17.0,15.0
8937,2835496,1058000,NH 농협카드,60.0,서울 마포구,30,회계,31,여,4.0,23.0,1.0,7.0,65.0
8938,2706301,754000,삼성 taptap카드,78.0,서울 노원구,20,연구원,23,남,15.0,40.0,35.0,6.0,4.0
8939,2699313,2212000,토스카드,70.0,대구 수성구,20,대학생,28,여,1.0,60.0,8.0,8.0,23.0
8940,2308922,1837000,롯데 DC카드,52.0,대전 유성구,20,연구원,26,남,16.0,8.0,5.0,57.0,14.0
8941,1730015,773000,현대 ZERO카드,82.0,대구 수성구,20,대학생,29,남,8.0,2.0,21.0,32.0,37.0
8942,2194043,936000,삼성 taptap카드,48.0,경기 수원시,30,디자이너,32,여,6.0,17.0,50.0,21.0,6.0
8943,2797578,885000,네이버페이 현대,79.0,서울 성동구,30,마케팅,34,여,17.0,15.0,17.0,6.0,45.0
8944,3474406,2236000,삼성 taptap카드,46.0,경기 수원시,20,공무원,25,여,1.0,35.0,34.0,9.0,21.0
8945,2329639,926000,NH 농협카드,51.0,서울 관악구,30,서비스직,34,여,27.0,10.0,5.0,9.0,49.0
8946,2477918,986000,네이버페이 현대,51.0,서울 관악구,20,기획,29,여,3.0,2.0,29.0,18.0,48.0
8947,1971973,1467000,현대 ZERO카드,56.0,서울 강남구,20,개발자,29,남,3.0,65.0,8.0,10.0,14.0
8948,2318223,847000,씨티 Premier카드,72.0,경기 고양시,30,마케팅,31,남,27.0,1.0,9.0,26.0,37.0
8949,1911842,1243000,하나 Simple카드,83.0,서울 관악구,20,생산직,27,여,6.0,37.0,20.0,34.0,3.0
8950,1208764,699000,삼성 taptap카드,81.0,부산 해운대구,20,개발자,26,남,27.0,13.0,5.0,43.0,12.0
8951,2926717,1176000,씨티 Premier카드,76.0,경기 성남시,20,컨설턴트,27,남,9.0,12.0,54.0,1.0,24.0
8952,1134934,611000,SSG 랜더스카드,78.0,광주 서구,20,영업,20,남,7.0,15.0,47.0,28.0,3.0
8953,2368085,2029000,씨티 Premier카드,75.0,경기 고양시,30,프리랜서,33,여,10.0,15.0,6.0,27.0,42.0
8954,1660936,1044000,롯데 DC카드,84.0,대구 수성구,20,간호사,23,남,7.0,58.0,16.0,9.0,10.0
8955,1807809,1169000,신한 Deep카드,69.0,인천 남동구,20,대학생,29,여,7.0,2.0,4.0,22.0,65.0
8956,3188261,1383000,카카오뱅크 체크,61.0,서울 성동구,30,컨설턴트,31,여,20.0,52.0,5.0,18.0,5.0
8957,2350533,1160000,네이버페이 현대,49.0,서울 관악구,20,기획,24,남,22.0,8.0,11.0,45.0,14.0
8958,1767301,828000,씨티 Premier카드,59.0,서울 강남구,20,회계,27,여,43.0,5.0,11.0,33.0,8.0
8959,1955241,1862000,롯데 DC카드,56.0,서울 강남구,20,영업,28,여,5.0,52.0,13.0,21.0,9.0
8960,2117259,1804000,삼성 taptap카드,43.0,대전 유성구,30,프리랜서,31,여,45.0,36.0,13.0,6.0,0.0
8961,2228227,998000,네이버페이 현대,65.0,경기 성남시,20,개발자,29,여,25.0,17.0,6.0,3.0,49.0
8962,2336445,1066000,우리 Young카드,65.0,인천 남동구,20,영업,23,남,35.0,2.0,22.0,29.0,12.0
8963,3197787,786000,하나 Simple카드,55.0,서울 강남구,20,개발자,29,여,14.0,49.0,11.0,2.0,24.0
8964,1291849,921000,NH 농협카드,81.0,서울 노원구,20,디자이너,29,남,7.0,10.0,40.0,0.0,43.0
8965,2232593,819000,롯데 DC카드,74.0,울산 남구,20,디자이너,29,여,2.0,53.0,12.0,21.0,12.0
8966,2342216,1508000,씨티 Premier카드,82.0,서울 강동구,30,기획,33,여,3.0,6.0,23.0,37.0,31.0
8967,2723274,1227000,KB 혜담카드,72.0,서울 성동구,20,디자이너,28,여,28.0,23.0,24.0,21.0,4.0
8968,2427409,1427000,이마트 KB카드,72.0,울산 남구,20,디자이너,29,남,16.0,10.0,34.0,29.0,11.0
8969,2545181,1239000,우리 Young카드,45.0,대전 유성구,20,서비스직,22,남,12.0,24.0,13.0,2.0,49.0
8970,3241560,1124000,롯데 DC카드,78.0,울산 남구,30,연구원,35,남,31.0,4.0,39.0,13.0,13.0
8971,1784004,1044000,롯데 DC카드,84.0,대구 수성구,20,간호사,23,남,7.0,58.0,16.0,9.0,10.0
8972,3847885,976000,SSG 랜더스카드,46.0,서울 용산구,30,기획,33,남,65.0,5.0,5.0,1.0,24.0
8973,2649252,881000,토스카드,70.0,대전 유성구,20,생산직,28,여,0.0,14.0,5.0,51.0,30.0
8974,2707764,663000,토스카드,53.0,서울 서초구,20,데이터분석가,23,남,20.0,19.0,30.0,6.0,25.0
8975,2882025,2114000,신한 Deep카드,77.0,경기 고양시,20,간호사,27,여,2.0,25.0,24.0,23.0,26.0
8976,2458837,635000,네이버페이 현대,53.0,서울 관악구,20,연구원,27,남,25.0,17.0,8.0,25.0,25.0
8977,2990496,1624000,현대 ZERO카드,56.0,부산 해운대구,20,연구원,25,여,75.0,5.0,6.0,3.0,11.0
8978,2688819,1472000,삼성 taptap카드,45.0,울산 남구,30,공무원,38,여,1.0,6.0,6.0,34.0,53.0
8979,2140470,636000,신한 Deep카드,59.0,서울 동작구,20,회계,28,여,46.0,2.0,3.0,2.0,47.0
8980,2496698,1420000,현대 ZERO카드,61.0,경기 고양시,30,연구원,34,여,32.0,48.0,10.0,10.0,0.0
8981,2238078,1624000,신한 Deep카드,67.0,서울 성동구,20,영업,20,남,9.0,58.0,4.0,20.0,9.0
8982,2240304,1215000,네이버페이 현대,69.0,서울 강동구,30,공무원,38,여,40.0,26.0,0.0,11.0,23.0
8983,4142322,1334000,현대 ZERO카드,73.0,서울 노원구,30,생산직,34,남,11.0,15.0,15.0,46.0,13.0
8984,2398147,1251000,씨티 Premier카드,62.0,경기 고양시,20,프리랜서,22,남,4.0,3.0,3.0,72.0,18.0
8985,2297369,666000,카카오뱅크 체크,59.0,부산 해운대구,20,대학생,26,여,9.0,40.0,10.0,9.0,32.0
8986,3271791,852000,SSG 랜더스카드,72.0,경기 수원시,30,서비스직,30,남,27.0,1.0,10.0,29.0,33.0
8987,3989927,2028000,씨티 Premier카드,84.0,서울 강동구,30,개발자,37,여,13.0,56.0,2.0,17.0,12.0
8988,1684137,1204000,NH 농협카드,70.0,서울 송파구,20,기획,26,남,26.0,10.0,17.0,9.0,38.0
8989,1827480,636000,신한 Deep카드,59.0,서울 동작구,20,회계,28,남,46.0,2.0,3.0,2.0,47.0
8990,1559714,2067000,KB 혜담카드,70.0,경기 성남시,20,생산직,25,남,30.0,23.0,35.0,12.0,0.0
8991,2133700,1227000,네이버페이 현대,55.0,광주 서구,20,회계,26,남,50.0,7.0,3.0,38.0,2.0
8992,3171862,3021000,SSG 랜더스카드,73.0,세종,30,영업,39,남,14.0,13.0,9.0,39.0,25.0
8993,2674274,1298000,토스카드,82.0,세종,30,공무원,37,남,22.0,43.0,17.0,3.0,15.0
8994,1980136,1979000,NH 농협카드,70.0,광주 서구,20,컨설턴트,27,남,13.0,6.0,10.0,38.0,33.0
8995,2321202,1850000,현대 ZERO카드,63.0,서울 성동구,20,간호사,28,여,30.0,16.0,18.0,29.0,7.0
8996,1998946,1179000,우리 Young카드,66.0,서울 송파구,20,마케팅,26,남,23.0,33.0,24.0,17.0,3.0
8997,2655087,1287000,KB 혜담카드,48.0,서울 관악구,30,회계,37,여,3.0,9.0,22.0,42.0,24.0
8998,2807117,1031000,KB 혜담카드,82.0,대구 수성구,20,영업,29,남,3.0,37.0,16.0,7.0,37.0
8999,2588515,1994000,네이버페이 현대,68.0,대전 유성구,20,마케팅,27,여,18.0,37.0,28.0,9.0,8.0
9000,3616709,1580000,토스카드,67.0,경기 성남시,30,간호사,31,남,29.0,14.0,42.0,7.0,8.0
9001,3760142,1558000,씨티 Premier카드,60.0,경기 고양시,30,개발자,32,남,12.0,4.0,38.0,8.0,38.0
9002,2641414,1633000,롯데 DC카드,79.0,울산 남구,30,생산직,31,여,7.0,5.0,8.0,2.0,78.0
9003,2170679,1308000,KB 혜담카드,50.0,서울 강남구,20,회계,29,남,17.0,5.0,46.0,24.0,8.0
9004,1863873,2364000,우리 Young카드,78.0,광주 서구,20,대학생,24,여,6.0,4.0,40.0,34.0,16.0
9005,2054410,969000,IBK 두드림카드,51.0,서울 성동구,20,간호사,27,남,30.0,14.0,7.0,48.0,1.0
9006,1988157,1823000,현대 ZERO카드,75.0,서울 동작구,20,생산직,29,여,67.0,26.0,4.0,0.0,3.0
9007,2615836,1985000,삼성 taptap카드,78.0,대전 유성구,20,마케팅,25,남,36.0,16.0,5.0,34.0,9.0
9008,2423391,1285000,SSG 랜더스카드,68.0,서울 동작구,20,공무원,23,남,7.0,27.0,11.0,35.0,20.0
9009,2598378,2057000,이마트 KB카드,80.0,대구 수성구,20,프리랜서,28,여,9.0,52.0,8.0,7.0,24.0
9010,2187764,918000,KB 혜담카드,82.0,경기 수원시,30,공무원,30,남,27.0,11.0,10.0,47.0,5.0
9011,3215874,1102000,네이버페이 현대,46.0,서울 노원구,30,프리랜서,34,여,10.0,44.0,13.0,2.0,31.0
9012,2036509,1471000,이마트 KB카드,65.0,서울 서초구,20,기획,23,남,4.0,11.0,16.0,48.0,21.0
9013,1949991,1468000,네이버페이 현대,69.0,인천 남동구,30,프리랜서,30,여,16.0,4.0,8.0,56.0,16.0
9014,2692547,1490000,현대 ZERO카드,50.0,서울 송파구,30,생산직,32,남,3.0,8.0,5.0,23.0,61.0
9015,3741882,1963000,삼성 taptap카드,85.0,경기 수원시,30,대학생,36,여,10.0,17.0,10.0,17.0,46.0
9016,2306141,1907000,네이버페이 현대,64.0,서울 마포구,30,간호사,36,여,6.0,10.0,30.0,1.0,53.0
9017,2772432,1402000,IBK 두드림카드,65.0,대전 유성구,30,마케팅,32,남,66.0,1.0,0.0,23.0,10.0
9018,2865526,1703000,카카오뱅크 체크,66.0,세종,30,기획,31,남,35.0,1.0,7.0,28.0,29.0
9019,2895965,809000,삼성 taptap카드,69.0,서울 강동구,30,컨설턴트,39,남,3.0,11.0,16.0,66.0,4.0
9020,1859261,779000,삼성 taptap카드,74.0,서울 송파구,20,대학생,29,여,9.0,27.0,25.0,19.0,20.0
9021,2321606,2212000,현대 ZERO카드,71.0,서울 성동구,20,영업,29,남,35.0,29.0,7.0,11.0,18.0
9022,2787797,1032000,네이버페이 현대,80.0,울산 남구,20,생산직,20,남,17.0,38.0,8.0,24.0,13.0
9023,3220002,941000,신한 Deep카드,80.0,경기 고양시,30,간호사,32,남,4.0,17.0,0.0,0.0,79.0
9024,2222184,1508000,이마트 KB카드,47.0,대구 수성구,30,개발자,30,남,8.0,17.0,8.0,51.0,16.0
9025,2327827,1587000,현대 ZERO카드,62.0,서울 용산구,30,회계,30,여,22.0,11.0,29.0,2.0,36.0
9026,2224236,770000,카카오뱅크 체크,57.0,서울 서초구,30,연구원,35,여,19.0,1.0,66.0,9.0,5.0
9027,2526469,532000,롯데 DC카드,78.0,서울 서초구,30,연구원,33,여,40.0,23.0,5.0,15.0,17.0
9028,2915225,1465000,롯데 DC카드,73.0,경기 성남시,20,개발자,28,여,0.0,11.0,22.0,26.0,41.0
9029,2425558,1386000,NH 농협카드,67.0,인천 남동구,30,회계,36,여,47.0,0.0,6.0,44.0,3.0
9030,4244351,1260000,SSG 랜더스카드,82.0,서울 강동구,30,데이터분석가,35,남,4.0,4.0,27.0,65.0,0.0
9031,2688102,1140000,이마트 KB카드,69.0,대구 수성구,20,마케팅,27,여,12.0,19.0,17.0,15.0,37.0
9032,2787040,2068000,삼성 taptap카드,60.0,부산 해운대구,30,회계,35,여,3.0,7.0,63.0,11.0,16.0
9033,3229065,1389000,하나 Simple카드,85.0,대전 유성구,20,디자이너,28,여,1.0,57.0,11.0,13.0,18.0
9034,2494905,2212000,현대 ZERO카드,71.0,서울 성동구,20,영업,29,남,35.0,29.0,7.0,11.0,18.0
9035,1256736,558000,하나 Simple카드,65.0,서울 용산구,20,데이터분석가,24,남,8.0,1.0,1.0,45.0,45.0
9036,2666332,2392000,토스카드,84.0,서울 용산구,20,데이터분석가,29,남,54.0,17.0,8.0,7.0,14.0
9037,1703995,1380000,KB 혜담카드,51.0,세종,30,대학생,35,여,26.0,7.0,2.0,60.0,5.0
9038,2476002,1843000,IBK 두드림카드,80.0,대구 수성구,20,회계,26,여,9.0,7.0,10.0,30.0,44.0
9039,1643128,1440000,카카오뱅크 체크,84.0,서울 송파구,30,회계,36,여,11.0,17.0,12.0,5.0,55.0
9040,2673201,1283000,KB 혜담카드,68.0,경기 성남시,30,영업,31,남,9.0,1.0,8.0,80.0,2.0
9041,2068107,1107000,이마트 KB카드,68.0,대구 수성구,20,대학생,22,여,27.0,16.0,17.0,14.0,26.0
9042,1864940,1114000,네이버페이 현대,62.0,서울 강동구,20,회계,28,남,17.0,6.0,68.0,8.0,1.0
9043,2755803,628000,카카오뱅크 체크,56.0,서울 송파구,30,공무원,30,남,7.0,11.0,47.0,34.0,1.0
9044,3016280,1083000,이마트 KB카드,81.0,서울 성동구,30,대학생,31,여,3.0,50.0,40.0,1.0,6.0
9045,1893023,662000,이마트 KB카드,84.0,울산 남구,20,마케팅,21,남,0.0,27.0,3.0,41.0,29.0
9046,3381598,1097000,삼성 taptap카드,45.0,대구 수성구,30,회계,34,남,8.0,23.0,21.0,40.0,8.0
9047,2017175,948000,삼성 taptap카드,84.0,서울 용산구,30,공무원,38,여,19.0,38.0,32.0,8.0,3.0
9048,2405250,1329000,신한 Deep카드,56.0,대구 수성구,30,마케팅,34,여,82.0,3.0,9.0,5.0,1.0
9049,3226687,1301000,삼성 taptap카드,80.0,서울 관악구,30,간호사,39,남,9.0,1.0,31.0,47.0,12.0
9050,1751735,1092000,IBK 두드림카드,47.0,서울 서초구,20,회계,28,여,31.0,8.0,13.0,6.0,42.0
9051,1594139,1843000,IBK 두드림카드,43.0,서울 관악구,20,영업,25,남,16.0,22.0,15.0,37.0,10.0
9052,2745939,1445000,현대 ZERO카드,80.0,서울 용산구,30,데이터분석가,37,여,8.0,32.0,23.0,13.0,24.0
9053,2811540,956000,롯데 DC카드,65.0,서울 용산구,20,연구원,20,여,23.0,10.0,33.0,2.0,32.0
9054,2460467,1863000,KB 혜담카드,84.0,서울 마포구,30,마케팅,31,여,45.0,18.0,8.0,3.0,26.0
9055,2021343,888000,씨티 Premier카드,81.0,경기 고양시,20,회계,25,여,10.0,6.0,23.0,20.0,41.0
9056,3108972,831000,카카오뱅크 체크,78.0,세종,30,컨설턴트,38,남,32.0,11.0,43.0,8.0,6.0
9057,2277739,724000,토스카드,80.0,서울 관악구,20,회계,23,남,1.0,15.0,17.0,46.0,21.0
9058,3170031,2072000,삼성 taptap카드,62.0,광주 서구,30,영업,36,남,43.0,14.0,4.0,38.0,1.0
9059,1230228,1196000,우리 Young카드,53.0,경기 성남시,30,영업,30,남,10.0,12.0,38.0,28.0,12.0
9060,1715447,902000,우리 Young카드,61.0,서울 마포구,20,기획,20,여,25.0,10.0,39.0,12.0,14.0
9061,1827384,893000,KB 혜담카드,75.0,경기 수원시,20,대학생,27,남,19.0,7.0,9.0,36.0,29.0
9062,2325433,1528000,NH 농협카드,40.0,대전 유성구,20,대학생,29,남,22.0,23.0,2.0,36.0,17.0
9063,3130114,966000,씨티 Premier카드,64.0,서울 마포구,30,개발자,39,남,5.0,9.0,8.0,17.0,61.0
9064,2818090,1455000,롯데 DC카드,67.0,대전 유성구,30,컨설턴트,31,여,1.0,5.0,8.0,29.0,57.0
9065,3180307,956000,KB 혜담카드,53.0,경기 고양시,30,회계,35,남,10.0,19.0,61.0,10.0,0.0
9066,1849632,797000,IBK 두드림카드,72.0,서울 강남구,30,생산직,30,여,15.0,24.0,11.0,27.0,23.0
9067,4012903,1035000,롯데 DC카드,44.0,서울 송파구,30,데이터분석가,30,남,10.0,44.0,10.0,27.0,9.0
9068,3890342,1414000,이마트 KB카드,79.0,경기 성남시,30,공무원,34,남,0.0,55.0,9.0,35.0,1.0
9069,2119261,528000,이마트 KB카드,74.0,인천 남동구,30,공무원,34,남,8.0,5.0,25.0,39.0,23.0
9070,2666352,1918000,토스카드,54.0,울산 남구,30,마케팅,32,여,27.0,13.0,18.0,31.0,11.0
9071,2202287,1901000,삼성 taptap카드,69.0,인천 남동구,30,디자이너,34,여,2.0,18.0,3.0,57.0,20.0
9072,2569431,1298000,토스카드,82.0,세종,30,공무원,37,여,22.0,43.0,17.0,3.0,15.0
9073,3737317,737000,하나 Simple카드,72.0,경기 성남시,30,데이터분석가,37,남,7.0,8.0,7.0,73.0,5.0
9074,4491072,889000,IBK 두드림카드,57.0,서울 성동구,30,기획,34,남,6.0,1.0,53.0,39.0,1.0
9075,2625638,991000,씨티 Premier카드,72.0,서울 강남구,20,기획,29,여,12.0,16.0,38.0,15.0,19.0
9076,3206454,1665000,KB 혜담카드,57.0,세종,30,마케팅,32,남,18.0,10.0,10.0,4.0,58.0
9077,2330089,870000,토스카드,80.0,서울 마포구,30,프리랜서,30,여,19.0,1.0,51.0,22.0,7.0
9078,2341067,1665000,NH 농협카드,52.0,광주 서구,20,생산직,24,여,2.0,9.0,2.0,34.0,53.0
9079,3951840,1542000,신한 Deep카드,72.0,대전 유성구,30,회계,35,남,21.0,39.0,15.0,17.0,8.0
9080,2227645,1239000,하나 Simple카드,55.0,경기 수원시,20,기획,27,여,33.0,22.0,6.0,1.0,38.0
9081,1806943,1052000,KB 혜담카드,79.0,서울 마포구,20,서비스직,27,남,15.0,30.0,8.0,36.0,11.0
9082,1866217,864000,토스카드,71.0,세종,30,컨설턴트,36,남,40.0,1.0,33.0,24.0,2.0
9083,2506523,1126000,신한 Deep카드,62.0,경기 고양시,20,간호사,28,남,18.0,31.0,4.0,27.0,20.0
9084,2373644,1001000,KB 혜담카드,54.0,서울 성동구,20,프리랜서,27,여,5.0,18.0,22.0,29.0,26.0
9085,2547864,877000,IBK 두드림카드,58.0,서울 노원구,30,공무원,35,남,40.0,11.0,16.0,20.0,13.0
9086,3013007,979000,우리 Young카드,78.0,서울 노원구,30,대학생,34,여,9.0,23.0,31.0,34.0,3.0
9087,2289111,1441000,롯데 DC카드,80.0,경기 성남시,30,디자이너,31,여,1.0,41.0,56.0,1.0,1.0
9088,2432677,1341000,KB 혜담카드,72.0,광주 서구,30,데이터분석가,30,여,24.0,7.0,42.0,21.0,6.0
9089,2241667,1805000,IBK 두드림카드,62.0,서울 강동구,20,공무원,26,여,20.0,35.0,2.0,8.0,35.0
9090,2754333,1244000,하나 Simple카드,79.0,서울 서초구,30,프리랜서,38,남,3.0,23.0,28.0,33.0,13.0
9091,3165105,1804000,삼성 taptap카드,43.0,대전 유성구,30,프리랜서,31,남,45.0,36.0,13.0,6.0,0.0
9092,3806060,1228000,네이버페이 현대,71.0,서울 송파구,30,마케팅,37,남,11.0,26.0,5.0,26.0,32.0
9093,1678759,1736000,우리 Young카드,67.0,서울 마포구,20,마케팅,20,여,3.0,48.0,25.0,16.0,8.0
9094,2744260,972000,IBK 두드림카드,52.0,서울 용산구,30,영업,30,여,2.0,56.0,5.0,8.0,29.0
9095,2586079,2161000,신한 Deep카드,64.0,서울 마포구,30,컨설턴트,30,여,56.0,9.0,4.0,19.0,12.0
9096,2326881,1155000,네이버페이 현대,75.0,서울 성동구,20,공무원,27,여,43.0,7.0,9.0,12.0,29.0
9097,2935922,955000,SSG 랜더스카드,44.0,서울 강동구,30,회계,31,여,44.0,3.0,10.0,5.0,38.0
9098,2274648,1178000,우리 Young카드,68.0,서울 성동구,20,마케팅,26,남,24.0,4.0,4.0,51.0,17.0
9099,2740114,1142000,신한 Deep카드,53.0,서울 서초구,30,개발자,34,여,26.0,36.0,34.0,3.0,1.0
9100,2857932,1719000,KB 혜담카드,83.0,세종,30,회계,34,여,2.0,3.0,20.0,37.0,38.0
9101,1997817,585000,네이버페이 현대,58.0,서울 서초구,20,생산직,29,남,20.0,11.0,14.0,40.0,15.0
9102,2399591,1074000,IBK 두드림카드,63.0,서울 용산구,20,생산직,29,여,17.0,38.0,5.0,13.0,27.0
9103,2124606,1232000,신한 Deep카드,50.0,세종,20,회계,22,남,22.0,20.0,1.0,5.0,52.0
9104,2183659,781000,롯데 DC카드,83.0,울산 남구,20,서비스직,27,여,29.0,35.0,2.0,10.0,24.0
9105,2088969,1010000,하나 Simple카드,57.0,서울 마포구,20,마케팅,28,여,13.0,50.0,17.0,18.0,2.0
9106,2485540,1900000,KB 혜담카드,61.0,서울 노원구,20,공무원,24,여,9.0,11.0,52.0,15.0,13.0
9107,2290822,931000,하나 Simple카드,70.0,대구 수성구,20,기획,26,남,13.0,16.0,57.0,10.0,4.0
9108,2697272,760000,토스카드,63.0,서울 성동구,30,영업,35,여,10.0,24.0,9.0,50.0,7.0
9109,2491241,1230000,삼성 taptap카드,71.0,경기 고양시,30,회계,31,여,19.0,1.0,13.0,5.0,62.0
9110,1877115,1380000,이마트 KB카드,80.0,서울 서초구,30,생산직,30,남,6.0,25.0,30.0,9.0,30.0
9111,2265684,624000,씨티 Premier카드,49.0,서울 동작구,20,마케팅,25,여,15.0,18.0,50.0,14.0,3.0
9112,2281768,882000,NH 농협카드,50.0,부산 해운대구,20,연구원,25,여,2.0,35.0,7.0,49.0,7.0
9113,2371297,1199000,신한 Deep카드,70.0,서울 마포구,20,영업,26,여,0.0,31.0,15.0,47.0,7.0
9114,1953135,1967000,현대 ZERO카드,83.0,서울 마포구,20,컨설턴트,24,남,30.0,4.0,29.0,22.0,15.0
9115,2163171,733000,삼성 taptap카드,59.0,울산 남구,30,컨설턴트,30,남,56.0,16.0,2.0,21.0,5.0
9116,2812303,577000,SSG 랜더스카드,57.0,서울 동작구,30,서비스직,34,여,14.0,10.0,19.0,25.0,32.0
9117,2808475,1646000,하나 Simple카드,69.0,서울 관악구,30,간호사,34,남,4.0,57.0,4.0,2.0,33.0
9118,3119870,1620000,SSG 랜더스카드,74.0,서울 마포구,30,생산직,35,남,22.0,18.0,42.0,15.0,3.0
9119,2109269,1664000,롯데 DC카드,52.0,경기 고양시,20,기획,28,여,9.0,50.0,16.0,3.0,22.0
9120,2246969,1137000,KB 혜담카드,85.0,대구 수성구,20,데이터분석가,26,여,1.0,5.0,10.0,57.0,27.0
9121,2275357,864000,IBK 두드림카드,61.0,서울 용산구,30,프리랜서,39,여,39.0,20.0,7.0,24.0,10.0
9122,2322341,1851000,이마트 KB카드,49.0,인천 남동구,30,마케팅,31,남,14.0,9.0,11.0,25.0,41.0
9123,3331612,1947000,토스카드,44.0,서울 노원구,30,공무원,31,남,12.0,26.0,21.0,37.0,4.0
9124,2577815,1024000,우리 Young카드,47.0,대구 수성구,30,영업,34,남,2.0,0.0,9.0,25.0,64.0
9125,3114766,1307000,롯데 DC카드,70.0,서울 서초구,30,서비스직,39,남,38.0,22.0,19.0,6.0,15.0
9126,2705230,2166000,토스카드,82.0,서울 송파구,30,개발자,32,여,14.0,64.0,4.0,11.0,7.0
9127,1956593,1989000,롯데 DC카드,72.0,서울 동작구,20,개발자,27,여,34.0,22.0,7.0,23.0,14.0
9128,2157280,883000,씨티 Premier카드,74.0,대구 수성구,30,서비스직,34,남,56.0,13.0,3.0,12.0,16.0
9129,3463042,1090000,네이버페이 현대,80.0,서울 마포구,20,마케팅,28,남,49.0,13.0,29.0,7.0,2.0
9130,2630559,920000,하나 Simple카드,41.0,울산 남구,30,기획,33,남,23.0,4.0,5.0,62.0,6.0
9131,2561708,1114000,네이버페이 현대,62.0,서울 강동구,20,회계,28,남,17.0,6.0,68.0,8.0,1.0
9132,4357624,976000,SSG 랜더스카드,46.0,서울 용산구,30,기획,33,남,65.0,5.0,5.0,1.0,24.0
9133,2644953,1199000,롯데 DC카드,42.0,경기 수원시,20,회계,27,여,26.0,33.0,17.0,11.0,13.0
9134,2099778,1132000,롯데 DC카드,52.0,서울 용산구,20,대학생,29,여,31.0,14.0,6.0,24.0,25.0
9135,2466441,1199000,씨티 Premier카드,85.0,경기 성남시,30,기획,33,여,25.0,12.0,4.0,0.0,59.0
9136,2417174,1516000,이마트 KB카드,76.0,대전 유성구,30,기획,33,남,22.0,8.0,15.0,36.0,19.0
9137,2940848,1100000,우리 Young카드,44.0,대구 수성구,30,연구원,30,여,40.0,21.0,13.0,4.0,22.0
9138,2783135,961000,씨티 Premier카드,48.0,서울 강동구,30,서비스직,35,여,9.0,26.0,27.0,5.0,33.0
9139,1992787,1313000,신한 Deep카드,65.0,경기 수원시,20,대학생,29,여,3.0,12.0,1.0,72.0,12.0
9140,1728912,1101000,토스카드,63.0,서울 성동구,20,간호사,25,남,10.0,12.0,15.0,51.0,12.0
9141,1589383,834000,토스카드,75.0,서울 송파구,20,간호사,29,여,19.0,8.0,4.0,15.0,54.0
9142,2993257,956000,네이버페이 현대,56.0,부산 해운대구,30,디자이너,32,여,2.0,12.0,29.0,23.0,34.0
9143,2560186,1073000,신한 Deep카드,82.0,울산 남구,30,영업,39,여,33.0,40.0,8.0,13.0,6.0
9144,2357492,819000,네이버페이 현대,73.0,서울 관악구,20,디자이너,26,남,45.0,1.0,9.0,2.0,43.0
9145,2423935,689000,현대 ZERO카드,78.0,경기 수원시,30,프리랜서,34,남,13.0,17.0,27.0,36.0,7.0
9146,1518248,1380000,씨티 Premier카드,51.0,서울 용산구,20,컨설턴트,26,남,15.0,2.0,6.0,41.0,36.0
9147,3673829,654000,이마트 KB카드,69.0,서울 노원구,30,영업,34,남,15.0,44.0,18.0,10.0,13.0
9148,2521019,1530000,삼성 taptap카드,42.0,서울 서초구,30,마케팅,30,여,26.0,0.0,3.0,21.0,50.0
9149,2703617,1087000,카카오뱅크 체크,71.0,울산 남구,20,연구원,27,남,60.0,18.0,14.0,1.0,7.0
9150,2729846,1520000,IBK 두드림카드,65.0,서울 성동구,30,회계,32,남,43.0,3.0,4.0,6.0,44.0
9151,2131591,1843000,하나 Simple카드,60.0,서울 마포구,20,디자이너,28,남,2.0,30.0,27.0,10.0,31.0
9152,2606649,1412000,카카오뱅크 체크,61.0,서울 용산구,20,회계,24,남,31.0,15.0,3.0,0.0,51.0
9153,2616174,1837000,삼성 taptap카드,62.0,경기 고양시,20,간호사,22,남,11.0,14.0,55.0,14.0,6.0
9154,2898782,909000,SSG 랜더스카드,40.0,경기 고양시,30,간호사,30,여,14.0,1.0,3.0,35.0,47.0
9155,2102399,663000,토스카드,53.0,서울 서초구,20,데이터분석가,23,여,20.0,19.0,30.0,6.0,25.0
9156,2557273,1166000,카카오뱅크 체크,80.0,서울 송파구,20,서비스직,24,남,8.0,35.0,6.0,1.0,50.0
9157,2804549,1526000,하나 Simple카드,71.0,서울 관악구,20,회계,27,남,1.0,3.0,54.0,0.0,42.0
9158,2197613,591000,네이버페이 현대,76.0,대전 유성구,20,서비스직,27,남,13.0,12.0,46.0,24.0,5.0
9159,1993255,2205000,신한 Deep카드,65.0,경기 성남시,20,기획,26,남,17.0,34.0,0.0,10.0,39.0
9160,2921373,1071000,삼성 taptap카드,76.0,경기 성남시,20,프리랜서,23,여,8.0,46.0,9.0,8.0,29.0
9161,2172777,1092000,씨티 Premier카드,46.0,대구 수성구,30,영업,31,여,17.0,62.0,5.0,11.0,5.0
9162,2564738,1537000,카카오뱅크 체크,54.0,서울 관악구,20,마케팅,22,여,43.0,5.0,19.0,6.0,27.0
9163,2220788,1572000,이마트 KB카드,85.0,인천 남동구,20,간호사,29,여,27.0,12.0,3.0,52.0,6.0
9164,1710904,1189000,SSG 랜더스카드,53.0,대전 유성구,30,회계,31,남,21.0,18.0,51.0,5.0,5.0
9165,2814297,517000,삼성 taptap카드,44.0,서울 동작구,20,영업,27,여,65.0,6.0,16.0,7.0,6.0
9166,1000000,1731000,NH 농협카드,45.0,인천 남동구,20,공무원,23,여,15.0,1.0,62.0,0.0,22.0
9167,1507935,909000,NH 농협카드,71.0,서울 강남구,30,공무원,37,여,26.0,34.0,19.0,18.0,3.0
9168,3369131,968000,씨티 Premier카드,66.0,부산 해운대구,30,서비스직,32,남,32.0,16.0,0.0,11.0,41.0
9169,2763535,883000,현대 ZERO카드,84.0,부산 해운대구,30,연구원,36,여,1.0,0.0,42.0,8.0,49.0
9170,1931210,900000,토스카드,57.0,부산 해운대구,20,개발자,26,여,18.0,25.0,4.0,34.0,19.0
9171,2573911,2055000,롯데 DC카드,51.0,서울 강동구,30,대학생,30,여,16.0,38.0,23.0,13.0,10.0
9172,1000000,1077000,NH 농협카드,44.0,경기 고양시,20,디자이너,20,남,13.0,5.0,38.0,12.0,32.0
9173,2603487,672000,SSG 랜더스카드,62.0,서울 동작구,20,기획,29,여,1.0,22.0,7.0,38.0,32.0
9174,2624862,1336000,SSG 랜더스카드,59.0,서울 용산구,30,기획,32,여,14.0,15.0,17.0,1.0,53.0
9175,2477178,1209000,NH 농협카드,72.0,대전 유성구,30,연구원,30,여,4.0,30.0,23.0,11.0,32.0
9176,2260420,947000,우리 Young카드,51.0,서울 관악구,20,영업,29,여,19.0,6.0,54.0,13.0,8.0
9177,2496627,748000,KB 혜담카드,68.0,서울 서초구,20,서비스직,28,여,78.0,1.0,2.0,3.0,16.0
9178,2235549,1597000,씨티 Premier카드,67.0,대구 수성구,20,연구원,28,남,18.0,46.0,4.0,28.0,4.0
9179,1312972,2071000,카카오뱅크 체크,41.0,경기 고양시,20,회계,26,여,62.0,8.0,3.0,6.0,21.0
9180,4537432,1254000,IBK 두드림카드,41.0,서울 강남구,30,대학생,32,남,30.0,9.0,6.0,32.0,23.0
9181,2850400,1799000,NH 농협카드,85.0,경기 수원시,20,연구원,29,여,21.0,50.0,5.0,6.0,18.0
9182,2100538,672000,삼성 taptap카드,81.0,울산 남구,30,공무원,38,남,49.0,6.0,6.0,35.0,4.0
9183,2077431,715000,SSG 랜더스카드,74.0,서울 강남구,20,영업,23,여,12.0,5.0,25.0,2.0,56.0
9184,2381982,1509000,KB 혜담카드,44.0,서울 동작구,30,회계,30,여,1.0,25.0,49.0,19.0,6.0
9185,3039424,1928000,네이버페이 현대,43.0,서울 용산구,30,디자이너,30,여,17.0,12.0,10.0,21.0,40.0
9186,1420365,2061000,IBK 두드림카드,61.0,서울 노원구,30,컨설턴트,33,여,9.0,18.0,31.0,35.0,7.0
9187,2250495,641000,우리 Young카드,80.0,대전 유성구,30,서비스직,33,여,2.0,17.0,45.0,36.0,0.0
9188,1369681,763000,신한 Deep카드,48.0,서울 성동구,20,컨설턴트,28,여,33.0,11.0,10.0,20.0,26.0
9189,2107452,1775000,신한 Deep카드,60.0,서울 서초구,20,생산직,25,남,46.0,11.0,12.0,10.0,21.0
9190,2013749,1477000,하나 Simple카드,83.0,서울 관악구,20,회계,20,남,9.0,74.0,1.0,15.0,1.0
9191,2289847,1594000,IBK 두드림카드,42.0,서울 마포구,20,영업,23,남,20.0,5.0,36.0,36.0,3.0
9192,1947562,1813000,NH 농협카드,47.0,서울 관악구,20,프리랜서,26,남,2.0,65.0,11.0,20.0,2.0
9193,2124488,911000,네이버페이 현대,63.0,광주 서구,30,컨설턴트,35,여,16.0,46.0,20.0,12.0,6.0
9194,2809828,1281000,롯데 DC카드,58.0,경기 고양시,30,마케팅,30,여,21.0,38.0,1.0,6.0,34.0
9195,2727336,1804000,삼성 taptap카드,43.0,대전 유성구,30,프리랜서,31,여,45.0,36.0,13.0,6.0,0.0
9196,2525699,1013000,KB 혜담카드,67.0,서울 성동구,20,디자이너,25,남,57.0,0.0,9.0,1.0,33.0
9197,2161549,1202000,토스카드,61.0,서울 용산구,20,간호사,28,남,16.0,11.0,19.0,14.0,40.0
9198,2214130,740000,이마트 KB카드,51.0,인천 남동구,30,영업,32,여,14.0,0.0,28.0,41.0,17.0
9199,2440573,1416000,SSG 랜더스카드,80.0,서울 동작구,30,기획,34,여,2.0,44.0,20.0,31.0,3.0
9200,3350813,1733000,NH 농협카드,58.0,서울 송파구,30,생산직,38,남,5.0,11.0,63.0,4.0,17.0
9201,1411610,1265000,네이버페이 현대,80.0,울산 남구,30,간호사,34,여,7.0,7.0,39.0,36.0,11.0
9202,2697055,1461000,롯데 DC카드,74.0,세종,30,기획,34,여,7.0,12.0,4.0,52.0,25.0
9203,2404569,958000,SSG 랜더스카드,41.0,서울 성동구,20,회계,26,남,51.0,1.0,18.0,3.0,27.0
9204,2281075,1784000,우리 Young카드,83.0,광주 서구,20,프리랜서,24,여,20.0,43.0,4.0,3.0,30.0
9205,2895480,1964000,NH 농협카드,64.0,서울 관악구,30,마케팅,31,남,7.0,6.0,8.0,17.0,62.0
9206,1000000,909000,토스카드,45.0,서울 동작구,20,개발자,25,여,5.0,2.0,71.0,19.0,3.0
9207,2030073,624000,하나 Simple카드,46.0,경기 고양시,20,회계,20,남,10.0,35.0,7.0,1.0,47.0
9208,4252607,1163000,SSG 랜더스카드,53.0,세종,30,공무원,31,남,11.0,2.0,12.0,66.0,9.0
9209,2256450,1419000,카카오뱅크 체크,70.0,광주 서구,20,디자이너,25,여,31.0,16.0,16.0,17.0,20.0
9210,2096355,2085000,우리 Young카드,80.0,경기 고양시,20,기획,27,남,20.0,1.0,48.0,14.0,17.0
9211,2258453,1397000,씨티 Premier카드,84.0,서울 노원구,20,기획,23,여,13.0,19.0,47.0,19.0,2.0
9212,3248341,1785000,롯데 DC카드,84.0,부산 해운대구,30,연구원,31,남,2.0,51.0,39.0,6.0,2.0
9213,3461174,1272000,NH 농협카드,84.0,서울 관악구,30,서비스직,30,남,26.0,19.0,17.0,34.0,4.0
9214,2839783,690000,이마트 KB카드,46.0,울산 남구,30,연구원,34,남,15.0,26.0,13.0,30.0,16.0
9215,2462459,1743000,이마트 KB카드,64.0,경기 수원시,20,대학생,28,남,33.0,19.0,14.0,1.0,33.0
9216,3088325,1468000,카카오뱅크 체크,76.0,경기 성남시,20,서비스직,29,여,39.0,11.0,6.0,34.0,10.0
9217,2753125,809000,현대 ZERO카드,71.0,경기 수원시,20,연구원,23,남,34.0,12.0,20.0,11.0,23.0
9218,3670150,1767000,KB 혜담카드,73.0,서울 마포구,30,개발자,32,여,7.0,43.0,35.0,1.0,14.0
9219,1921614,801000,토스카드,63.0,부산 해운대구,20,기획,26,여,30.0,2.0,5.0,26.0,37.0
9220,3338094,1630000,롯데 DC카드,63.0,서울 용산구,30,영업,36,여,27.0,46.0,8.0,8.0,11.0
9221,1854663,1010000,IBK 두드림카드,69.0,서울 마포구,20,생산직,27,남,2.0,40.0,29.0,23.0,6.0
9222,2676783,1415000,네이버페이 현대,46.0,서울 마포구,30,공무원,30,여,36.0,7.0,4.0,46.0,7.0
9223,3512733,2090000,현대 ZERO카드,50.0,대전 유성구,30,프리랜서,33,남,3.0,33.0,0.0,40.0,24.0
9224,2642455,1460000,현대 ZERO카드,78.0,세종,30,연구원,31,남,4.0,27.0,11.0,45.0,13.0
9225,2293982,1312000,IBK 두드림카드,74.0,세종,20,서비스직,26,남,21.0,26.0,40.0,6.0,7.0
9226,3637322,1053000,씨티 Premier카드,40.0,서울 마포구,30,서비스직,37,남,1.0,1.0,31.0,6.0,61.0
9227,1894864,1090000,네이버페이 현대,80.0,서울 마포구,20,마케팅,28,남,49.0,13.0,29.0,7.0,2.0
9228,3334691,1084000,삼성 taptap카드,47.0,부산 해운대구,30,마케팅,35,여,12.0,34.0,13.0,35.0,6.0
9229,1557701,1427000,SSG 랜더스카드,53.0,서울 노원구,20,회계,25,남,3.0,18.0,38.0,29.0,12.0
9230,4357784,1460000,현대 ZERO카드,78.0,세종,30,연구원,31,남,4.0,27.0,11.0,45.0,13.0
9231,3000663,1294000,토스카드,56.0,서울 노원구,30,서비스직,32,여,3.0,40.0,9.0,28.0,20.0
9232,2937192,2036000,토스카드,48.0,서울 서초구,30,생산직,31,남,20.0,18.0,28.0,12.0,22.0
9233,2718132,1068000,IBK 두드림카드,45.0,부산 해운대구,30,개발자,30,남,19.0,23.0,14.0,34.0,10.0
9234,2645080,1926000,네이버페이 현대,85.0,경기 성남시,30,개발자,39,남,20.0,7.0,0.0,63.0,10.0
9235,2432102,1517000,KB 혜담카드,68.0,서울 송파구,30,영업,35,여,11.0,13.0,12.0,47.0,17.0
9236,2225752,1245000,이마트 KB카드,53.0,서울 성동구,20,개발자,29,남,6.0,13.0,14.0,61.0,6.0
9237,2877613,1362000,SSG 랜더스카드,58.0,서울 송파구,20,프리랜서,29,남,11.0,20.0,33.0,24.0,12.0
9238,3484327,2009000,현대 ZERO카드,42.0,서울 관악구,30,간호사,31,여,1.0,9.0,6.0,77.0,7.0
9239,2599689,992000,우리 Young카드,77.0,서울 노원구,30,기획,32,여,12.0,37.0,5.0,12.0,34.0
9240,1827185,890000,신한 Deep카드,69.0,광주 서구,20,기획,26,여,21.0,13.0,50.0,1.0,15.0
9241,1977136,780000,카카오뱅크 체크,62.0,서울 동작구,20,개발자,28,여,14.0,62.0,2.0,5.0,17.0
9242,2158454,1310000,토스카드,62.0,경기 고양시,20,대학생,25,남,3.0,4.0,56.0,14.0,23.0
9243,2174741,1795000,네이버페이 현대,75.0,서울 강남구,30,연구원,39,남,3.0,28.0,31.0,33.0,5.0
9244,3298563,1070000,IBK 두드림카드,80.0,대구 수성구,20,디자이너,23,남,0.0,56.0,1.0,11.0,32.0
9245,3211829,996000,이마트 KB카드,69.0,경기 고양시,30,영업,36,남,36.0,19.0,3.0,32.0,10.0
9246,2416806,1397000,KB 혜담카드,63.0,서울 마포구,30,대학생,35,남,10.0,14.0,4.0,18.0,54.0
9247,2658301,1332000,삼성 taptap카드,52.0,광주 서구,20,영업,29,여,6.0,23.0,28.0,25.0,18.0
9248,1910826,1795000,롯데 DC카드,77.0,서울 강동구,30,데이터분석가,39,여,9.0,25.0,1.0,64.0,1.0
9249,2232791,1727000,삼성 taptap카드,73.0,울산 남구,30,디자이너,32,남,19.0,1.0,61.0,16.0,3.0
9250,2098478,2105000,NH 농협카드,43.0,인천 남동구,30,생산직,39,여,22.0,11.0,27.0,12.0,28.0
9251,4158159,1788000,신한 Deep카드,67.0,서울 성동구,30,개발자,36,남,14.0,32.0,9.0,31.0,14.0
9252,2822983,1795000,네이버페이 현대,75.0,서울 강남구,30,연구원,39,남,3.0,28.0,31.0,33.0,5.0
9253,1029146,1234000,SSG 랜더스카드,54.0,경기 수원시,20,간호사,20,여,29.0,8.0,11.0,47.0,5.0
9254,3847046,2009000,현대 ZERO카드,42.0,서울 관악구,30,간호사,31,남,1.0,9.0,6.0,77.0,7.0
9255,2096809,2081000,토스카드,52.0,서울 관악구,20,생산직,27,남,9.0,7.0,24.0,22.0,38.0
9256,1325295,1463000,토스카드,72.0,서울 관악구,20,생산직,26,남,11.0,25.0,59.0,2.0,3.0
9257,2341658,1312000,카카오뱅크 체크,73.0,서울 마포구,30,대학생,33,여,54.0,2.0,13.0,13.0,18.0
9258,2760501,693000,카카오뱅크 체크,77.0,경기 성남시,30,생산직,32,여,54.0,17.0,1.0,7.0,21.0
9259,2452024,2002000,삼성 taptap카드,70.0,대전 유성구,20,디자이너,27,남,14.0,1.0,28.0,23.0,34.0
9260,3399207,1143000,네이버페이 현대,70.0,서울 성동구,30,서비스직,31,여,50.0,4.0,2.0,41.0,3.0
9261,2073616,1106000,IBK 두드림카드,50.0,서울 용산구,30,디자이너,30,여,36.0,5.0,39.0,16.0,4.0
9262,2273360,1799000,우리 Young카드,81.0,세종,20,연구원,25,여,1.0,53.0,30.0,6.0,10.0
9263,2150215,758000,현대 ZERO카드,51.0,서울 관악구,30,간호사,31,여,11.0,28.0,21.0,29.0,11.0
9264,1920464,988000,NH 농협카드,65.0,서울 송파구,30,대학생,39,남,10.0,9.0,46.0,15.0,20.0
9265,2692763,1724000,하나 Simple카드,57.0,서울 관악구,20,대학생,24,남,7.0,3.0,29.0,51.0,10.0
9266,2481634,1612000,롯데 DC카드,43.0,서울 용산구,20,데이터분석가,23,여,15.0,32.0,1.0,38.0,14.0
9267,2391839,827000,카카오뱅크 체크,82.0,서울 용산구,20,마케팅,20,여,46.0,16.0,2.0,4.0,32.0
9268,2463395,1850000,현대 ZERO카드,63.0,서울 성동구,20,간호사,28,여,30.0,16.0,18.0,29.0,7.0
9269,1907263,1026000,KB 혜담카드,72.0,서울 성동구,20,회계,20,여,4.0,17.0,41.0,31.0,7.0
9270,1747152,1805000,롯데 DC카드,80.0,경기 수원시,20,개발자,26,여,7.0,5.0,34.0,51.0,3.0
9271,2518823,1186000,SSG 랜더스카드,56.0,서울 노원구,30,기획,37,여,5.0,28.0,33.0,30.0,4.0
9272,3080605,1066000,신한 Deep카드,49.0,경기 수원시,30,디자이너,33,여,22.0,21.0,26.0,5.0,26.0
9273,3054038,741000,우리 Young카드,40.0,서울 마포구,20,데이터분석가,23,여,52.0,0.0,33.0,13.0,2.0
9274,2897716,1236000,네이버페이 현대,81.0,서울 성동구,30,개발자,32,여,59.0,3.0,21.0,14.0,3.0
9275,2264587,1243000,KB 혜담카드,44.0,서울 서초구,20,회계,20,남,15.0,5.0,28.0,24.0,28.0
9276,2384891,1117000,KB 혜담카드,74.0,부산 해운대구,20,간호사,25,남,48.0,4.0,13.0,11.0,24.0
9277,3008115,1311000,현대 ZERO카드,66.0,인천 남동구,30,회계,33,남,19.0,7.0,20.0,46.0,8.0
9278,1737028,2203000,삼성 taptap카드,72.0,서울 강남구,20,데이터분석가,28,여,31.0,12.0,15.0,28.0,14.0
9279,2512323,1002000,삼성 taptap카드,64.0,서울 마포구,30,개발자,39,여,16.0,6.0,24.0,28.0,26.0
9280,1582586,688000,SSG 랜더스카드,83.0,세종,20,회계,27,여,9.0,19.0,27.0,0.0,45.0
9281,2187961,1399000,삼성 taptap카드,40.0,울산 남구,20,기획,25,남,12.0,11.0,9.0,34.0,34.0
9282,3068052,1624000,네이버페이 현대,45.0,서울 노원구,20,회계,28,남,16.0,36.0,10.0,12.0,26.0
9283,2911429,1120000,삼성 taptap카드,49.0,경기 고양시,30,개발자,30,여,45.0,14.0,4.0,1.0,36.0
9284,1788440,2111000,카카오뱅크 체크,49.0,경기 성남시,20,영업,25,남,15.0,25.0,8.0,17.0,35.0
9285,2949299,1380000,현대 ZERO카드,65.0,인천 남동구,30,기획,37,남,3.0,35.0,46.0,1.0,15.0
9286,1832811,821000,삼성 taptap카드,84.0,서울 송파구,20,마케팅,29,남,0.0,9.0,12.0,9.0,70.0
9287,2956240,1141000,우리 Young카드,64.0,경기 수원시,30,생산직,30,남,2.0,64.0,1.0,32.0,1.0
9288,3020553,1002000,이마트 KB카드,49.0,서울 용산구,30,데이터분석가,31,여,35.0,22.0,19.0,14.0,10.0
9289,2576503,1213000,우리 Young카드,68.0,서울 강동구,20,영업,26,남,3.0,21.0,30.0,12.0,34.0
9290,3742072,1294000,NH 농협카드,84.0,서울 서초구,30,연구원,30,여,66.0,8.0,7.0,7.0,12.0
9291,2846238,517000,삼성 taptap카드,44.0,서울 동작구,20,영업,27,남,65.0,6.0,16.0,7.0,6.0
9292,2352000,1061000,씨티 Premier카드,53.0,서울 송파구,20,간호사,25,여,15.0,11.0,23.0,7.0,44.0
9293,2588574,1767000,현대 ZERO카드,43.0,경기 고양시,20,컨설턴트,29,남,21.0,9.0,16.0,17.0,37.0
9294,2148778,1045000,하나 Simple카드,85.0,부산 해운대구,20,개발자,24,여,10.0,34.0,12.0,11.0,33.0
9295,1686247,2067000,KB 혜담카드,70.0,경기 성남시,20,생산직,25,여,30.0,23.0,35.0,12.0,0.0
9296,3914043,1953000,이마트 KB카드,59.0,서울 성동구,30,회계,33,남,36.0,3.0,19.0,14.0,28.0
9297,2754495,1325000,삼성 taptap카드,81.0,세종,20,기획,27,여,14.0,40.0,24.0,4.0,18.0
9298,2379472,819000,하나 Simple카드,82.0,경기 수원시,30,컨설턴트,32,여,16.0,8.0,27.0,4.0,45.0
9299,3191755,2061000,현대 ZERO카드,41.0,서울 용산구,30,공무원,37,남,27.0,42.0,18.0,13.0,0.0
9300,2870469,1568000,토스카드,40.0,광주 서구,20,공무원,25,남,22.0,39.0,1.0,25.0,13.0
9301,2923175,1838000,카카오뱅크 체크,71.0,부산 해운대구,30,프리랜서,35,여,12.0,4.0,71.0,11.0,2.0
9302,1768449,1757000,롯데 DC카드,76.0,인천 남동구,30,프리랜서,35,여,11.0,37.0,28.0,11.0,13.0
9303,3170534,1600000,씨티 Premier카드,77.0,광주 서구,30,기획,32,남,7.0,44.0,7.0,7.0,35.0
9304,2882657,1412000,우리 Young카드,40.0,부산 해운대구,30,기획,31,남,5.0,47.0,19.0,12.0,17.0
9305,3056500,1122000,토스카드,77.0,대구 수성구,30,영업,39,여,11.0,2.0,9.0,70.0,8.0
9306,3015521,904000,KB 혜담카드,57.0,서울 동작구,30,연구원,30,여,62.0,9.0,2.0,18.0,9.0
9307,2909303,743000,NH 농협카드,73.0,서울 강남구,20,영업,29,여,15.0,26.0,39.0,5.0,15.0
9308,2217473,1341000,KB 혜담카드,72.0,광주 서구,30,데이터분석가,30,남,24.0,7.0,42.0,21.0,6.0
9309,1857944,1107000,NH 농협카드,60.0,서울 노원구,20,회계,28,여,29.0,2.0,8.0,17.0,44.0
9310,3779857,1064000,토스카드,54.0,울산 남구,30,대학생,33,남,5.0,20.0,50.0,7.0,18.0
9311,1954177,1194000,IBK 두드림카드,71.0,대구 수성구,20,프리랜서,25,남,6.0,11.0,19.0,37.0,27.0
9312,1739283,1288000,이마트 KB카드,72.0,서울 성동구,30,프리랜서,33,여,41.0,3.0,2.0,15.0,39.0
9313,2516298,1095000,롯데 DC카드,61.0,서울 마포구,20,기획,27,여,40.0,7.0,23.0,19.0,11.0
9314,2616947,1967000,SSG 랜더스카드,84.0,인천 남동구,30,대학생,39,남,1.0,12.0,17.0,51.0,19.0
9315,4252853,2615000,NH 농협카드,85.0,서울 강동구,30,공무원,30,남,43.0,21.0,16.0,4.0,16.0
9316,2398092,1711000,NH 농협카드,64.0,대전 유성구,20,기획,25,여,23.0,8.0,40.0,11.0,18.0
9317,2580129,1168000,NH 농협카드,81.0,서울 강동구,30,연구원,38,여,6.0,10.0,2.0,33.0,49.0
9318,2315378,1477000,NH 농협카드,47.0,광주 서구,30,컨설턴트,30,여,18.0,21.0,8.0,28.0,25.0
9319,3295417,1403000,IBK 두드림카드,81.0,인천 남동구,30,디자이너,32,여,1.0,49.0,27.0,11.0,12.0
9320,3250988,1457000,하나 Simple카드,49.0,서울 관악구,30,공무원,30,남,3.0,23.0,23.0,21.0,30.0
9321,2295750,1045000,토스카드,44.0,울산 남구,30,연구원,30,여,15.0,11.0,20.0,39.0,15.0
9322,1852958,1345000,현대 ZERO카드,72.0,서울 강남구,20,기획,29,여,0.0,60.0,19.0,17.0,4.0
9323,2463263,1232000,NH 농협카드,75.0,서울 동작구,30,프리랜서,30,여,5.0,15.0,16.0,34.0,30.0
9324,2011176,1573000,씨티 Premier카드,51.0,서울 마포구,30,기획,37,여,4.0,5.0,34.0,8.0,49.0
9325,3014438,1176000,삼성 taptap카드,64.0,세종,30,프리랜서,30,여,26.0,20.0,16.0,24.0,14.0
9326,1734160,2170000,하나 Simple카드,69.0,서울 마포구,30,영업,31,남,11.0,7.0,24.0,20.0,38.0
9327,2902340,564000,이마트 KB카드,45.0,서울 용산구,30,간호사,37,남,15.0,4.0,16.0,60.0,5.0
9328,2805066,1084000,현대 ZERO카드,68.0,대전 유성구,30,기획,35,여,3.0,1.0,6.0,82.0,8.0
9329,2421059,813000,현대 ZERO카드,74.0,경기 성남시,20,개발자,23,남,27.0,6.0,25.0,17.0,25.0
9330,2497901,1278000,IBK 두드림카드,41.0,서울 송파구,30,기획,30,남,15.0,35.0,16.0,15.0,19.0
9331,2830129,1144000,카카오뱅크 체크,78.0,서울 성동구,30,개발자,35,여,1.0,41.0,24.0,30.0,4.0
9332,1806980,804000,이마트 KB카드,77.0,서울 강동구,20,생산직,28,여,8.0,13.0,29.0,43.0,7.0
9333,2984330,673000,네이버페이 현대,69.0,대전 유성구,30,프리랜서,39,남,7.0,20.0,7.0,47.0,19.0
9334,2825920,1032000,KB 혜담카드,43.0,울산 남구,30,프리랜서,39,여,15.0,1.0,52.0,13.0,19.0
9335,2731456,711000,토스카드,58.0,서울 마포구,30,프리랜서,30,여,30.0,4.0,24.0,38.0,4.0
9336,2162480,1330000,NH 농협카드,75.0,경기 수원시,30,영업,32,여,35.0,4.0,52.0,1.0,8.0
9337,2848747,1620000,신한 Deep카드,67.0,대구 수성구,20,공무원,23,여,30.0,18.0,16.0,30.0,6.0
9338,2293347,1234000,씨티 Premier카드,71.0,서울 성동구,20,개발자,25,남,22.0,17.0,11.0,48.0,2.0
9339,2621497,1127000,토스카드,48.0,울산 남구,20,서비스직,20,남,8.0,29.0,5.0,39.0,19.0
9340,4070370,1346000,하나 Simple카드,79.0,인천 남동구,30,생산직,32,남,17.0,9.0,0.0,42.0,32.0
9341,2808760,634000,토스카드,79.0,서울 강동구,20,서비스직,24,여,35.0,7.0,3.0,44.0,11.0
9342,2810064,654000,토스카드,80.0,서울 노원구,20,기획,26,여,50.0,31.0,17.0,2.0,0.0
9343,2346339,1258000,우리 Young카드,61.0,서울 서초구,20,프리랜서,21,여,32.0,1.0,36.0,21.0,10.0
9344,2646967,1306000,IBK 두드림카드,76.0,대구 수성구,20,회계,26,여,19.0,46.0,10.0,22.0,3.0
9345,2606798,1056000,네이버페이 현대,70.0,서울 마포구,30,서비스직,32,여,35.0,15.0,8.0,41.0,1.0
9346,1895337,1721000,삼성 taptap카드,53.0,서울 동작구,30,데이터분석가,31,여,11.0,33.0,1.0,2.0,53.0
9347,2401371,816000,하나 Simple카드,42.0,서울 송파구,20,마케팅,28,남,22.0,3.0,37.0,30.0,8.0
9348,3179452,1640000,하나 Simple카드,57.0,서울 노원구,30,컨설턴트,35,남,40.0,26.0,19.0,3.0,12.0
9349,2791864,2444000,토스카드,46.0,서울 강동구,30,개발자,33,여,29.0,38.0,25.0,5.0,3.0
9350,2910402,1844000,신한 Deep카드,45.0,서울 노원구,30,기획,30,남,5.0,35.0,28.0,2.0,30.0
9351,1869272,694000,네이버페이 현대,52.0,서울 강남구,20,데이터분석가,25,남,6.0,3.0,18.0,31.0,42.0
9352,2578253,1026000,삼성 taptap카드,47.0,대전 유성구,20,회계,26,여,62.0,0.0,8.0,21.0,9.0
9353,1593363,2002000,삼성 taptap카드,70.0,대전 유성구,20,디자이너,27,남,14.0,1.0,28.0,23.0,34.0
9354,2979409,833000,이마트 KB카드,83.0,서울 강동구,20,대학생,24,여,27.0,12.0,10.0,24.0,27.0
9355,2134290,1376000,토스카드,51.0,광주 서구,20,연구원,26,남,12.0,54.0,17.0,12.0,5.0
9356,3171869,843000,SSG 랜더스카드,81.0,대구 수성구,30,프리랜서,35,남,13.0,41.0,7.0,28.0,11.0
9357,2529279,1907000,네이버페이 현대,47.0,부산 해운대구,20,개발자,24,남,12.0,6.0,27.0,51.0,4.0
9358,2013710,1368000,우리 Young카드,70.0,울산 남구,30,디자이너,35,남,3.0,1.0,13.0,66.0,17.0
9359,2912043,2180000,삼성 taptap카드,76.0,경기 성남시,30,기획,39,여,23.0,5.0,3.0,48.0,21.0
9360,2401576,1675000,우리 Young카드,65.0,대전 유성구,20,회계,24,여,33.0,11.0,10.0,30.0,16.0
9361,2182369,1186000,씨티 Premier카드,43.0,서울 성동구,30,연구원,38,여,3.0,9.0,37.0,41.0,10.0
9362,1875166,799000,KB 혜담카드,66.0,서울 노원구,20,영업,21,남,0.0,16.0,15.0,15.0,54.0
9363,2082973,1481000,롯데 DC카드,75.0,울산 남구,20,영업,21,남,8.0,11.0,58.0,9.0,14.0
9364,1600629,1068000,롯데 DC카드,76.0,서울 서초구,20,서비스직,27,여,53.0,21.0,3.0,3.0,20.0
9365,3361133,824000,하나 Simple카드,78.0,인천 남동구,30,데이터분석가,35,여,2.0,15.0,26.0,1.0,56.0
9366,2993075,921000,카카오뱅크 체크,83.0,서울 송파구,20,공무원,22,여,67.0,14.0,13.0,4.0,2.0
9367,3316190,1034000,이마트 KB카드,74.0,서울 성동구,30,회계,31,남,5.0,6.0,29.0,34.0,26.0
9368,2388300,1454000,씨티 Premier카드,79.0,울산 남구,30,개발자,37,여,15.0,68.0,2.0,4.0,11.0
9369,2151446,953000,IBK 두드림카드,52.0,대구 수성구,20,기획,24,남,27.0,60.0,11.0,1.0,1.0
9370,2629032,2205000,롯데 DC카드,46.0,대전 유성구,20,대학생,26,남,42.0,29.0,9.0,2.0,18.0
9371,4230478,1160000,토스카드,53.0,경기 수원시,30,회계,34,남,9.0,2.0,35.0,4.0,50.0
9372,2600722,890000,토스카드,61.0,서울 용산구,30,회계,33,남,3.0,27.0,7.0,36.0,27.0
9373,1691206,1722000,씨티 Premier카드,54.0,대구 수성구,20,디자이너,22,남,49.0,20.0,5.0,18.0,8.0
9374,3023820,801000,토스카드,42.0,울산 남구,20,컨설턴트,29,남,19.0,12.0,1.0,63.0,5.0
9375,1356430,1108000,현대 ZERO카드,71.0,울산 남구,20,공무원,21,여,7.0,2.0,50.0,38.0,3.0
9376,2294028,1620000,SSG 랜더스카드,74.0,서울 마포구,30,생산직,35,남,22.0,18.0,42.0,15.0,3.0
9377,2376571,1220000,우리 Young카드,81.0,대구 수성구,30,대학생,34,여,21.0,66.0,3.0,9.0,1.0
9378,1907696,1186000,토스카드,49.0,서울 성동구,30,연구원,31,남,2.0,23.0,17.0,3.0,55.0
9379,3778504,1525000,카카오뱅크 체크,64.0,서울 마포구,30,개발자,39,남,46.0,15.0,22.0,9.0,8.0
9380,2678452,1583000,씨티 Premier카드,79.0,서울 강동구,20,개발자,23,남,33.0,24.0,10.0,8.0,25.0
9381,2597644,1624000,롯데 DC카드,80.0,서울 동작구,30,개발자,32,남,54.0,11.0,15.0,6.0,14.0
9382,3139807,994000,현대 ZERO카드,79.0,대전 유성구,30,디자이너,39,여,27.0,26.0,31.0,5.0,11.0
9383,2974646,1304000,IBK 두드림카드,68.0,서울 강남구,20,생산직,28,남,3.0,35.0,0.0,24.0,38.0
9384,2443414,746000,롯데 DC카드,78.0,서울 노원구,30,컨설턴트,37,여,26.0,7.0,5.0,15.0,47.0
9385,2024665,1077000,토스카드,73.0,부산 해운대구,20,연구원,25,남,9.0,41.0,23.0,25.0,2.0
9386,3629801,1992000,NH 농협카드,79.0,광주 서구,30,간호사,30,여,1.0,27.0,46.0,18.0,8.0
9387,2860580,995000,IBK 두드림카드,81.0,서울 용산구,30,컨설턴트,31,여,29.0,0.0,29.0,4.0,38.0
9388,3179427,1519000,SSG 랜더스카드,42.0,서울 강동구,30,프리랜서,33,남,56.0,10.0,6.0,6.0,22.0
9389,3954482,1180000,KB 혜담카드,68.0,경기 고양시,30,서비스직,32,남,47.0,16.0,17.0,13.0,7.0
9390,3211351,1235000,IBK 두드림카드,57.0,서울 동작구,30,컨설턴트,31,남,40.0,43.0,1.0,11.0,5.0
9391,1997189,1349000,이마트 KB카드,47.0,서울 노원구,20,대학생,28,여,36.0,20.0,31.0,6.0,7.0
9392,2290079,599000,하나 Simple카드,73.0,서울 성동구,20,기획,25,남,11.0,5.0,30.0,51.0,3.0
9393,3019327,1733000,SSG 랜더스카드,56.0,서울 동작구,30,영업,32,여,5.0,31.0,40.0,1.0,23.0
9394,1253907,1387000,카카오뱅크 체크,65.0,서울 마포구,20,간호사,28,여,15.0,6.0,35.0,20.0,24.0
9395,2355984,1873000,우리 Young카드,63.0,인천 남동구,30,대학생,37,여,29.0,4.0,26.0,41.0,0.0
9396,2941528,778000,KB 혜담카드,67.0,서울 용산구,20,공무원,28,여,34.0,26.0,0.0,24.0,16.0
9397,1994065,1065000,하나 Simple카드,64.0,울산 남구,20,간호사,26,여,37.0,0.0,35.0,5.0,23.0
9398,3023054,890000,KB 혜담카드,78.0,서울 관악구,20,영업,26,남,14.0,36.0,2.0,33.0,15.0
9399,2957371,1542000,현대 ZERO카드,75.0,서울 강동구,20,연구원,27,여,11.0,16.0,4.0,17.0,52.0
9400,2217235,1455000,토스카드,50.0,서울 용산구,20,생산직,25,여,16.0,24.0,30.0,16.0,14.0
9401,2602022,1316000,SSG 랜더스카드,77.0,경기 성남시,30,연구원,32,남,30.0,20.0,9.0,3.0,38.0
9402,2356320,2003000,우리 Young카드,70.0,서울 강남구,30,서비스직,34,여,22.0,5.0,24.0,49.0,0.0
9403,4865230,1573000,씨티 Premier카드,41.0,서울 송파구,30,데이터분석가,32,남,0.0,82.0,3.0,9.0,6.0
9404,3437212,2646000,카카오뱅크 체크,71.0,서울 용산구,30,서비스직,37,여,15.0,7.0,16.0,8.0,54.0
9405,2562695,1095000,IBK 두드림카드,61.0,서울 송파구,30,데이터분석가,39,여,56.0,25.0,1.0,13.0,5.0
9406,1945923,1959000,하나 Simple카드,85.0,대전 유성구,20,서비스직,28,남,18.0,9.0,22.0,44.0,7.0
9407,2308520,657000,이마트 KB카드,83.0,서울 마포구,20,컨설턴트,26,여,24.0,19.0,34.0,8.0,15.0
9408,2371913,1208000,씨티 Premier카드,55.0,서울 강동구,20,개발자,21,남,52.0,37.0,5.0,3.0,3.0
9409,2129648,1343000,네이버페이 현대,48.0,서울 강동구,30,데이터분석가,31,남,41.0,6.0,39.0,5.0,9.0
9410,2290020,1303000,하나 Simple카드,41.0,서울 서초구,20,기획,26,남,15.0,16.0,20.0,12.0,37.0
9411,3161202,2047000,토스카드,57.0,경기 성남시,30,간호사,34,여,42.0,6.0,16.0,11.0,25.0
9412,1350321,1671000,롯데 DC카드,40.0,부산 해운대구,20,디자이너,25,남,10.0,65.0,14.0,7.0,4.0
9413,3578608,1257000,네이버페이 현대,75.0,세종,30,연구원,33,남,6.0,35.0,8.0,45.0,6.0
9414,2937398,1232000,신한 Deep카드,50.0,세종,20,회계,22,여,22.0,20.0,1.0,5.0,52.0
9415,1969721,1424000,SSG 랜더스카드,62.0,서울 마포구,20,마케팅,28,남,23.0,11.0,20.0,34.0,12.0
9416,4185923,1581000,신한 Deep카드,64.0,서울 서초구,30,데이터분석가,31,남,32.0,7.0,41.0,6.0,14.0
9417,1904831,1261000,씨티 Premier카드,42.0,경기 수원시,20,간호사,27,남,15.0,26.0,14.0,25.0,20.0
9418,2470541,1097000,롯데 DC카드,66.0,서울 동작구,20,개발자,28,남,50.0,1.0,33.0,3.0,13.0
9419,2785259,1575000,IBK 두드림카드,62.0,경기 수원시,30,데이터분석가,32,남,6.0,52.0,5.0,17.0,20.0
9420,2096501,540000,롯데 DC카드,45.0,경기 성남시,20,생산직,27,남,17.0,43.0,19.0,6.0,15.0
9421,1941350,2236000,삼성 taptap카드,79.0,세종,20,기획,27,여,5.0,10.0,14.0,3.0,68.0
9422,2849287,991000,NH 농협카드,79.0,인천 남동구,30,디자이너,34,여,55.0,1.0,3.0,39.0,2.0
9423,3594163,1890000,IBK 두드림카드,59.0,경기 고양시,30,프리랜서,35,남,23.0,38.0,21.0,12.0,6.0
9424,2954904,1542000,신한 Deep카드,72.0,대전 유성구,30,회계,35,남,21.0,39.0,15.0,17.0,8.0
9425,1570015,841000,NH 농협카드,65.0,대구 수성구,20,대학생,27,남,17.0,1.0,6.0,56.0,20.0
9426,2451585,1354000,삼성 taptap카드,83.0,서울 용산구,20,기획,26,여,1.0,16.0,13.0,54.0,16.0
9427,3295410,1150000,이마트 KB카드,73.0,부산 해운대구,30,서비스직,34,남,10.0,19.0,25.0,20.0,26.0
9428,2141642,1315000,하나 Simple카드,60.0,경기 고양시,20,연구원,22,남,35.0,47.0,10.0,1.0,7.0
9429,3433615,1002000,이마트 KB카드,49.0,서울 용산구,30,데이터분석가,31,여,35.0,22.0,19.0,14.0,10.0
9430,1905249,737000,네이버페이 현대,68.0,경기 고양시,30,간호사,30,남,51.0,7.0,19.0,16.0,7.0
9431,1447901,2055000,롯데 DC카드,51.0,서울 강동구,30,대학생,30,남,16.0,38.0,23.0,13.0,10.0
9432,1884582,968000,하나 Simple카드,53.0,서울 송파구,20,컨설턴트,26,여,41.0,0.0,19.0,8.0,32.0
9433,2855212,981000,삼성 taptap카드,74.0,경기 고양시,30,간호사,30,여,65.0,5.0,24.0,5.0,1.0
9434,1722077,1403000,SSG 랜더스카드,50.0,울산 남구,20,데이터분석가,26,남,6.0,37.0,30.0,26.0,1.0
9435,2009514,712000,네이버페이 현대,84.0,경기 수원시,30,프리랜서,34,여,33.0,17.0,41.0,2.0,7.0
9436,2725510,1461000,우리 Young카드,47.0,서울 서초구,20,개발자,26,남,11.0,8.0,26.0,32.0,23.0
9437,2481273,1546000,KB 혜담카드,57.0,대전 유성구,20,데이터분석가,23,여,28.0,29.0,8.0,13.0,22.0
9438,2438530,1134000,신한 Deep카드,44.0,서울 강동구,20,프리랜서,29,남,3.0,32.0,2.0,5.0,58.0
9439,2890714,1574000,네이버페이 현대,49.0,서울 강동구,30,기획,31,여,1.0,17.0,3.0,42.0,37.0
9440,2037403,1636000,NH 농협카드,73.0,서울 관악구,20,개발자,24,여,25.0,32.0,2.0,16.0,25.0
9441,2310507,1762000,SSG 랜더스카드,52.0,경기 성남시,30,연구원,34,여,33.0,2.0,10.0,34.0,21.0
9442,2654889,856000,우리 Young카드,63.0,서울 강동구,20,기획,25,여,7.0,4.0,34.0,52.0,3.0
9443,1827556,662000,현대 ZERO카드,80.0,서울 송파구,30,회계,33,여,7.0,4.0,40.0,7.0,42.0
9444,1500096,1704000,현대 ZERO카드,58.0,경기 수원시,30,프리랜서,39,남,7.0,51.0,3.0,0.0,39.0
9445,2696701,1580000,씨티 Premier카드,61.0,서울 노원구,30,회계,32,남,30.0,5.0,46.0,14.0,5.0
9446,2965436,1729000,KB 혜담카드,72.0,경기 수원시,30,마케팅,31,여,49.0,7.0,18.0,8.0,18.0
9447,2627779,1027000,현대 ZERO카드,61.0,경기 수원시,30,개발자,39,여,39.0,4.0,39.0,1.0,17.0
9448,3600104,1316000,KB 혜담카드,62.0,광주 서구,30,대학생,35,남,22.0,10.0,1.0,24.0,43.0
9449,1491852,712000,네이버페이 현대,84.0,경기 수원시,30,프리랜서,34,여,33.0,17.0,41.0,2.0,7.0
9450,2407748,1176000,우리 Young카드,59.0,서울 강동구,20,대학생,29,여,34.0,11.0,12.0,10.0,33.0
9451,2576932,999000,IBK 두드림카드,73.0,대전 유성구,20,영업,29,여,16.0,28.0,4.0,52.0,0.0
9452,1574601,1192000,씨티 Premier카드,68.0,서울 노원구,20,회계,28,여,9.0,40.0,30.0,16.0,5.0
9453,2681028,1202000,우리 Young카드,62.0,경기 수원시,20,데이터분석가,27,남,17.0,30.0,31.0,7.0,15.0
9454,2194240,1535000,신한 Deep카드,44.0,서울 동작구,20,컨설턴트,26,남,17.0,5.0,41.0,8.0,29.0
9455,3785668,1447000,네이버페이 현대,54.0,경기 성남시,20,영업,26,남,0.0,16.0,33.0,40.0,11.0
9456,1161381,1347000,하나 Simple카드,41.0,서울 관악구,20,회계,27,남,3.0,4.0,23.0,58.0,12.0
9457,3184557,1863000,현대 ZERO카드,67.0,서울 강남구,30,간호사,31,여,1.0,26.0,50.0,13.0,10.0
9458,2052920,1506000,IBK 두드림카드,42.0,대전 유성구,20,서비스직,25,여,25.0,31.0,13.0,11.0,20.0
9459,1441424,1342000,우리 Young카드,44.0,세종,20,서비스직,29,여,27.0,17.0,3.0,24.0,29.0
9460,2236522,1698000,SSG 랜더스카드,42.0,광주 서구,30,연구원,35,여,26.0,9.0,4.0,15.0,46.0
9461,3194235,1588000,씨티 Premier카드,82.0,광주 서구,30,데이터분석가,34,남,14.0,34.0,14.0,33.0,5.0
9462,3726226,1762000,SSG 랜더스카드,52.0,경기 성남시,30,연구원,34,남,33.0,2.0,10.0,34.0,21.0
9463,4205375,1513000,네이버페이 현대,42.0,서울 노원구,30,기획,33,남,7.0,66.0,24.0,2.0,1.0
9464,3995325,980000,SSG 랜더스카드,48.0,서울 용산구,30,연구원,35,남,38.0,13.0,9.0,1.0,39.0
9465,2017308,1364000,현대 ZERO카드,57.0,인천 남동구,30,컨설턴트,31,여,18.0,35.0,7.0,32.0,8.0
9466,3791115,1428000,현대 ZERO카드,54.0,서울 용산구,30,마케팅,30,남,50.0,15.0,4.0,11.0,20.0
9467,2445642,1182000,현대 ZERO카드,51.0,대구 수성구,20,생산직,29,남,23.0,4.0,30.0,27.0,16.0
9468,1922698,2055000,토스카드,48.0,경기 성남시,20,컨설턴트,26,남,14.0,21.0,2.0,52.0,11.0
9469,2144044,1029000,현대 ZERO카드,40.0,서울 성동구,20,프리랜서,25,여,12.0,10.0,13.0,49.0,16.0
9470,1895078,972000,씨티 Premier카드,55.0,경기 성남시,20,간호사,26,남,32.0,14.0,23.0,3.0,28.0
9471,2268546,1083000,NH 농협카드,55.0,서울 서초구,20,데이터분석가,26,남,48.0,30.0,1.0,12.0,9.0
9472,1885171,1434000,우리 Young카드,51.0,서울 노원구,20,공무원,28,남,12.0,8.0,16.0,23.0,41.0
9473,1736002,1253000,카카오뱅크 체크,75.0,경기 고양시,20,프리랜서,25,여,3.0,18.0,26.0,37.0,16.0
9474,3335383,1048000,현대 ZERO카드,70.0,울산 남구,30,서비스직,32,남,12.0,7.0,24.0,54.0,3.0
9475,2564365,1540000,신한 Deep카드,68.0,인천 남동구,20,영업,22,여,11.0,15.0,9.0,37.0,28.0
9476,2406201,1331000,씨티 Premier카드,44.0,경기 성남시,30,기획,31,여,12.0,58.0,18.0,8.0,4.0
9477,2933825,1805000,하나 Simple카드,70.0,광주 서구,20,프리랜서,25,여,4.0,21.0,1.0,7.0,67.0
9478,2369784,1486000,이마트 KB카드,63.0,서울 성동구,30,서비스직,34,여,24.0,46.0,5.0,20.0,5.0
9479,2098612,1066000,우리 Young카드,42.0,부산 해운대구,20,컨설턴트,25,남,18.0,22.0,28.0,6.0,26.0
9480,2580244,1373000,네이버페이 현대,60.0,세종,20,개발자,26,남,24.0,4.0,17.0,47.0,8.0
9481,2183787,1521000,네이버페이 현대,56.0,부산 해운대구,20,연구원,26,남,50.0,9.0,6.0,7.0,28.0
9482,2292398,994000,KB 혜담카드,48.0,경기 고양시,20,영업,24,여,30.0,2.0,1.0,53.0,14.0
9483,1000000,1123000,토스카드,49.0,대구 수성구,20,컨설턴트,26,남,6.0,23.0,17.0,5.0,49.0
9484,2258353,1065000,NH 농협카드,47.0,서울 용산구,20,개발자,29,남,48.0,14.0,3.0,6.0,29.0
9485,1336402,1829000,NH 농협카드,53.0,경기 수원시,20,개발자,28,여,1.0,21.0,7.0,55.0,16.0
9486,1639524,1140000,롯데 DC카드,68.0,서울 송파구,20,대학생,20,여,8.0,6.0,1.0,19.0,66.0
9487,1582338,1504000,SSG 랜더스카드,42.0,인천 남동구,20,공무원,25,남,4.0,14.0,68.0,2.0,12.0
9488,1978708,1571000,SSG 랜더스카드,48.0,서울 용산구,30,생산직,38,여,11.0,1.0,22.0,34.0,32.0
9489,2225573,1316000,SSG 랜더스카드,77.0,경기 성남시,30,연구원,32,여,30.0,20.0,9.0,3.0,38.0
9490,2659455,2202000,롯데 DC카드,51.0,대구 수성구,30,컨설턴트,31,남,23.0,2.0,37.0,14.0,24.0
9491,2582137,1602000,SSG 랜더스카드,45.0,서울 서초구,20,개발자,22,남,10.0,2.0,10.0,44.0,34.0
9492,2611193,1679000,KB 혜담카드,56.0,서울 관악구,30,개발자,31,여,0.0,13.0,11.0,74.0,2.0
9493,1549462,1054000,IBK 두드림카드,76.0,서울 관악구,30,대학생,34,여,13.0,14.0,17.0,10.0,46.0
9494,2291647,1077000,KB 혜담카드,77.0,세종,20,컨설턴트,23,남,17.0,28.0,19.0,4.0,32.0
9495,2409127,1193000,씨티 Premier카드,76.0,서울 송파구,20,생산직,26,남,1.0,15.0,56.0,28.0,0.0
9496,2085716,1066000,우리 Young카드,42.0,부산 해운대구,20,컨설턴트,25,여,18.0,22.0,28.0,6.0,26.0
9497,2469557,1110000,하나 Simple카드,81.0,서울 용산구,30,연구원,31,여,15.0,34.0,18.0,29.0,4.0
9498,2345155,1268000,이마트 KB카드,53.0,경기 수원시,20,프리랜서,28,여,30.0,17.0,28.0,4.0,21.0
9499,3535219,1149000,신한 Deep카드,53.0,서울 성동구,30,개발자,31,남,21.0,39.0,19.0,10.0,11.0
9500,1462560,1971000,SSG 랜더스카드,53.0,서울 강남구,20,기획,23,남,23.0,4.0,20.0,12.0,41.0
9501,2127841,886000,삼성 taptap카드,73.0,서울 강남구,20,디자이너,27,여,10.0,23.0,51.0,8.0,8.0
9502,3004168,2057000,현대 ZERO카드,54.0,서울 성동구,20,데이터분석가,26,남,5.0,8.0,41.0,43.0,3.0
9503,3208330,833000,우리 Young카드,49.0,서울 노원구,30,디자이너,31,여,2.0,13.0,76.0,8.0,1.0
9504,2925468,916000,우리 Young카드,50.0,서울 송파구,30,마케팅,35,여,19.0,0.0,30.0,20.0,31.0
9505,3375777,1450000,이마트 KB카드,64.0,서울 강동구,30,개발자,32,남,21.0,4.0,16.0,45.0,14.0
9506,3327317,1230000,우리 Young카드,55.0,경기 고양시,30,마케팅,30,여,20.0,3.0,59.0,5.0,13.0
9507,4342493,2251000,우리 Young카드,85.0,서울 노원구,30,회계,34,남,7.0,19.0,44.0,13.0,17.0
9508,2185460,1116000,현대 ZERO카드,85.0,서울 서초구,20,공무원,29,여,54.0,22.0,2.0,10.0,12.0
9509,2321397,1139000,삼성 taptap카드,84.0,서울 동작구,30,공무원,34,남,57.0,18.0,16.0,3.0,6.0
9510,2810795,752000,NH 농협카드,72.0,서울 강동구,30,데이터분석가,37,남,2.0,23.0,16.0,39.0,20.0
9511,4048347,1067000,롯데 DC카드,70.0,경기 성남시,30,회계,34,여,77.0,2.0,4.0,12.0,5.0
9512,1715321,1321000,토스카드,66.0,서울 강동구,30,공무원,36,여,24.0,39.0,12.0,13.0,12.0
9513,2014730,1263000,씨티 Premier카드,47.0,대구 수성구,20,연구원,24,남,8.0,11.0,23.0,40.0,18.0
9514,1793654,942000,삼성 taptap카드,85.0,서울 용산구,30,기획,30,여,10.0,50.0,30.0,8.0,2.0
9515,3087334,1794000,삼성 taptap카드,50.0,광주 서구,30,데이터분석가,33,남,45.0,6.0,1.0,20.0,28.0
9516,2158116,944000,이마트 KB카드,48.0,경기 수원시,30,기획,30,남,38.0,21.0,6.0,10.0,25.0
9517,2195624,1488000,우리 Young카드,82.0,서울 송파구,20,연구원,24,남,3.0,37.0,2.0,54.0,4.0
9518,1274952,2213000,롯데 DC카드,48.0,서울 성동구,20,마케팅,22,남,7.0,10.0,17.0,17.0,49.0
9519,3432334,760000,토스카드,63.0,서울 성동구,30,영업,35,남,10.0,24.0,9.0,50.0,7.0
9520,3855641,2215000,씨티 Premier카드,64.0,서울 노원구,30,대학생,30,남,26.0,55.0,5.0,14.0,0.0
9521,2731239,854000,KB 혜담카드,74.0,서울 용산구,30,대학생,33,남,39.0,1.0,20.0,0.0,40.0
9522,2182434,1271000,신한 Deep카드,49.0,서울 용산구,20,기획,29,남,42.0,9.0,38.0,1.0,10.0
9523,2168296,1243000,KB 혜담카드,44.0,서울 서초구,20,회계,20,남,15.0,5.0,28.0,24.0,28.0
9524,2590455,1624000,SSG 랜더스카드,52.0,서울 용산구,30,기획,30,여,2.0,14.0,1.0,82.0,1.0
9525,2973281,935000,우리 Young카드,77.0,서울 관악구,30,데이터분석가,30,남,2.0,15.0,5.0,33.0,45.0
9526,2884058,1649000,IBK 두드림카드,47.0,경기 성남시,30,데이터분석가,36,여,4.0,8.0,37.0,34.0,17.0
9527,3116519,2258000,하나 Simple카드,72.0,서울 노원구,30,개발자,34,여,35.0,3.0,2.0,22.0,38.0
9528,2092964,1054000,IBK 두드림카드,76.0,서울 관악구,30,대학생,34,여,13.0,14.0,17.0,10.0,46.0
9529,2095335,1036000,KB 혜담카드,51.0,서울 마포구,20,개발자,27,여,17.0,14.0,21.0,5.0,43.0
9530,2700809,1235000,씨티 Premier카드,77.0,서울 관악구,20,생산직,29,여,16.0,51.0,13.0,10.0,10.0
9531,2004831,1410000,현대 ZERO카드,44.0,광주 서구,30,간호사,30,남,56.0,7.0,0.0,11.0,26.0
9532,1264639,1923000,카카오뱅크 체크,43.0,서울 마포구,20,데이터분석가,27,여,2.0,17.0,8.0,53.0,20.0
9533,2363157,1074000,삼성 taptap카드,50.0,인천 남동구,20,생산직,20,여,10.0,51.0,6.0,22.0,11.0
9534,2498173,2196000,우리 Young카드,56.0,서울 송파구,20,마케팅,22,여,24.0,10.0,36.0,15.0,15.0
9535,2138849,956000,KB 혜담카드,53.0,경기 고양시,30,회계,35,여,10.0,19.0,61.0,10.0,0.0
9536,1960674,1117000,KB 혜담카드,74.0,부산 해운대구,20,간호사,25,남,48.0,4.0,13.0,11.0,24.0
9537,1869903,687000,현대 ZERO카드,82.0,서울 강동구,20,회계,29,여,16.0,3.0,35.0,2.0,44.0
9538,2066537,1113000,토스카드,47.0,대전 유성구,30,기획,30,여,18.0,66.0,7.0,1.0,8.0
9539,3485447,1120000,삼성 taptap카드,49.0,경기 고양시,30,개발자,30,남,45.0,14.0,4.0,1.0,36.0
9540,2173651,622000,네이버페이 현대,73.0,경기 고양시,30,디자이너,33,남,2.0,59.0,16.0,20.0,3.0
9541,2367238,1965000,현대 ZERO카드,56.0,서울 노원구,30,프리랜서,36,여,0.0,13.0,20.0,28.0,39.0
9542,2047331,1804000,삼성 taptap카드,43.0,대전 유성구,30,프리랜서,31,여,45.0,36.0,13.0,6.0,0.0
9543,1522355,2638000,삼성 taptap카드,47.0,서울 용산구,20,서비스직,29,남,6.0,8.0,18.0,62.0,6.0
9544,2685089,519000,씨티 Premier카드,69.0,경기 수원시,20,영업,25,여,11.0,12.0,10.0,58.0,9.0
9545,1990087,1398000,IBK 두드림카드,74.0,서울 송파구,20,디자이너,25,남,21.0,4.0,58.0,13.0,4.0
9546,2344220,1989000,롯데 DC카드,72.0,서울 동작구,20,개발자,27,남,34.0,22.0,7.0,23.0,14.0
9547,1495962,721000,네이버페이 현대,80.0,세종,20,영업,28,남,23.0,2.0,55.0,19.0,1.0
9548,1879030,838000,토스카드,40.0,서울 관악구,20,간호사,24,남,17.0,34.0,8.0,6.0,35.0
9549,2628043,1312000,IBK 두드림카드,74.0,세종,20,서비스직,26,남,21.0,26.0,40.0,6.0,7.0
9550,4811090,818000,SSG 랜더스카드,61.0,서울 마포구,30,생산직,39,남,14.0,27.0,11.0,48.0,0.0
9551,1261891,1043000,카카오뱅크 체크,73.0,대구 수성구,20,마케팅,29,여,58.0,12.0,3.0,14.0,13.0
9552,2399446,933000,네이버페이 현대,54.0,광주 서구,30,컨설턴트,32,여,14.0,4.0,27.0,39.0,16.0
9553,2456140,1057000,네이버페이 현대,66.0,서울 성동구,20,개발자,23,남,63.0,0.0,19.0,15.0,3.0
9554,2568729,756000,NH 농협카드,44.0,서울 관악구,30,서비스직,32,남,19.0,39.0,22.0,18.0,2.0
9555,2674760,1957000,IBK 두드림카드,60.0,인천 남동구,20,회계,26,남,4.0,31.0,1.0,28.0,36.0
9556,2066633,1269000,SSG 랜더스카드,70.0,서울 노원구,30,생산직,31,여,9.0,1.0,41.0,2.0,47.0
9557,2326923,1138000,카카오뱅크 체크,46.0,서울 강남구,20,서비스직,25,남,4.0,15.0,8.0,44.0,29.0
9558,1988964,1342000,씨티 Premier카드,82.0,울산 남구,20,기획,24,남,50.0,3.0,19.0,13.0,15.0
9559,3109715,854000,하나 Simple카드,79.0,서울 동작구,30,영업,33,여,28.0,11.0,48.0,10.0,3.0
9560,2161817,1653000,이마트 KB카드,67.0,광주 서구,30,마케팅,32,여,49.0,29.0,0.0,11.0,11.0
9561,2753688,1858000,현대 ZERO카드,61.0,서울 관악구,30,서비스직,31,남,25.0,4.0,60.0,9.0,2.0
9562,2722844,947000,우리 Young카드,51.0,서울 관악구,20,영업,29,남,19.0,6.0,54.0,13.0,8.0
9563,2280372,2444000,토스카드,46.0,서울 강동구,30,개발자,33,남,29.0,38.0,25.0,5.0,3.0
9564,2534375,1148000,롯데 DC카드,41.0,서울 성동구,30,디자이너,30,여,34.0,32.0,11.0,15.0,8.0
9565,1338732,699000,삼성 taptap카드,81.0,부산 해운대구,20,개발자,26,여,27.0,13.0,5.0,43.0,12.0
9566,2238446,1339000,현대 ZERO카드,73.0,서울 서초구,30,기획,31,남,39.0,22.0,13.0,4.0,22.0
9567,2441065,800000,현대 ZERO카드,50.0,서울 동작구,20,디자이너,29,여,1.0,69.0,14.0,2.0,14.0
9568,1754651,780000,카카오뱅크 체크,62.0,서울 동작구,20,개발자,28,남,14.0,62.0,2.0,5.0,17.0
9569,1977713,1211000,현대 ZERO카드,80.0,광주 서구,20,서비스직,29,남,8.0,22.0,20.0,39.0,11.0
9570,3345160,1738000,이마트 KB카드,55.0,서울 마포구,30,회계,32,남,31.0,14.0,1.0,3.0,51.0
9571,2594569,1656000,NH 농협카드,45.0,서울 서초구,30,개발자,31,남,2.0,27.0,21.0,9.0,41.0
9572,3575989,1311000,우리 Young카드,51.0,서울 용산구,30,컨설턴트,37,남,8.0,17.0,18.0,40.0,17.0
9573,2357831,1117000,SSG 랜더스카드,45.0,서울 용산구,20,디자이너,29,남,12.0,2.0,5.0,53.0,28.0
9574,2467841,1456000,이마트 KB카드,53.0,경기 성남시,20,공무원,23,남,20.0,21.0,37.0,19.0,3.0
9575,2870482,1034000,토스카드,58.0,인천 남동구,20,영업,27,남,8.0,12.0,17.0,1.0,62.0
9576,2659911,1620000,NH 농협카드,42.0,서울 서초구,30,컨설턴트,34,여,4.0,24.0,5.0,21.0,46.0
9577,4077193,1369000,이마트 KB카드,55.0,서울 관악구,30,공무원,30,남,33.0,8.0,14.0,4.0,41.0
9578,2705631,2577000,SSG 랜더스카드,43.0,서울 용산구,20,디자이너,25,남,38.0,6.0,6.0,29.0,21.0
9579,1988273,2071000,삼성 taptap카드,43.0,서울 동작구,20,연구원,28,여,48.0,1.0,49.0,0.0,2.0
9580,3146574,1180000,현대 ZERO카드,50.0,부산 해운대구,30,간호사,37,여,21.0,8.0,19.0,35.0,17.0
9581,2381933,1755000,이마트 KB카드,74.0,서울 관악구,20,간호사,20,여,48.0,2.0,21.0,16.0,13.0
9582,2723724,2124000,현대 ZERO카드,65.0,서울 용산구,30,데이터분석가,32,남,17.0,22.0,34.0,27.0,0.0
9583,2389192,1607000,NH 농협카드,50.0,서울 관악구,20,디자이너,29,남,3.0,16.0,28.0,24.0,29.0
9584,3056163,765000,롯데 DC카드,60.0,대구 수성구,30,생산직,32,여,25.0,13.0,17.0,37.0,8.0
9585,2727522,1932000,카카오뱅크 체크,66.0,서울 서초구,30,간호사,34,여,37.0,18.0,12.0,21.0,12.0
9586,3161196,1176000,우리 Young카드,59.0,서울 강동구,20,대학생,29,남,34.0,11.0,12.0,10.0,33.0
9587,3043265,1295000,삼성 taptap카드,82.0,서울 마포구,30,연구원,33,여,16.0,4.0,25.0,32.0,23.0
9588,3366212,699000,롯데 DC카드,71.0,부산 해운대구,30,마케팅,34,남,2.0,12.0,23.0,27.0,36.0
9589,1986965,1298000,우리 Young카드,49.0,경기 고양시,30,데이터분석가,30,여,55.0,11.0,5.0,25.0,4.0
9590,2410133,1832000,네이버페이 현대,52.0,부산 해운대구,30,데이터분석가,30,여,23.0,0.0,28.0,3.0,46.0
9591,2285832,1581000,삼성 taptap카드,53.0,서울 관악구,20,회계,21,여,6.0,29.0,11.0,13.0,41.0
9592,2848315,2145000,NH 농협카드,77.0,부산 해운대구,30,프리랜서,30,여,18.0,22.0,3.0,10.0,47.0
9593,2818666,1355000,NH 농협카드,78.0,서울 동작구,30,간호사,32,여,38.0,35.0,9.0,15.0,3.0
9594,3118678,1312000,SSG 랜더스카드,55.0,서울 강동구,30,개발자,31,남,22.0,11.0,32.0,4.0,31.0
9595,3084244,1176000,롯데 DC카드,74.0,서울 관악구,30,개발자,34,남,11.0,23.0,11.0,40.0,15.0
9596,2610228,905000,현대 ZERO카드,64.0,울산 남구,20,간호사,29,남,10.0,35.0,39.0,9.0,7.0
9597,2398989,1108000,현대 ZERO카드,76.0,서울 송파구,30,회계,34,남,7.0,7.0,25.0,10.0,51.0
9598,3097757,1110000,KB 혜담카드,83.0,서울 관악구,20,영업,24,여,20.0,41.0,5.0,18.0,16.0
9599,1566983,824000,하나 Simple카드,78.0,인천 남동구,30,데이터분석가,35,남,2.0,15.0,26.0,1.0,56.0
9600,2977704,1894000,하나 Simple카드,82.0,서울 강동구,20,대학생,25,남,1.0,54.0,28.0,12.0,5.0
9601,2477407,2125000,우리 Young카드,68.0,광주 서구,30,기획,30,여,29.0,46.0,15.0,3.0,7.0
9602,2751289,1221000,하나 Simple카드,62.0,서울 송파구,20,공무원,27,여,37.0,17.0,1.0,1.0,44.0
9603,3254688,2071000,현대 ZERO카드,50.0,인천 남동구,30,개발자,34,남,31.0,22.0,9.0,27.0,11.0
9604,3242224,1020000,우리 Young카드,65.0,서울 강동구,30,개발자,31,남,37.0,3.0,1.0,31.0,28.0
9605,2527127,1539000,IBK 두드림카드,74.0,세종,20,데이터분석가,26,남,37.0,11.0,11.0,9.0,32.0
9606,2654527,1091000,롯데 DC카드,63.0,대구 수성구,20,연구원,25,여,13.0,28.0,28.0,8.0,23.0
9607,2085584,1954000,현대 ZERO카드,58.0,서울 성동구,20,컨설턴트,27,남,14.0,56.0,9.0,4.0,17.0
9608,3017399,1974000,현대 ZERO카드,48.0,서울 관악구,30,컨설턴트,30,여,35.0,3.0,54.0,5.0,3.0
9609,1707764,1381000,토스카드,57.0,서울 서초구,20,디자이너,20,남,20.0,47.0,9.0,9.0,15.0
9610,2247334,1562000,IBK 두드림카드,79.0,광주 서구,20,간호사,29,남,8.0,36.0,12.0,19.0,25.0
9611,2667984,1063000,카카오뱅크 체크,50.0,서울 송파구,20,컨설턴트,28,여,33.0,18.0,14.0,11.0,24.0
9612,3696512,1111000,NH 농협카드,51.0,서울 서초구,30,디자이너,30,남,1.0,23.0,39.0,13.0,24.0
9613,2480394,1649000,토스카드,57.0,서울 송파구,20,공무원,28,남,26.0,20.0,5.0,44.0,5.0
9614,2053303,2401000,하나 Simple카드,74.0,경기 수원시,20,디자이너,28,남,28.0,22.0,6.0,12.0,32.0
9615,3627695,1336000,IBK 두드림카드,53.0,대전 유성구,30,영업,31,남,59.0,2.0,2.0,1.0,36.0
9616,2165316,1350000,IBK 두드림카드,68.0,서울 마포구,30,회계,30,여,4.0,19.0,5.0,30.0,42.0
9617,3125704,809000,토스카드,46.0,부산 해운대구,20,개발자,27,남,5.0,25.0,28.0,20.0,22.0
9618,2940730,1567000,삼성 taptap카드,51.0,서울 마포구,30,생산직,34,남,25.0,42.0,6.0,12.0,15.0
9619,1922262,1020000,우리 Young카드,65.0,서울 강동구,30,개발자,31,남,37.0,3.0,1.0,31.0,28.0
9620,1902658,988000,NH 농협카드,65.0,서울 송파구,30,대학생,39,여,10.0,9.0,46.0,15.0,20.0
9621,2521821,1027000,현대 ZERO카드,61.0,경기 수원시,30,개발자,39,여,39.0,4.0,39.0,1.0,17.0
9622,2569912,1245000,우리 Young카드,54.0,경기 성남시,30,영업,32,여,5.0,7.0,43.0,37.0,8.0
9623,3234828,965000,토스카드,74.0,서울 노원구,20,컨설턴트,29,여,43.0,7.0,6.0,33.0,11.0
9624,2273050,1412000,우리 Young카드,40.0,부산 해운대구,30,기획,31,남,5.0,47.0,19.0,12.0,17.0
9625,2269731,2364000,우리 Young카드,78.0,광주 서구,20,대학생,24,남,6.0,4.0,40.0,34.0,16.0
9626,1720289,1271000,하나 Simple카드,55.0,서울 용산구,20,공무원,28,남,9.0,73.0,3.0,11.0,4.0
9627,2003672,2111000,SSG 랜더스카드,72.0,경기 고양시,20,데이터분석가,21,남,60.0,7.0,27.0,1.0,5.0
9628,4178780,1380000,이마트 KB카드,80.0,서울 서초구,30,생산직,30,남,6.0,25.0,30.0,9.0,30.0
9629,1681831,1298000,카카오뱅크 체크,82.0,대구 수성구,20,대학생,26,여,8.0,14.0,41.0,14.0,23.0
9630,2543521,1044000,신한 Deep카드,71.0,대전 유성구,20,간호사,20,여,46.0,4.0,27.0,5.0,18.0
9631,2696453,1617000,SSG 랜더스카드,64.0,서울 관악구,30,간호사,35,여,9.0,69.0,2.0,18.0,2.0
9632,2983080,611000,이마트 KB카드,81.0,경기 수원시,30,회계,34,남,15.0,7.0,22.0,27.0,29.0
9633,2509718,891000,이마트 KB카드,54.0,서울 용산구,20,공무원,29,여,11.0,13.0,11.0,64.0,1.0
9634,1669989,657000,이마트 KB카드,83.0,서울 마포구,20,컨설턴트,26,여,24.0,19.0,34.0,8.0,15.0
9635,3328161,2494000,이마트 KB카드,44.0,대전 유성구,30,개발자,39,여,7.0,31.0,32.0,8.0,22.0
9636,4347391,1357000,현대 ZERO카드,79.0,서울 강동구,30,데이터분석가,34,남,4.0,2.0,25.0,38.0,31.0
9637,2273552,923000,SSG 랜더스카드,69.0,세종,20,컨설턴트,29,남,50.0,4.0,3.0,10.0,33.0
9638,3461553,895000,네이버페이 현대,53.0,서울 용산구,20,서비스직,28,남,19.0,24.0,5.0,49.0,3.0
9639,2050486,1398000,SSG 랜더스카드,50.0,서울 노원구,20,데이터분석가,28,남,14.0,17.0,68.0,1.0,0.0
9640,2450215,1273000,SSG 랜더스카드,65.0,서울 용산구,20,대학생,27,여,12.0,17.0,12.0,59.0,0.0
9641,4002322,1135000,IBK 두드림카드,62.0,서울 동작구,30,간호사,33,남,9.0,12.0,35.0,24.0,20.0
9642,2678696,2202000,롯데 DC카드,51.0,대구 수성구,30,컨설턴트,31,남,23.0,2.0,37.0,14.0,24.0
9643,1809225,966000,씨티 Premier카드,64.0,서울 마포구,30,개발자,39,여,5.0,9.0,8.0,17.0,61.0
9644,1444141,984000,IBK 두드림카드,60.0,서울 송파구,20,영업,28,여,4.0,1.0,29.0,52.0,14.0
9645,4442578,1220000,NH 농협카드,72.0,광주 서구,30,회계,34,남,3.0,32.0,15.0,41.0,9.0
9646,1985487,1297000,카카오뱅크 체크,59.0,서울 동작구,20,대학생,28,여,21.0,16.0,18.0,34.0,11.0
9647,2869984,1176000,삼성 taptap카드,64.0,세종,30,프리랜서,30,남,26.0,20.0,16.0,24.0,14.0
9648,2221065,1834000,현대 ZERO카드,63.0,경기 성남시,30,프리랜서,32,남,30.0,6.0,32.0,4.0,28.0
9649,2724169,930000,현대 ZERO카드,48.0,대전 유성구,20,데이터분석가,27,남,12.0,4.0,26.0,57.0,1.0
9650,2109220,952000,삼성 taptap카드,50.0,세종,30,연구원,30,여,15.0,22.0,2.0,34.0,27.0
9651,2254368,900000,SSG 랜더스카드,48.0,인천 남동구,30,공무원,34,여,9.0,23.0,5.0,16.0,47.0
9652,3209664,988000,NH 농협카드,65.0,서울 송파구,30,대학생,39,남,10.0,9.0,46.0,15.0,20.0
9653,1717977,821000,SSG 랜더스카드,79.0,서울 동작구,20,디자이너,27,여,1.0,38.0,31.0,28.0,2.0
9654,2160708,777000,씨티 Premier카드,54.0,경기 수원시,20,간호사,20,남,8.0,7.0,44.0,21.0,20.0
9655,2951104,1834000,현대 ZERO카드,71.0,서울 동작구,20,간호사,28,여,16.0,28.0,3.0,38.0,15.0
9656,2315271,1756000,NH 농협카드,41.0,대전 유성구,20,데이터분석가,25,남,18.0,6.0,3.0,12.0,61.0
9657,2357432,1053000,하나 Simple카드,65.0,서울 관악구,20,서비스직,26,여,49.0,26.0,13.0,4.0,8.0
9658,2305432,1346000,하나 Simple카드,79.0,인천 남동구,30,생산직,32,여,17.0,9.0,0.0,42.0,32.0
9659,4397306,1218000,IBK 두드림카드,84.0,서울 강남구,30,데이터분석가,31,남,50.0,4.0,12.0,0.0,34.0
9660,1843921,1015000,이마트 KB카드,62.0,대구 수성구,20,대학생,25,남,21.0,10.0,19.0,50.0,0.0
9661,3147648,540000,네이버페이 현대,40.0,서울 용산구,30,기획,39,남,7.0,21.0,20.0,21.0,31.0
9662,3080517,1791000,네이버페이 현대,42.0,서울 노원구,30,기획,39,남,27.0,9.0,18.0,46.0,0.0
9663,3004381,1304000,신한 Deep카드,71.0,서울 송파구,30,서비스직,31,여,54.0,9.0,28.0,6.0,3.0
9664,3051586,799000,현대 ZERO카드,66.0,경기 수원시,30,대학생,37,여,6.0,23.0,40.0,1.0,30.0
9665,2233990,1193000,신한 Deep카드,72.0,대구 수성구,20,개발자,27,남,16.0,7.0,48.0,26.0,3.0
9666,3203466,1792000,SSG 랜더스카드,54.0,경기 고양시,30,간호사,32,남,21.0,5.0,20.0,7.0,47.0
9667,2414267,792000,SSG 랜더스카드,64.0,인천 남동구,20,영업,24,여,3.0,9.0,53.0,16.0,19.0
9668,1409500,1093000,이마트 KB카드,65.0,서울 서초구,30,프리랜서,31,남,1.0,25.0,60.0,2.0,12.0
9669,1705505,2125000,우리 Young카드,68.0,광주 서구,30,기획,30,여,29.0,46.0,15.0,3.0,7.0
9670,1947468,1063000,하나 Simple카드,72.0,대전 유성구,20,회계,20,남,47.0,8.0,4.0,5.0,36.0
9671,2219200,2038000,씨티 Premier카드,41.0,세종,30,영업,36,여,6.0,49.0,9.0,31.0,5.0
9672,1650358,880000,토스카드,67.0,서울 동작구,20,디자이너,28,여,30.0,24.0,11.0,22.0,13.0
9673,2874791,729000,SSG 랜더스카드,49.0,서울 동작구,30,회계,34,여,47.0,29.0,16.0,1.0,7.0
9674,2501059,839000,삼성 taptap카드,66.0,서울 관악구,30,회계,32,여,30.0,0.0,39.0,23.0,8.0
9675,2142652,1972000,이마트 KB카드,57.0,서울 용산구,20,서비스직,22,남,24.0,24.0,23.0,4.0,25.0
9676,1621922,1285000,하나 Simple카드,58.0,서울 관악구,20,영업,28,여,8.0,35.0,7.0,42.0,8.0
9677,2477727,1811000,씨티 Premier카드,84.0,서울 동작구,30,연구원,39,여,13.0,14.0,56.0,14.0,3.0
9678,1000000,811000,토스카드,74.0,서울 송파구,20,간호사,20,남,8.0,11.0,12.0,8.0,61.0
9679,2168521,2030000,카카오뱅크 체크,45.0,대전 유성구,20,마케팅,20,남,9.0,1.0,23.0,24.0,43.0
9680,2281591,1479000,KB 혜담카드,62.0,대전 유성구,20,생산직,23,남,62.0,11.0,10.0,12.0,5.0
9681,3169340,1064000,신한 Deep카드,47.0,서울 용산구,30,개발자,34,남,27.0,16.0,6.0,21.0,30.0
9682,1467949,834000,토스카드,54.0,대전 유성구,20,기획,28,남,13.0,27.0,20.0,30.0,10.0
9683,2612408,2038000,씨티 Premier카드,41.0,세종,30,영업,36,여,6.0,49.0,9.0,31.0,5.0
9684,2270998,1243000,현대 ZERO카드,40.0,서울 관악구,30,공무원,30,남,4.0,4.0,67.0,3.0,22.0
9685,2093765,1892000,하나 Simple카드,59.0,서울 관악구,30,공무원,31,여,46.0,8.0,6.0,37.0,3.0
9686,3502551,1139000,삼성 taptap카드,84.0,서울 동작구,30,공무원,34,남,57.0,18.0,16.0,3.0,6.0
9687,3257056,987000,토스카드,58.0,대구 수성구,20,서비스직,22,남,16.0,39.0,1.0,4.0,40.0
9688,3035951,741000,NH 농협카드,51.0,경기 수원시,30,생산직,37,남,6.0,54.0,8.0,31.0,1.0
9689,2428033,581000,KB 혜담카드,84.0,경기 수원시,30,디자이너,32,남,23.0,16.0,10.0,29.0,22.0
9690,2344335,1209000,롯데 DC카드,42.0,서울 동작구,20,공무원,25,남,28.0,5.0,24.0,20.0,23.0
9691,3657320,1967000,SSG 랜더스카드,84.0,인천 남동구,30,대학생,39,남,1.0,12.0,17.0,51.0,19.0
9692,3434698,897000,삼성 taptap카드,79.0,서울 강동구,30,기획,35,남,6.0,2.0,4.0,19.0,69.0
9693,3871556,743000,네이버페이 현대,71.0,서울 관악구,30,디자이너,39,여,44.0,37.0,0.0,1.0,18.0
9694,1892331,875000,우리 Young카드,84.0,서울 마포구,20,데이터분석가,26,여,15.0,23.0,14.0,36.0,12.0
9695,2376115,1121000,SSG 랜더스카드,55.0,서울 성동구,20,영업,28,남,31.0,29.0,3.0,25.0,12.0
9696,3274458,1790000,신한 Deep카드,45.0,경기 수원시,30,서비스직,33,여,42.0,42.0,3.0,10.0,3.0
9697,2993079,1408000,네이버페이 현대,61.0,서울 송파구,20,대학생,25,여,33.0,2.0,23.0,4.0,38.0
9698,1274961,1799000,NH 농협카드,85.0,경기 수원시,20,연구원,29,남,21.0,50.0,5.0,6.0,18.0
9699,2498321,1124000,이마트 KB카드,75.0,서울 서초구,30,개발자,35,여,8.0,16.0,43.0,13.0,20.0
9700,3242260,940000,SSG 랜더스카드,72.0,서울 관악구,30,개발자,35,여,66.0,2.0,9.0,14.0,9.0
9701,3695321,950000,롯데 DC카드,77.0,서울 관악구,20,생산직,23,남,35.0,0.0,15.0,12.0,38.0
9702,2601897,585000,네이버페이 현대,58.0,서울 서초구,20,생산직,29,남,20.0,11.0,14.0,40.0,15.0
9703,2066068,653000,현대 ZERO카드,68.0,서울 송파구,20,데이터분석가,28,남,16.0,8.0,14.0,23.0,39.0
9704,1745398,1361000,신한 Deep카드,85.0,서울 송파구,20,데이터분석가,25,남,48.0,2.0,12.0,25.0,13.0
9705,3359371,918000,현대 ZERO카드,58.0,서울 강남구,20,컨설턴트,28,여,1.0,2.0,65.0,18.0,14.0
9706,3510119,920000,현대 ZERO카드,82.0,경기 고양시,30,컨설턴트,37,남,2.0,37.0,4.0,19.0,38.0
9707,2075966,1079000,KB 혜담카드,48.0,세종,30,기획,31,여,12.0,14.0,57.0,12.0,5.0
9708,2148421,970000,현대 ZERO카드,81.0,인천 남동구,20,데이터분석가,29,여,7.0,0.0,14.0,36.0,43.0
9709,2655093,911000,네이버페이 현대,63.0,광주 서구,30,컨설턴트,35,여,16.0,46.0,20.0,12.0,6.0
9710,2771903,1325000,삼성 taptap카드,51.0,인천 남동구,30,대학생,31,여,6.0,18.0,33.0,7.0,36.0
9711,1800190,559000,네이버페이 현대,62.0,서울 관악구,20,간호사,22,남,21.0,1.0,23.0,48.0,7.0
9712,1942904,819000,카카오뱅크 체크,59.0,서울 관악구,20,회계,26,남,30.0,47.0,9.0,7.0,7.0
9713,1673532,906000,삼성 taptap카드,62.0,인천 남동구,30,개발자,33,여,11.0,41.0,1.0,6.0,41.0
9714,3727833,2233000,이마트 KB카드,65.0,세종,30,간호사,33,남,10.0,21.0,1.0,9.0,59.0
9715,2760867,1642000,우리 Young카드,66.0,경기 성남시,30,마케팅,33,남,27.0,16.0,18.0,15.0,24.0
9716,2483160,1040000,우리 Young카드,60.0,서울 용산구,20,공무원,27,여,2.0,13.0,35.0,46.0,4.0
9717,2961129,1096000,네이버페이 현대,69.0,대구 수성구,20,프리랜서,26,여,49.0,1.0,7.0,18.0,25.0
9718,3153909,1822000,네이버페이 현대,59.0,서울 동작구,30,서비스직,30,남,5.0,35.0,10.0,14.0,36.0
9719,2193514,1044000,네이버페이 현대,58.0,대구 수성구,20,컨설턴트,29,여,1.0,3.0,23.0,9.0,64.0
9720,2596960,1413000,KB 혜담카드,42.0,서울 송파구,30,디자이너,31,여,15.0,23.0,11.0,2.0,49.0
9721,3044235,1863000,하나 Simple카드,44.0,울산 남구,30,공무원,32,남,14.0,5.0,21.0,28.0,32.0
9722,2873082,1240000,우리 Young카드,58.0,경기 고양시,20,공무원,29,남,71.0,0.0,12.0,17.0,0.0
9723,2655419,854000,하나 Simple카드,79.0,서울 동작구,30,영업,33,여,28.0,11.0,48.0,10.0,3.0
9724,1977799,916000,이마트 KB카드,84.0,서울 동작구,20,연구원,22,남,22.0,20.0,11.0,37.0,10.0
9725,3733494,1156000,씨티 Premier카드,79.0,서울 동작구,30,컨설턴트,34,남,24.0,3.0,35.0,8.0,30.0
9726,3861339,632000,신한 Deep카드,74.0,서울 서초구,30,연구원,32,남,30.0,7.0,2.0,23.0,38.0
9727,1830834,1034000,신한 Deep카드,69.0,서울 관악구,30,프리랜서,34,여,0.0,39.0,46.0,5.0,10.0
9728,3016391,959000,네이버페이 현대,60.0,서울 서초구,20,기획,25,남,50.0,13.0,12.0,19.0,6.0
9729,3255298,992000,SSG 랜더스카드,67.0,서울 동작구,30,영업,34,남,22.0,36.0,0.0,3.0,39.0
9730,3198288,1519000,우리 Young카드,52.0,경기 고양시,30,디자이너,32,남,7.0,12.0,42.0,33.0,6.0
9731,3003312,1301000,KB 혜담카드,69.0,서울 서초구,30,디자이너,33,여,23.0,6.0,6.0,53.0,12.0
9732,1966511,1285000,SSG 랜더스카드,68.0,서울 동작구,20,공무원,23,남,7.0,27.0,11.0,35.0,20.0
9733,2727082,1113000,KB 혜담카드,44.0,대구 수성구,20,영업,28,여,8.0,24.0,55.0,9.0,4.0
9734,2061612,1567000,SSG 랜더스카드,45.0,서울 동작구,20,기획,24,여,5.0,17.0,69.0,4.0,5.0
9735,1512524,1798000,카카오뱅크 체크,72.0,대전 유성구,20,기획,28,남,24.0,55.0,2.0,1.0,18.0
9736,1751121,1498000,현대 ZERO카드,64.0,서울 성동구,20,대학생,23,여,2.0,2.0,9.0,29.0,58.0
9737,2533510,823000,우리 Young카드,53.0,서울 용산구,20,컨설턴트,29,여,5.0,24.0,22.0,2.0,47.0
9738,2027265,876000,하나 Simple카드,78.0,서울 마포구,30,회계,30,여,15.0,2.0,19.0,47.0,17.0
9739,3055038,1517000,토스카드,42.0,서울 강동구,20,영업,24,남,53.0,3.0,17.0,7.0,20.0
9740,3094641,1841000,IBK 두드림카드,63.0,울산 남구,30,서비스직,30,여,33.0,12.0,2.0,14.0,39.0
9741,2916719,722000,현대 ZERO카드,64.0,대구 수성구,20,연구원,26,여,31.0,1.0,3.0,61.0,4.0
9742,2312389,1126000,카카오뱅크 체크,62.0,서울 노원구,20,기획,25,여,16.0,43.0,17.0,13.0,11.0
9743,2378930,1843000,IBK 두드림카드,43.0,서울 관악구,20,영업,25,남,16.0,22.0,15.0,37.0,10.0
9744,1653144,839000,네이버페이 현대,81.0,서울 송파구,20,마케팅,29,여,21.0,5.0,57.0,1.0,16.0
9745,3697048,1160000,하나 Simple카드,56.0,서울 용산구,30,대학생,33,남,1.0,25.0,6.0,13.0,55.0
9746,2439916,1706000,토스카드,54.0,경기 수원시,20,연구원,23,남,20.0,9.0,0.0,11.0,60.0
9747,2533652,1058000,토스카드,53.0,서울 용산구,20,데이터분석가,29,남,7.0,38.0,7.0,37.0,11.0
9748,3094155,992000,씨티 Premier카드,77.0,서울 강동구,20,마케팅,29,여,19.0,5.0,9.0,65.0,2.0
9749,2575825,881000,KB 혜담카드,42.0,서울 용산구,30,디자이너,34,남,9.0,2.0,24.0,7.0,58.0
9750,2436929,1546000,우리 Young카드,50.0,서울 송파구,30,공무원,32,여,40.0,5.0,10.0,35.0,10.0
9751,2413335,884000,네이버페이 현대,41.0,서울 서초구,20,마케팅,27,여,9.0,26.0,36.0,14.0,15.0
9752,1782282,1731000,NH 농협카드,45.0,인천 남동구,20,공무원,23,남,15.0,1.0,62.0,0.0,22.0
9753,2156200,1086000,네이버페이 현대,44.0,인천 남동구,20,디자이너,27,여,44.0,20.0,18.0,17.0,1.0
9754,3345064,2120000,IBK 두드림카드,53.0,서울 동작구,30,마케팅,31,남,13.0,74.0,0.0,1.0,12.0
9755,2087289,1373000,네이버페이 현대,60.0,세종,20,개발자,26,남,24.0,4.0,17.0,47.0,8.0
9756,2904494,712000,현대 ZERO카드,80.0,서울 서초구,20,공무원,29,여,58.0,1.0,9.0,10.0,22.0
9757,1494537,2007000,토스카드,66.0,서울 서초구,20,마케팅,22,여,8.0,30.0,54.0,2.0,6.0
9758,3061385,1576000,우리 Young카드,40.0,서울 마포구,30,대학생,33,여,55.0,8.0,22.0,15.0,0.0
9759,2580592,1391000,토스카드,44.0,서울 노원구,20,연구원,27,여,34.0,26.0,19.0,14.0,7.0
9760,2601819,705000,롯데 DC카드,75.0,서울 마포구,30,생산직,33,남,26.0,9.0,22.0,20.0,23.0
9761,1787795,1228000,IBK 두드림카드,50.0,서울 서초구,20,대학생,23,남,9.0,21.0,22.0,20.0,28.0
9762,1209858,1074000,IBK 두드림카드,63.0,서울 용산구,20,생산직,29,여,17.0,38.0,5.0,13.0,27.0
9763,1852412,842000,SSG 랜더스카드,50.0,서울 노원구,20,회계,29,남,34.0,19.0,28.0,11.0,8.0
9764,3733023,2075000,신한 Deep카드,85.0,세종,30,공무원,31,남,26.0,2.0,28.0,36.0,8.0
9765,2221957,545000,롯데 DC카드,55.0,서울 송파구,20,마케팅,28,여,28.0,4.0,19.0,14.0,35.0
9766,2831490,1355000,현대 ZERO카드,72.0,서울 동작구,20,개발자,20,남,21.0,8.0,47.0,19.0,5.0
9767,1940064,1083000,NH 농협카드,55.0,서울 서초구,20,데이터분석가,26,남,48.0,30.0,1.0,12.0,9.0
9768,2853553,1163000,SSG 랜더스카드,53.0,세종,30,공무원,31,여,11.0,2.0,12.0,66.0,9.0
9769,1891250,630000,현대 ZERO카드,46.0,대전 유성구,20,컨설턴트,20,여,5.0,16.0,51.0,18.0,10.0
9770,2017212,733000,우리 Young카드,48.0,서울 용산구,30,마케팅,38,여,23.0,8.0,32.0,11.0,26.0
9771,2446436,1155000,씨티 Premier카드,46.0,서울 성동구,30,컨설턴트,37,여,54.0,8.0,3.0,17.0,18.0
9772,2534523,1132000,하나 Simple카드,59.0,서울 강남구,30,프리랜서,35,남,29.0,5.0,14.0,36.0,16.0
9773,1478588,1174000,현대 ZERO카드,43.0,서울 용산구,20,기획,20,여,75.0,17.0,4.0,2.0,2.0
9774,2158842,1345000,롯데 DC카드,84.0,서울 노원구,20,생산직,29,여,30.0,22.0,31.0,2.0,15.0
9775,3074504,503000,SSG 랜더스카드,40.0,서울 강동구,30,생산직,35,남,1.0,7.0,17.0,26.0,49.0
9776,2884179,780000,카카오뱅크 체크,78.0,부산 해운대구,20,개발자,22,남,1.0,8.0,73.0,15.0,3.0
9777,2718402,1498000,삼성 taptap카드,54.0,경기 수원시,20,컨설턴트,27,여,16.0,37.0,13.0,9.0,25.0
9778,2859971,988000,우리 Young카드,78.0,서울 송파구,20,회계,26,여,3.0,70.0,5.0,10.0,12.0
9779,2610178,979000,씨티 Premier카드,72.0,서울 관악구,20,간호사,25,여,9.0,8.0,9.0,30.0,44.0
9780,2416306,861000,NH 농협카드,78.0,서울 마포구,20,디자이너,27,여,29.0,10.0,12.0,22.0,27.0
9781,1635527,1514000,하나 Simple카드,57.0,대전 유성구,20,영업,28,여,6.0,37.0,9.0,8.0,40.0
9782,2324936,1071000,카카오뱅크 체크,51.0,서울 강동구,20,개발자,29,여,31.0,2.0,23.0,26.0,18.0
9783,2548396,1297000,네이버페이 현대,75.0,서울 송파구,20,기획,29,여,16.0,32.0,20.0,13.0,19.0
9784,2978718,1109000,NH 농협카드,62.0,서울 동작구,20,개발자,25,남,13.0,5.0,30.0,37.0,15.0
9785,2593144,654000,토스카드,80.0,서울 노원구,20,기획,26,여,50.0,31.0,17.0,2.0,0.0
9786,3868268,1067000,롯데 DC카드,70.0,경기 성남시,30,회계,34,남,77.0,2.0,4.0,12.0,5.0
9787,1734001,1174000,KB 혜담카드,80.0,서울 노원구,20,컨설턴트,24,여,79.0,2.0,1.0,10.0,8.0
9788,2086791,1539000,IBK 두드림카드,74.0,세종,20,데이터분석가,26,여,37.0,11.0,11.0,9.0,32.0
9789,2464675,1968000,신한 Deep카드,78.0,서울 송파구,20,회계,20,여,56.0,4.0,20.0,14.0,6.0
9790,3080476,914000,IBK 두드림카드,47.0,서울 동작구,30,서비스직,38,여,47.0,4.0,15.0,8.0,26.0
9791,2177385,800000,현대 ZERO카드,50.0,서울 동작구,20,디자이너,29,남,1.0,69.0,14.0,2.0,14.0
9792,2208777,1527000,씨티 Premier카드,43.0,서울 용산구,20,컨설턴트,26,남,12.0,19.0,34.0,12.0,23.0
9793,2593570,1287000,씨티 Premier카드,72.0,부산 해운대구,20,공무원,23,남,3.0,8.0,22.0,59.0,8.0
9794,1937064,1281000,롯데 DC카드,58.0,경기 고양시,30,마케팅,30,여,21.0,38.0,1.0,6.0,34.0
9795,3053702,1882000,삼성 taptap카드,80.0,서울 서초구,20,서비스직,24,여,3.0,2.0,36.0,52.0,7.0
9796,2060431,1600000,씨티 Premier카드,77.0,광주 서구,30,기획,32,여,7.0,44.0,7.0,7.0,35.0
9797,1656987,753000,SSG 랜더스카드,47.0,인천 남동구,30,공무원,32,남,11.0,68.0,3.0,13.0,5.0
9798,2255033,1600000,SSG 랜더스카드,63.0,경기 고양시,20,컨설턴트,26,남,13.0,13.0,61.0,1.0,12.0
9799,3099229,1594000,IBK 두드림카드,42.0,서울 마포구,20,영업,23,여,20.0,5.0,36.0,36.0,3.0
9800,2543226,957000,롯데 DC카드,63.0,경기 고양시,20,대학생,22,남,15.0,12.0,5.0,54.0,14.0
9801,2875545,1513000,우리 Young카드,56.0,울산 남구,30,영업,35,여,7.0,23.0,55.0,10.0,5.0
9802,2270692,2008000,삼성 taptap카드,52.0,인천 남동구,20,컨설턴트,22,여,20.0,12.0,33.0,1.0,34.0
9803,2423811,1686000,하나 Simple카드,65.0,세종,30,회계,33,여,21.0,58.0,9.0,8.0,4.0
9804,1918563,977000,NH 농협카드,72.0,서울 서초구,30,기획,39,남,21.0,5.0,18.0,52.0,4.0
9805,1120306,1265000,현대 ZERO카드,72.0,서울 관악구,20,공무원,24,여,16.0,2.0,65.0,2.0,15.0
9806,3137390,1302000,이마트 KB카드,66.0,인천 남동구,30,서비스직,35,남,2.0,9.0,16.0,50.0,23.0
9807,2906274,1461000,IBK 두드림카드,49.0,서울 노원구,20,생산직,22,여,39.0,16.0,5.0,24.0,16.0
9808,2422066,602000,SSG 랜더스카드,49.0,경기 수원시,20,서비스직,29,남,2.0,38.0,26.0,33.0,1.0
9809,2561799,1029000,현대 ZERO카드,40.0,서울 성동구,20,프리랜서,25,남,12.0,10.0,13.0,49.0,16.0
9810,3291858,1905000,롯데 DC카드,49.0,인천 남동구,30,서비스직,39,여,35.0,11.0,8.0,5.0,41.0
9811,2414383,1281000,토스카드,66.0,서울 노원구,20,프리랜서,25,남,0.0,17.0,9.0,69.0,5.0
9812,2188672,840000,SSG 랜더스카드,82.0,서울 성동구,20,회계,25,여,31.0,2.0,1.0,65.0,1.0
9813,2090737,1036000,우리 Young카드,59.0,경기 성남시,30,공무원,34,여,1.0,71.0,5.0,19.0,4.0
9814,3261106,1301000,카카오뱅크 체크,53.0,서울 동작구,20,간호사,25,여,7.0,26.0,21.0,2.0,44.0
9815,2763273,1631000,하나 Simple카드,53.0,인천 남동구,30,컨설턴트,32,여,56.0,15.0,7.0,17.0,5.0
9816,1778199,1050000,현대 ZERO카드,53.0,경기 수원시,20,디자이너,26,남,2.0,5.0,15.0,16.0,62.0
9817,1914416,1084000,신한 Deep카드,52.0,서울 동작구,30,연구원,36,여,50.0,2.0,14.0,8.0,26.0
9818,3877144,1844000,신한 Deep카드,45.0,서울 노원구,30,기획,30,남,5.0,35.0,28.0,2.0,30.0
9819,1731279,1413000,씨티 Premier카드,74.0,경기 수원시,20,공무원,23,남,18.0,31.0,20.0,12.0,19.0
9820,3426917,671000,IBK 두드림카드,85.0,경기 수원시,30,영업,32,여,23.0,22.0,6.0,16.0,33.0
9821,1000000,1217000,토스카드,42.0,세종,20,기획,28,남,2.0,4.0,14.0,73.0,7.0
9822,2961297,962000,신한 Deep카드,74.0,경기 수원시,20,프리랜서,22,여,47.0,3.0,3.0,6.0,41.0
9823,2493447,1175000,롯데 DC카드,71.0,서울 용산구,20,기획,29,여,48.0,4.0,31.0,10.0,7.0
9824,2559297,1236000,네이버페이 현대,81.0,서울 성동구,30,개발자,32,여,59.0,3.0,21.0,14.0,3.0
9825,2412270,984000,토스카드,42.0,경기 수원시,30,프리랜서,33,여,2.0,13.0,28.0,56.0,1.0
9826,4323510,2063000,신한 Deep카드,43.0,서울 송파구,30,회계,38,남,50.0,20.0,11.0,6.0,13.0
9827,2603529,1185000,이마트 KB카드,42.0,부산 해운대구,20,회계,27,여,1.0,45.0,9.0,17.0,28.0
9828,1798398,1506000,IBK 두드림카드,42.0,대전 유성구,20,서비스직,25,여,25.0,31.0,13.0,11.0,20.0
9829,1390545,1152000,KB 혜담카드,47.0,서울 강남구,20,기획,25,남,47.0,28.0,12.0,1.0,12.0
9830,2338648,1202000,토스카드,61.0,서울 용산구,20,간호사,28,남,16.0,11.0,19.0,14.0,40.0
9831,2499464,1137000,하나 Simple카드,85.0,경기 성남시,30,공무원,33,여,2.0,1.0,0.0,50.0,47.0
9832,1490065,1614000,이마트 KB카드,43.0,인천 남동구,20,컨설턴트,23,남,45.0,10.0,24.0,6.0,15.0
9833,2961224,1677000,삼성 taptap카드,69.0,서울 동작구,30,연구원,33,남,21.0,22.0,12.0,1.0,44.0
9834,2213032,1003000,NH 농협카드,74.0,광주 서구,30,프리랜서,36,여,3.0,4.0,26.0,62.0,5.0
9835,2254645,1885000,하나 Simple카드,58.0,대전 유성구,20,마케팅,21,여,23.0,56.0,5.0,10.0,6.0
9836,2862961,1458000,IBK 두드림카드,43.0,서울 송파구,30,공무원,39,여,6.0,2.0,52.0,36.0,4.0
9837,3246304,757000,우리 Young카드,46.0,서울 노원구,30,개발자,33,여,56.0,21.0,5.0,6.0,12.0
9838,2704444,1099000,KB 혜담카드,77.0,경기 수원시,20,회계,24,여,4.0,5.0,31.0,7.0,53.0
9839,2494991,964000,카카오뱅크 체크,59.0,서울 성동구,30,연구원,31,남,3.0,32.0,9.0,6.0,50.0
9840,3258240,1080000,씨티 Premier카드,61.0,서울 노원구,30,생산직,35,남,38.0,14.0,19.0,25.0,4.0
9841,2281553,1098000,롯데 DC카드,49.0,광주 서구,20,데이터분석가,28,남,10.0,43.0,10.0,37.0,0.0
9842,1833935,2324000,우리 Young카드,76.0,서울 서초구,30,회계,34,여,6.0,1.0,33.0,41.0,19.0
9843,3278762,1829000,KB 혜담카드,45.0,광주 서구,30,프리랜서,34,남,5.0,22.0,6.0,9.0,58.0
9844,4299670,784000,네이버페이 현대,45.0,서울 강동구,30,회계,36,남,18.0,17.0,18.0,30.0,17.0
9845,2266213,1147000,KB 혜담카드,51.0,서울 성동구,20,공무원,26,여,36.0,10.0,31.0,19.0,4.0
9846,1884072,751000,삼성 taptap카드,55.0,세종,30,간호사,32,남,6.0,6.0,13.0,2.0,73.0
9847,3021188,801000,신한 Deep카드,70.0,경기 수원시,30,서비스직,35,남,2.0,27.0,1.0,21.0,49.0
9848,1893143,1566000,NH 농협카드,81.0,서울 서초구,30,프리랜서,34,여,7.0,2.0,35.0,1.0,55.0
9849,2681802,1235000,IBK 두드림카드,52.0,서울 강동구,20,컨설턴트,28,남,13.0,44.0,2.0,11.0,30.0
9850,2512432,1090000,네이버페이 현대,80.0,서울 마포구,20,마케팅,28,남,49.0,13.0,29.0,7.0,2.0
9851,2880362,1147000,삼성 taptap카드,77.0,경기 성남시,30,생산직,35,남,2.0,6.0,31.0,30.0,31.0
9852,2084417,1025000,삼성 taptap카드,66.0,서울 관악구,20,데이터분석가,27,여,1.0,5.0,29.0,21.0,44.0
9853,2143882,1457000,하나 Simple카드,76.0,대구 수성구,20,개발자,29,여,3.0,56.0,33.0,6.0,2.0
9854,3005792,811000,삼성 taptap카드,76.0,대구 수성구,30,연구원,30,남,45.0,15.0,16.0,18.0,6.0
9855,2113882,1533000,롯데 DC카드,84.0,광주 서구,30,간호사,35,여,18.0,42.0,31.0,2.0,7.0
9856,2028572,1557000,롯데 DC카드,56.0,대구 수성구,30,프리랜서,35,남,10.0,12.0,1.0,55.0,22.0
9857,2819349,567000,삼성 taptap카드,83.0,서울 관악구,20,마케팅,29,여,3.0,15.0,30.0,1.0,51.0
9858,2730219,777000,네이버페이 현대,78.0,서울 서초구,30,프리랜서,32,남,10.0,43.0,38.0,2.0,7.0
9859,2333521,1447000,네이버페이 현대,54.0,경기 성남시,20,영업,26,여,0.0,16.0,33.0,40.0,11.0
9860,2642640,1542000,삼성 taptap카드,53.0,대구 수성구,30,공무원,35,여,20.0,12.0,6.0,7.0,55.0
9861,2411010,1036000,KB 혜담카드,73.0,서울 서초구,20,마케팅,29,여,39.0,26.0,2.0,7.0,26.0
9862,1663091,1240000,우리 Young카드,58.0,경기 고양시,20,공무원,29,남,71.0,0.0,12.0,17.0,0.0
9863,1412079,1209000,롯데 DC카드,42.0,서울 동작구,20,공무원,25,남,28.0,5.0,24.0,20.0,23.0
9864,2205653,1493000,KB 혜담카드,45.0,경기 고양시,30,생산직,30,여,32.0,4.0,25.0,22.0,17.0
9865,3276998,889000,토스카드,84.0,서울 노원구,30,컨설턴트,32,남,42.0,30.0,3.0,16.0,9.0
9866,2136025,659000,씨티 Premier카드,51.0,서울 관악구,30,생산직,34,여,5.0,25.0,4.0,26.0,40.0
9867,2322539,2150000,SSG 랜더스카드,48.0,서울 송파구,30,대학생,33,여,20.0,13.0,32.0,14.0,21.0
9868,3313648,931000,씨티 Premier카드,41.0,서울 용산구,20,간호사,26,여,61.0,32.0,3.0,0.0,4.0
9869,1327288,1517000,토스카드,42.0,서울 강동구,20,영업,24,남,53.0,3.0,17.0,7.0,20.0
9870,2122483,1354000,IBK 두드림카드,43.0,광주 서구,30,개발자,34,여,47.0,30.0,16.0,2.0,5.0
9871,3198302,1186000,우리 Young카드,77.0,서울 노원구,20,연구원,20,여,8.0,5.0,8.0,43.0,36.0
9872,2477700,1841000,네이버페이 현대,76.0,서울 노원구,30,공무원,30,여,26.0,63.0,5.0,2.0,4.0
9873,1897007,1411000,SSG 랜더스카드,49.0,대구 수성구,20,마케팅,24,남,1.0,7.0,42.0,41.0,9.0
9874,2834384,857000,IBK 두드림카드,74.0,서울 관악구,20,대학생,20,남,35.0,9.0,21.0,35.0,0.0
9875,2277615,1335000,토스카드,64.0,경기 수원시,20,데이터분석가,29,남,1.0,29.0,64.0,3.0,3.0
9876,2756184,1403000,이마트 KB카드,76.0,인천 남동구,30,연구원,33,남,59.0,3.0,8.0,19.0,11.0
9877,2596184,761000,토스카드,76.0,서울 관악구,30,회계,33,여,7.0,68.0,14.0,9.0,2.0
9878,2170945,1267000,네이버페이 현대,73.0,서울 서초구,30,연구원,33,여,6.0,6.0,24.0,25.0,39.0
9879,1741254,775000,카카오뱅크 체크,78.0,세종,20,마케팅,29,남,13.0,25.0,36.0,11.0,15.0
9880,2193201,1214000,롯데 DC카드,52.0,대전 유성구,20,개발자,29,여,32.0,30.0,29.0,1.0,8.0
9881,1744501,1345000,롯데 DC카드,84.0,서울 노원구,20,생산직,29,남,30.0,22.0,31.0,2.0,15.0
9882,2255346,1351000,네이버페이 현대,73.0,경기 성남시,20,디자이너,25,남,10.0,20.0,6.0,2.0,62.0
9883,2427203,1257000,NH 농협카드,82.0,경기 수원시,20,데이터분석가,22,남,15.0,22.0,42.0,7.0,14.0
9884,2676530,824000,NH 농협카드,73.0,서울 송파구,20,컨설턴트,28,남,0.0,2.0,10.0,17.0,71.0
9885,2813962,1936000,NH 농협카드,42.0,부산 해운대구,20,개발자,23,여,11.0,2.0,11.0,60.0,16.0
9886,2715984,732000,신한 Deep카드,67.0,울산 남구,30,공무원,30,남,45.0,35.0,7.0,13.0,0.0
9887,2499707,800000,현대 ZERO카드,50.0,서울 동작구,20,디자이너,29,여,1.0,69.0,14.0,2.0,14.0
9888,2496261,2020000,롯데 DC카드,77.0,인천 남동구,20,마케팅,29,남,3.0,46.0,4.0,39.0,8.0
9889,2663909,1085000,현대 ZERO카드,60.0,서울 노원구,30,생산직,38,여,12.0,4.0,8.0,30.0,46.0
9890,2010270,1039000,우리 Young카드,68.0,광주 서구,20,기획,20,남,5.0,15.0,8.0,11.0,61.0
9891,1735966,2034000,우리 Young카드,74.0,서울 노원구,20,영업,26,남,47.0,0.0,14.0,3.0,36.0
9892,3351401,800000,IBK 두드림카드,70.0,세종,30,연구원,33,남,10.0,45.0,10.0,23.0,12.0
9893,1805196,1036000,롯데 DC카드,85.0,서울 강남구,30,마케팅,35,남,27.0,1.0,19.0,20.0,33.0
9894,2812512,1113000,토스카드,47.0,대전 유성구,30,기획,30,남,18.0,66.0,7.0,1.0,8.0
9895,1223184,1267000,이마트 KB카드,78.0,서울 강동구,30,데이터분석가,30,여,51.0,8.0,4.0,21.0,16.0
9896,1581798,1351000,삼성 taptap카드,54.0,서울 동작구,20,생산직,26,여,18.0,6.0,47.0,25.0,4.0
9897,1811433,1457000,이마트 KB카드,72.0,서울 송파구,20,프리랜서,20,여,0.0,30.0,14.0,16.0,40.0
9898,3048362,1187000,네이버페이 현대,71.0,인천 남동구,30,디자이너,37,여,10.0,14.0,26.0,4.0,46.0
9899,2594054,953000,IBK 두드림카드,52.0,대구 수성구,20,기획,24,남,27.0,60.0,11.0,1.0,1.0
9900,1973032,2068000,현대 ZERO카드,50.0,인천 남동구,20,회계,24,남,4.0,47.0,44.0,4.0,1.0
9901,2864684,1450000,이마트 KB카드,64.0,서울 강동구,30,개발자,32,여,21.0,4.0,16.0,45.0,14.0
9902,2943811,648000,현대 ZERO카드,65.0,대전 유성구,30,디자이너,33,여,17.0,19.0,10.0,4.0,50.0
9903,2169667,1558000,카카오뱅크 체크,69.0,경기 수원시,20,영업,26,여,4.0,10.0,18.0,61.0,7.0
9904,1807810,1080000,씨티 Premier카드,61.0,서울 노원구,30,생산직,35,여,38.0,14.0,19.0,25.0,4.0
9905,2146043,1522000,이마트 KB카드,84.0,서울 서초구,20,개발자,23,남,16.0,32.0,32.0,7.0,13.0
9906,2201053,1600000,SSG 랜더스카드,63.0,경기 고양시,20,컨설턴트,26,남,13.0,13.0,61.0,1.0,12.0
9907,2137281,1552000,IBK 두드림카드,74.0,울산 남구,30,마케팅,37,남,39.0,35.0,3.0,16.0,7.0
9908,3256932,1305000,카카오뱅크 체크,66.0,서울 관악구,30,생산직,33,남,9.0,20.0,23.0,0.0,48.0
9909,2389905,1869000,하나 Simple카드,81.0,경기 고양시,20,프리랜서,29,남,15.0,4.0,22.0,29.0,30.0
9910,2472521,1744000,씨티 Premier카드,56.0,서울 용산구,20,기획,21,남,21.0,19.0,26.0,9.0,25.0
9911,2389461,668000,하나 Simple카드,42.0,서울 동작구,20,개발자,29,여,16.0,15.0,2.0,16.0,51.0
9912,2614921,916000,NH 농협카드,41.0,경기 성남시,20,개발자,29,여,51.0,16.0,6.0,25.0,2.0
9913,2160335,2249000,우리 Young카드,46.0,서울 노원구,20,공무원,25,여,39.0,1.0,38.0,13.0,9.0
9914,2600892,659000,씨티 Premier카드,51.0,서울 관악구,30,생산직,34,여,5.0,25.0,4.0,26.0,40.0
9915,2721581,1311000,현대 ZERO카드,66.0,인천 남동구,30,회계,33,남,19.0,7.0,20.0,46.0,8.0
9916,2590850,769000,현대 ZERO카드,53.0,인천 남동구,30,기획,33,남,36.0,14.0,45.0,4.0,1.0
9917,3169124,973000,네이버페이 현대,72.0,경기 성남시,30,기획,34,여,16.0,13.0,16.0,27.0,28.0
9918,1228115,1788000,SSG 랜더스카드,43.0,서울 서초구,20,개발자,22,남,2.0,22.0,30.0,37.0,9.0
9919,3613731,1572000,하나 Simple카드,45.0,경기 성남시,30,생산직,33,남,0.0,12.0,56.0,15.0,17.0
9920,1939729,737000,씨티 Premier카드,66.0,대전 유성구,20,데이터분석가,26,남,6.0,69.0,13.0,1.0,11.0
9921,2474973,588000,롯데 DC카드,44.0,세종,30,생산직,33,남,13.0,22.0,9.0,37.0,19.0
9922,2380788,2017000,SSG 랜더스카드,45.0,서울 마포구,20,생산직,29,여,25.0,6.0,34.0,24.0,11.0
9923,1505195,1230000,우리 Young카드,66.0,서울 송파구,20,개발자,23,남,0.0,18.0,60.0,3.0,19.0
9924,2091988,1120000,현대 ZERO카드,51.0,서울 강동구,30,생산직,35,여,5.0,62.0,1.0,5.0,27.0
9925,1825430,514000,롯데 DC카드,82.0,서울 성동구,20,서비스직,28,여,7.0,28.0,20.0,10.0,35.0
9926,2845021,906000,이마트 KB카드,62.0,인천 남동구,30,기획,30,남,11.0,2.0,37.0,0.0,50.0
9927,1847931,1166000,카카오뱅크 체크,69.0,경기 성남시,20,생산직,24,남,12.0,26.0,26.0,1.0,35.0
9928,3050559,1397000,롯데 DC카드,53.0,서울 관악구,20,연구원,22,남,25.0,33.0,26.0,14.0,2.0
9929,3148508,627000,SSG 랜더스카드,71.0,광주 서구,20,마케팅,29,남,8.0,0.0,33.0,12.0,47.0
9930,1239003,1471000,카카오뱅크 체크,82.0,대전 유성구,20,서비스직,20,여,17.0,19.0,29.0,7.0,28.0
9931,2772161,1963000,삼성 taptap카드,85.0,경기 수원시,30,대학생,36,여,10.0,17.0,10.0,17.0,46.0
9932,2679331,970000,하나 Simple카드,61.0,경기 고양시,20,마케팅,28,여,25.0,11.0,6.0,48.0,10.0
9933,2521492,974000,삼성 taptap카드,46.0,대전 유성구,20,데이터분석가,27,남,35.0,23.0,14.0,14.0,14.0
9934,1920943,1216000,KB 혜담카드,76.0,광주 서구,20,회계,23,여,32.0,29.0,4.0,21.0,14.0
9935,2377952,1645000,하나 Simple카드,68.0,울산 남구,30,연구원,33,여,5.0,14.0,38.0,1.0,42.0
9936,2476207,605000,이마트 KB카드,59.0,부산 해운대구,30,마케팅,36,남,54.0,2.0,3.0,19.0,22.0
9937,2289867,1238000,우리 Young카드,77.0,서울 용산구,30,기획,34,여,3.0,1.0,26.0,53.0,17.0
9938,1645017,821000,삼성 taptap카드,84.0,서울 송파구,20,마케팅,29,남,0.0,9.0,12.0,9.0,70.0
9939,2442605,2242000,KB 혜담카드,41.0,대전 유성구,30,데이터분석가,37,여,79.0,12.0,5.0,3.0,1.0
9940,1748599,711000,토스카드,58.0,서울 마포구,30,프리랜서,30,여,30.0,4.0,24.0,38.0,4.0
9941,2859905,2259000,롯데 DC카드,50.0,서울 관악구,30,컨설턴트,30,남,7.0,14.0,1.0,77.0,1.0
9942,1625709,1043000,KB 혜담카드,84.0,울산 남구,20,공무원,25,여,6.0,65.0,21.0,2.0,6.0
9943,3144771,2019000,토스카드,74.0,광주 서구,30,서비스직,32,남,23.0,7.0,7.0,18.0,45.0
9944,1910290,970000,카카오뱅크 체크,50.0,대전 유성구,20,서비스직,26,남,25.0,30.0,0.0,18.0,27.0
9945,2645290,1164000,하나 Simple카드,54.0,대구 수성구,30,기획,34,여,26.0,26.0,13.0,18.0,17.0
9946,2790790,1126000,카카오뱅크 체크,62.0,서울 노원구,20,기획,25,여,16.0,43.0,17.0,13.0,11.0
9947,4112612,550000,현대 ZERO카드,62.0,서울 용산구,30,개발자,31,남,8.0,13.0,28.0,15.0,36.0
9948,1230396,1084000,하나 Simple카드,45.0,세종,30,디자이너,37,남,5.0,51.0,15.0,27.0,2.0
9949,2416064,1083000,이마트 KB카드,81.0,서울 성동구,30,대학생,31,남,3.0,50.0,40.0,1.0,6.0
9950,2098456,997000,씨티 Premier카드,64.0,서울 관악구,20,컨설턴트,26,남,43.0,8.0,31.0,1.0,17.0
9951,2480163,2066000,카카오뱅크 체크,40.0,광주 서구,20,기획,28,여,9.0,11.0,22.0,38.0,20.0
9952,1424822,884000,씨티 Premier카드,52.0,서울 강동구,20,공무원,29,여,10.0,37.0,1.0,42.0,10.0
9953,2008953,712000,네이버페이 현대,84.0,경기 수원시,30,프리랜서,34,여,33.0,17.0,41.0,2.0,7.0
9954,3091250,1015000,씨티 Premier카드,55.0,경기 수원시,30,영업,38,남,29.0,9.0,22.0,13.0,27.0
9955,2292444,1301000,네이버페이 현대,62.0,서울 동작구,20,연구원,26,여,4.0,76.0,13.0,6.0,1.0
9956,3264332,1097000,네이버페이 현대,51.0,대구 수성구,30,개발자,30,남,49.0,8.0,37.0,2.0,4.0
9957,2471837,828000,씨티 Premier카드,59.0,서울 강남구,20,회계,27,여,43.0,5.0,11.0,33.0,8.0
9958,2669297,1177000,SSG 랜더스카드,48.0,서울 노원구,30,연구원,35,여,3.0,16.0,4.0,24.0,53.0
9959,2596827,793000,신한 Deep카드,78.0,경기 성남시,30,프리랜서,35,여,58.0,17.0,13.0,6.0,6.0
9960,3039017,1533000,신한 Deep카드,55.0,대전 유성구,30,영업,39,남,15.0,1.0,20.0,32.0,32.0
9961,3465334,1084000,하나 Simple카드,45.0,세종,30,디자이너,37,남,5.0,51.0,15.0,27.0,2.0
9962,1432474,1164000,토스카드,60.0,경기 수원시,30,영업,32,남,10.0,13.0,21.0,16.0,40.0
9963,3272166,1718000,SSG 랜더스카드,56.0,서울 마포구,30,대학생,31,여,7.0,18.0,26.0,19.0,30.0
9964,1456862,1009000,SSG 랜더스카드,45.0,서울 강남구,30,데이터분석가,31,남,6.0,15.0,51.0,8.0,20.0
9965,1710419,1211000,KB 혜담카드,63.0,서울 강동구,20,데이터분석가,25,남,2.0,24.0,3.0,33.0,38.0
9966,2136619,911000,롯데 DC카드,78.0,서울 강동구,20,마케팅,27,남,46.0,8.0,9.0,37.0,0.0
9967,2836306,1285000,NH 농협카드,82.0,서울 송파구,30,마케팅,30,여,13.0,16.0,58.0,6.0,7.0
9968,1000000,1213000,네이버페이 현대,77.0,서울 송파구,20,데이터분석가,25,남,22.0,0.0,36.0,2.0,40.0
9969,2235937,1882000,삼성 taptap카드,80.0,서울 서초구,20,서비스직,24,여,3.0,2.0,36.0,52.0,7.0
9970,2896197,1915000,NH 농협카드,52.0,서울 관악구,30,대학생,38,여,28.0,18.0,20.0,12.0,22.0
9971,2747259,1003000,IBK 두드림카드,62.0,대구 수성구,20,생산직,21,여,6.0,9.0,1.0,75.0,9.0
9972,2511869,1461000,하나 Simple카드,41.0,세종,30,공무원,37,남,33.0,13.0,37.0,1.0,16.0
9973,2099582,1034000,토스카드,58.0,인천 남동구,20,영업,27,남,8.0,12.0,17.0,1.0,62.0
